{
"type": "FeatureCollection",
"name": "kab_5207_nov2025_1",
"crs": { "type": "name", "properties": { "name": "urn:ogc:def:crs:OGC:1.3:CRS84" } },
"features": [
{ "type": "Feature", "properties": { "gid": 331135, "luas": 0.096269638178295994, "kdkab": "07", "nmkab": "SUMBAWA BARAT", "kdprov": "52", "nmprov": "NUSA TENGGARA BARAT", "sumber": "BPS", "periode": "2025_1", "idkab": "5207" }, "geometry": { "type": "MultiPolygon", "coordinates": [ [ [ [ 116.992647816000158, -9.089975773999925 ], [ 116.992632603000061, -9.089998807999905 ], [ 116.99262246100011, -9.090020838999919 ], [ 116.992616376, -9.090051883999934 ], [ 116.992613334, -9.090070911999874 ], [ 116.992604206000124, -9.090099953999925 ], [ 116.992601164, -9.090115976999925 ], [ 116.992557553999973, -9.090187079999907 ], [ 116.992512929999975, -9.090217122999945 ], [ 116.992464249000136, -9.090239154999949 ], [ 116.992458164000141, -9.090243160999933 ], [ 116.992370943999958, -9.090235148999909 ], [ 116.992306035999945, -9.090215119999925 ], [ 116.992257355000106, -9.090181070999961 ], [ 116.992186361999984, -9.090106963999858 ], [ 116.992141737999987, -9.090042870999866 ], [ 116.992127539999956, -9.089988792999861 ], [ 116.992115369999965, -9.089960752999957 ], [ 116.992095086000063, -9.089929707999943 ], [ 116.992055533000098, -9.089903669999899 ], [ 116.99203017800005, -9.089886645999911 ], [ 116.992008880000071, -9.089865614999951 ], [ 116.991996709999967, -9.08982355399985 ], [ 116.992005837999955, -9.089800520999916 ], [ 116.992016166000099, -9.089780123999901 ], [ 116.992036263000045, -9.089752951999856 ], [ 116.992050969000047, -9.089741935999939 ], [ 116.992066689000126, -9.089738931999875 ], [ 116.992084437000017, -9.089741435999883 ], [ 116.992106242000091, -9.089748945999929 ], [ 116.992118793000031, -9.089754249999885 ], [ 116.992133624999951, -9.089770226999917 ], [ 116.992156613000134, -9.089786249999861 ], [ 116.99220394200006, -9.089788920999922 ], [ 116.992240452000033, -9.089782244999924 ], [ 116.992272906000039, -9.089780908999955 ], [ 116.992308064000099, -9.089772897999921 ], [ 116.99234728, -9.089772897999921 ], [ 116.992387847000032, -9.089779573999863 ], [ 116.992436528000098, -9.089771562999886 ], [ 116.992470334000018, -9.089764885999898 ], [ 116.992500083000095, -9.089750197999933 ], [ 116.992521719000138, -9.089732839999897 ], [ 116.99252712800012, -9.089711475999934 ], [ 116.992524424000067, -9.089683434999927 ], [ 116.992520367, -9.089655394999909 ], [ 116.992519013000106, -9.089653349999878 ], [ 116.992519015000084, -9.089630942999918 ], [ 116.99251056300011, -9.08959088499995 ], [ 116.992487575000155, -9.089554831999919 ], [ 116.99247540500005, -9.089533467999956 ], [ 116.992465939000112, -9.089496080999936 ], [ 116.99247540500005, -9.089472045999912 ], [ 116.992484871000102, -9.089465369999914 ], [ 116.992506506000041, -9.089460028999895 ], [ 116.992548426000099, -9.089468039999929 ], [ 116.99260386800006, -9.08951610999992 ], [ 116.992625504000102, -9.089534802999935 ], [ 116.992630913000085, -9.089550826999925 ], [ 116.99263767399998, -9.08957486099996 ], [ 116.992640379000022, -9.089594889999944 ], [ 116.992644170999938, -9.08962179599996 ], [ 116.992639703000123, -9.089662320999935 ], [ 116.992630575000021, -9.089691362999929 ], [ 116.992631588999984, -9.089713394999876 ], [ 116.99263666000013, -9.08974844599993 ], [ 116.99263767399998, -9.089767472999938 ], [ 116.992642745000012, -9.089794511999855 ], [ 116.992659986000149, -9.089816543999916 ], [ 116.992686355000046, -9.089828561999923 ], [ 116.992701331000035, -9.089831871999934 ], [ 116.992716781000127, -9.089842080999858 ], [ 116.992727937000154, -9.089853096999889 ], [ 116.992736556999944, -9.089870621999921 ], [ 116.992740614000013, -9.089886144999866 ], [ 116.992738585999973, -9.089903168999854 ], [ 116.992730979000044, -9.089919692999899 ], [ 116.992722359000027, -9.089934714999913 ], [ 116.992711843000052, -9.089945207999961 ], [ 116.99268432700012, -9.089949736999927 ], [ 116.992661, -9.089957747999961 ], [ 116.992647816000158, -9.089975773999925 ] ] ], [ [ [ 116.734747628000036, -8.976060560999883 ], [ 116.734782787000086, -8.976108645999943 ], [ 116.734811184000023, -8.976147380999862 ], [ 116.7348409330001, -8.976178101999949 ], [ 116.734873387000107, -8.976211493999926 ], [ 116.73490313700006, -8.976231528999904 ], [ 116.734926125000015, -8.976252899999906 ], [ 116.734957226, -8.976279613999907 ], [ 116.734986975999959, -8.976307662999886 ], [ 116.735019429999966, -8.976334376999887 ], [ 116.735031599999957, -8.976354411999864 ], [ 116.735038361000079, -8.97638646799993 ], [ 116.735039713, -8.976415853999868 ], [ 116.735039713, -8.976456591999863 ], [ 116.735040389, -8.97646727699987 ], [ 116.735035657000026, -8.9764846409999 ], [ 116.735023486000159, -8.976492654999959 ], [ 116.735007258999985, -8.976497997999957 ], [ 116.735001230999956, -8.97649998299994 ], [ 116.734984947000044, -8.976505343999918 ], [ 116.734957226, -8.976522039999907 ], [ 116.734914631000152, -8.97655075799986 ], [ 116.73488961399994, -8.976568120999957 ], [ 116.734868654000138, -8.976584149999951 ], [ 116.734841609000114, -8.976591495999855 ], [ 116.734801042000072, -8.976596838999853 ], [ 116.734754390000035, -8.976594166999917 ], [ 116.734715851000033, -8.9765814779999 ], [ 116.73468001599997, -8.976566785999864 ], [ 116.734648914000104, -8.976552760999937 ], [ 116.734616460999973, -8.97652871899993 ], [ 116.734573189000116, -8.976501336999945 ], [ 116.734537354000054, -8.976476626999954 ], [ 116.734455542999967, -8.976429209999935 ], [ 116.73440982, -8.976396950999913 ], [ 116.734408215000144, -8.976395817999901 ], [ 116.734373055999981, -8.976367768999921 ], [ 116.734348716000113, -8.976323690999891 ], [ 116.734347363999973, -8.976274270999909 ], [ 116.734348716000113, -8.9762422149999 ], [ 116.734344659000044, -8.976208821999933 ], [ 116.734335194000096, -8.976178101999949 ], [ 116.734320319000176, -8.976144709999915 ], [ 116.734316262000107, -8.976096624999855 ], [ 116.734324376000018, -8.976065903999881 ], [ 116.734337654000115, -8.976023649999945 ], [ 116.734375761000138, -8.975924321999912 ], [ 116.734428499000046, -8.975873565999905 ], [ 116.734475827000097, -8.975848186999883 ], [ 116.734533973999987, -8.975840172999938 ], [ 116.734596177000071, -8.975857536999911 ], [ 116.734629983, -8.975884250999854 ], [ 116.734638097000129, -8.975909628999943 ], [ 116.734671903000049, -8.975940349999917 ], [ 116.7347003000001, -8.975972405999869 ], [ 116.734721936000028, -8.976016483999956 ], [ 116.734747628000036, -8.976060560999883 ] ] ], [ [ [ 116.734541411000123, -8.974573940999903 ], [ 116.734529241000018, -8.974631375999934 ], [ 116.734495435000099, -8.974679460999937 ], [ 116.734462981000092, -8.974742237999862 ], [ 116.734431879, -8.97478230899992 ], [ 116.734404158000075, -8.974843749999934 ], [ 116.734385903000089, -8.974892502999865 ], [ 116.734377789000064, -8.974955947999888 ], [ 116.734352772999955, -8.975020060999952 ], [ 116.734352772999955, -8.975064138999869 ], [ 116.734366295000086, -8.975104209999927 ], [ 116.734379817999979, -8.975149622999936 ], [ 116.734378464999963, -8.975208392999889 ], [ 116.734369, -8.975233771999854 ], [ 116.734332489000053, -8.975275177999947 ], [ 116.734272990000022, -8.975299219999954 ], [ 116.734199968999974, -8.975327269999866 ], [ 116.734094494000033, -8.975335283999925 ], [ 116.734034995, -8.975315247999959 ], [ 116.733966031000136, -8.97526182099989 ], [ 116.733925463, -8.975196371999914 ], [ 116.733898417999967, -8.975149622999936 ], [ 116.733897066000054, -8.97509085299987 ], [ 116.733926816, -8.975045438999928 ], [ 116.733953860000156, -8.974998689999893 ], [ 116.73397955300004, -8.974967969999909 ], [ 116.734005246000152, -8.974938583999858 ], [ 116.734028234, -8.97489584199991 ], [ 116.734055279000017, -8.974866456999848 ], [ 116.734066097000095, -8.974846421999871 ], [ 116.734064744999955, -8.974826385999904 ], [ 116.734055279000017, -8.974822378999932 ], [ 116.734036347000142, -8.974826385999904 ], [ 116.734006598000065, -8.974858442999903 ], [ 116.733994428000074, -8.974881149999931 ], [ 116.733955212999945, -8.974903855999912 ], [ 116.733901123000123, -8.974901184999908 ], [ 116.733828101999961, -8.974894506999874 ], [ 116.73374273100012, -8.974862340999948 ], [ 116.733720598, -8.974843749999934 ], [ 116.733708428, -8.974824382999941 ], [ 116.733707751999987, -8.97480434799985 ], [ 116.733703019000018, -8.974784311999883 ], [ 116.733703019000018, -8.974764276999849 ], [ 116.733703695000145, -8.974748915999896 ], [ 116.733704371000158, -8.974732887999892 ], [ 116.733714257000088, -8.974702962999913 ], [ 116.733794470000021, -8.974598712999921 ], [ 116.733865965000064, -8.974570601999915 ], [ 116.733945747, -8.974555908999946 ], [ 116.734120187000144, -8.974522516999912 ], [ 116.734185094000054, -8.974502481999934 ], [ 116.734254735000036, -8.974481777999927 ], [ 116.734310177, -8.97448845699995 ], [ 116.734417004000079, -8.974500477999868 ], [ 116.734503548000134, -8.974528527999951 ], [ 116.734541411000123, -8.974573940999903 ] ] ], [ [ [ 116.811096189999944, -8.815944669999908 ], [ 116.81095123, -8.815723419999927 ], [ 116.810943610000095, -8.81558704999992 ], [ 116.811027520000039, -8.815364839999916 ], [ 116.811164860000076, -8.815173159999858 ], [ 116.811233530000095, -8.815077769999959 ], [ 116.811325070000066, -8.815044409999928 ], [ 116.811370850000117, -8.815098759999898 ], [ 116.811439520000022, -8.815173159999858 ], [ 116.811538700000142, -8.815179809999961 ], [ 116.811698920000026, -8.815137859999936 ], [ 116.811776055999985, -8.81517321899986 ], [ 116.811791854000148, -8.81526787599995 ], [ 116.811869156000057, -8.815368765999949 ], [ 116.811950832999969, -8.81541488799985 ], [ 116.811984379000137, -8.815473980999855 ], [ 116.812007714999936, -8.815535955999849 ], [ 116.811990213000058, -8.815595048999853 ], [ 116.811972711000067, -8.815638287999946 ], [ 116.811923121000063, -8.815681525999878 ], [ 116.811901242999966, -8.815727647999893 ], [ 116.811905618999958, -8.815796829999954 ], [ 116.811931872000173, -8.815845833999902 ], [ 116.811982920000105, -8.815887630999896 ], [ 116.812039803000062, -8.815917897999896 ], [ 116.812105436000138, -8.815942399999926 ], [ 116.812165236000055, -8.815975549999905 ], [ 116.812230869000132, -8.816017346999956 ], [ 116.812276083000143, -8.816040407999935 ], [ 116.81233588300006, -8.81606202699993 ], [ 116.812404433000097, -8.816070674999935 ], [ 116.812435062000077, -8.816070674999935 ], [ 116.812481735000119, -8.816070674999935 ], [ 116.812576539000133, -8.816027435999899 ], [ 116.812692639000147, -8.816073996999876 ], [ 116.812721809999971, -8.816186416999926 ], [ 116.812794736000114, -8.816373784999882 ], [ 116.812807862, -8.816513589999943 ], [ 116.812749521, -8.816578447999859 ], [ 116.812644507999948, -8.816669248999915 ], [ 116.812532202000057, -8.816721134999852 ], [ 116.812485529000014, -8.816797522999877 ], [ 116.812459276000027, -8.816847967999877 ], [ 116.81238343300015, -8.816935886999943 ], [ 116.812325092000151, -8.816950299999917 ], [ 116.812225912000144, -8.81694021099986 ], [ 116.812104855000143, -8.816935886999943 ], [ 116.811868575000176, -8.816878234999876 ], [ 116.811759950000123, -8.816859239999928 ], [ 116.81167602000005, -8.816905979999945 ], [ 116.8115616, -8.816937459999906 ], [ 116.811279280000122, -8.816880229999867 ], [ 116.81121063, -8.816803939999943 ], [ 116.81119536999995, -8.816696169999943 ], [ 116.81121827000004, -8.816267 ], [ 116.811157220000155, -8.816206919999956 ], [ 116.811080930000116, -8.816149709999934 ], [ 116.811103809999963, -8.816017159999944 ], [ 116.811096189999944, -8.815944669999908 ] ] ], [ [ [ 116.800957830000016, -8.806170849999887 ], [ 116.801115949999939, -8.806047109999895 ], [ 116.801346250000051, -8.806019609999908 ], [ 116.80146656, -8.806084919999932 ], [ 116.801538739999955, -8.806167419999895 ], [ 116.801604050000037, -8.806246479999857 ], [ 116.801583429999937, -8.806363339999848 ], [ 116.801573110000163, -8.806476769999904 ], [ 116.801531869999963, -8.806597080000017 ], [ 116.801445930000114, -8.806734569999946 ], [ 116.801239690000102, -8.806765509999934 ], [ 116.801098760000173, -8.806744889999891 ], [ 116.80100252, -8.806696759999909 ], [ 116.800957830000016, -8.806638329999942 ], [ 116.800909540000134, -8.806574949999856 ], [ 116.800902840000049, -8.806566139999916 ], [ 116.800858149999954, -8.806497399999955 ], [ 116.80084783999996, -8.806383969999956 ], [ 116.800906320000081, -8.80627066999989 ], [ 116.800957830000016, -8.806170849999887 ] ] ], [ [ [ 116.713601, -8.748963269999933 ], [ 116.713898560000075, -8.74904241999991 ], [ 116.714516539999977, -8.748928009999929 ], [ 116.715462600000137, -8.748964279999882 ], [ 116.716065300000082, -8.749076799999955 ], [ 116.716469650000136, -8.749048199999891 ], [ 116.716790110000034, -8.748986239999851 ], [ 116.717095279999967, -8.748997679999889 ], [ 116.717125800000076, -8.748993859999928 ], [ 116.717278370000031, -8.748969079999938 ], [ 116.717492, -8.748869899999931 ], [ 116.717774300000087, -8.748700139999869 ], [ 116.717987930000163, -8.748662949999925 ], [ 116.718216810000058, -8.748616239999876 ], [ 116.718521970000097, -8.748432169999944 ], [ 116.718727980000153, -8.748312969999915 ], [ 116.71891107, -8.748302479999836 ], [ 116.71909418000007, -8.748358749999909 ], [ 116.719300159999989, -8.748490359999948 ], [ 116.719742670000073, -8.748822259999883 ], [ 116.719826590000025, -8.748998679999886 ], [ 116.71991813, -8.74941828999988 ], [ 116.71997153999996, -8.749735869999881 ], [ 116.72000965999996, -8.750101129999905 ], [ 116.720070699999951, -8.750742009999897 ], [ 116.719971510000164, -8.751065299999937 ], [ 116.719902840000145, -8.751120619999881 ], [ 116.719620560000067, -8.751131079999936 ], [ 116.71947558, -8.751223589999881 ], [ 116.719010190000176, -8.751568819999932 ], [ 116.718956769999977, -8.751591709999957 ], [ 116.71870501, -8.751627929999927 ], [ 116.718262520000167, -8.751678459999937 ], [ 116.717746620000071, -8.751499189999947 ], [ 116.717487369999958, -8.751549 ], [ 116.717417560000058, -8.751756709999938 ], [ 116.717197010000064, -8.75179500999991 ], [ 116.71714678, -8.751718029999836 ], [ 116.717088829999966, -8.751602569999875 ], [ 116.716976639999984, -8.751587089999816 ], [ 116.716845060000082, -8.751633159999926 ], [ 116.716489130000127, -8.751625209999872 ], [ 116.716009400000075, -8.751601759999915 ], [ 116.715854620000073, -8.751643969999918 ], [ 116.71573859, -8.751578479999921 ], [ 116.715224390000117, -8.751504909999881 ], [ 116.714941139999951, -8.75135768999985 ], [ 116.71464858000013, -8.751332969999851 ], [ 116.714556189999939, -8.751317589999928 ], [ 116.714531589999979, -8.751262439999891 ], [ 116.71451933000003, -8.751188909999939 ], [ 116.714510160000032, -8.751109279999923 ], [ 116.714483760000121, -8.75096096999988 ], [ 116.71447371, -8.750829839999881 ], [ 116.714514399999985, -8.750688649999915 ], [ 116.714473969999972, -8.750486859999853 ], [ 116.714291460000027, -8.750395939999862 ], [ 116.714088599999968, -8.750375609999878 ], [ 116.713835059999951, -8.750304809999875 ], [ 116.71360181, -8.75023401999988 ], [ 116.713429410000117, -8.75018345999996 ], [ 116.713196189999962, -8.750062239999863 ], [ 116.712952800000153, -8.749991439999917 ], [ 116.712709440000026, -8.74987020999987 ], [ 116.712405340000146, -8.74960770999985 ], [ 116.711989760000165, -8.749203909999949 ], [ 116.71165515000007, -8.749042259999953 ], [ 116.711543680000091, -8.748880779999922 ], [ 116.71166562999997, -8.748598419999894 ], [ 116.711797660000116, -8.748386689999961 ], [ 116.71211209, -8.74840710999996 ], [ 116.712264180000147, -8.748498009999935 ], [ 116.712441350000063, -8.7487066999999 ], [ 116.712555790000124, -8.748757259999934 ], [ 116.713127980000081, -8.748792549999905 ], [ 116.71337214000016, -8.748910799999919 ], [ 116.713601, -8.748963269999933 ] ] ], [ [ [ 116.771560690000115, -8.710530279999887 ], [ 116.77136231999998, -8.710814469999946 ], [ 116.770797720000019, -8.711528779999924 ], [ 116.770362850000083, -8.711921679999932 ], [ 116.770256030000155, -8.712020869999947 ], [ 116.769737250000048, -8.712405199999864 ], [ 116.769477850000044, -8.712423309999849 ], [ 116.769050600000014, -8.712375659999907 ], [ 116.768676750000054, -8.712276469999949 ], [ 116.76825714000006, -8.712060909999877 ], [ 116.768119820000152, -8.71192549999995 ], [ 116.768020640000032, -8.711690909999902 ], [ 116.768028250000043, -8.711543079999956 ], [ 116.768081670000015, -8.711225519999857 ], [ 116.767967219999946, -8.7107000499999 ], [ 116.76806640999996, -8.710387209999851 ], [ 116.768463150000116, -8.709352489999958 ], [ 116.768653860000086, -8.70904349999995 ], [ 116.76870727000005, -8.708943369999929 ], [ 116.768943790000094, -8.708516139999858 ], [ 116.769256580000047, -8.707994459999952 ], [ 116.769760120000115, -8.707355509999957 ], [ 116.770339980000131, -8.706739409999955 ], [ 116.77072905, -8.706407549999938 ], [ 116.771133410000061, -8.706181509999851 ], [ 116.771476740000026, -8.706104279999863 ], [ 116.77182007, -8.706092849999891 ], [ 116.772384640000041, -8.706147179999959 ], [ 116.772598270000117, -8.706247329999883 ], [ 116.772804250000149, -8.706431389999921 ], [ 116.773376470000017, -8.707070339999859 ], [ 116.773620609999966, -8.707549099999881 ], [ 116.773590089999971, -8.707722659999945 ], [ 116.77345275000016, -8.708059309999896 ], [ 116.773246770000128, -8.708366389999924 ], [ 116.773002620000057, -8.708615299999906 ], [ 116.772766120000142, -8.708771689999935 ], [ 116.772567750000121, -8.708823219999942 ], [ 116.772239680000098, -8.708888049999928 ], [ 116.772117620000131, -8.709024419999935 ], [ 116.772018440000124, -8.709235200000023 ], [ 116.771873480000068, -8.709753989999854 ], [ 116.7718582, -8.709803559999898 ], [ 116.771560690000115, -8.710530279999887 ] ] ], [ [ [ 116.771034230000055, -8.689126019999946 ], [ 116.770858750000116, -8.689164149999954 ], [ 116.770591739999986, -8.689175609999836 ], [ 116.769866950000051, -8.689434979999817 ], [ 116.769699100000025, -8.689485539999907 ], [ 116.769477850000044, -8.689462649999882 ], [ 116.769401540000104, -8.689411169999914 ], [ 116.769378670000037, -8.689260479999859 ], [ 116.769447340000056, -8.688935289999961 ], [ 116.76969148000012, -8.688343029999885 ], [ 116.769866950000051, -8.687990199999888 ], [ 116.769966139999951, -8.687845239999888 ], [ 116.77037049, -8.687905329999921 ], [ 116.770843520000085, -8.687801379999939 ], [ 116.771041869999976, -8.687758439999925 ], [ 116.771141049999983, -8.687778479999906 ], [ 116.771247850000123, -8.687900539999873 ], [ 116.771316520000141, -8.688097939999864 ], [ 116.771270750000099, -8.688197129999878 ], [ 116.77120208000008, -8.68826673999996 ], [ 116.771179180000104, -8.68887328999989 ], [ 116.771125790000156, -8.689021099999934 ], [ 116.771034230000055, -8.689126019999946 ] ] ], [ [ [ 116.729515070000048, -8.684017179999898 ], [ 116.729385370000159, -8.684128769999916 ], [ 116.729339600000117, -8.684239389999902 ], [ 116.729461660000084, -8.684375769999917 ], [ 116.729545590000043, -8.685027119999859 ], [ 116.729476920000025, -8.685109139999895 ], [ 116.72874451000007, -8.685928349999926 ], [ 116.728347770000028, -8.686289779999925 ], [ 116.728286740000158, -8.686359399999901 ], [ 116.728065499999957, -8.686633109999889 ], [ 116.728004450000071, -8.686762809999948 ], [ 116.727958670000021, -8.686875339999858 ], [ 116.72778320000009, -8.686998369999912 ], [ 116.727432229999977, -8.687294959999861 ], [ 116.726791400000025, -8.687623009999925 ], [ 116.72666167, -8.687643049999906 ], [ 116.726478589999942, -8.687642109999956 ], [ 116.726280220000035, -8.687800409999909 ], [ 116.726173410000115, -8.687849039999946 ], [ 116.725921630000016, -8.68779086 ], [ 116.725791930000014, -8.687751759999912 ], [ 116.725677489999953, -8.687826139999913 ], [ 116.725547790000064, -8.687979699999914 ], [ 116.725563070000021, -8.688033089999919 ], [ 116.725593580000123, -8.688062659999957 ], [ 116.725540170000158, -8.688228609999896 ], [ 116.725456240000085, -8.688294399999961 ], [ 116.725105269999972, -8.688252449999936 ], [ 116.72497556999997, -8.688154229999896 ], [ 116.7243042, -8.687810909999939 ], [ 116.724243170000136, -8.687772749999851 ], [ 116.724327069999958, -8.687500969999917 ], [ 116.724380490000044, -8.687350260000017 ], [ 116.724441540000157, -8.687191979999852 ], [ 116.72448729000007, -8.687078479999911 ], [ 116.72449493, -8.686985019999952 ], [ 116.724365250000119, -8.686882019999871 ], [ 116.724174500000117, -8.686718949999886 ], [ 116.724166879999984, -8.686660769999946 ], [ 116.724243170000136, -8.686549179999872 ], [ 116.724479669999937, -8.686473859999865 ], [ 116.724761950000016, -8.686409959999878 ], [ 116.72491457000001, -8.686333669999897 ], [ 116.725028990000055, -8.686180109999896 ], [ 116.725234970000088, -8.685896889999924 ], [ 116.725341800000024, -8.685826309999925 ], [ 116.725639360000173, -8.685832979999873 ], [ 116.725906370000075, -8.68587301999986 ], [ 116.726058950000038, -8.685841569999866 ], [ 116.72621154, -8.685757639999849 ], [ 116.726249700000039, -8.685662269999852 ], [ 116.726364140000101, -8.68545531999996 ], [ 116.726608260000035, -8.685243619999937 ], [ 116.727180470000121, -8.684894539999902 ], [ 116.727348330000154, -8.684808729999929 ], [ 116.727539080000156, -8.684536949999938 ], [ 116.727607730000159, -8.684249859999852 ], [ 116.72772217, -8.684025759999884 ], [ 116.727920540000014, -8.683841709999854 ], [ 116.72813414999996, -8.683708189999891 ], [ 116.728446960000156, -8.683594689999836 ], [ 116.7289505, -8.683560349999937 ], [ 116.729461660000084, -8.683734879999918 ], [ 116.729560850000098, -8.683796879999875 ], [ 116.729576100000145, -8.683928489999914 ], [ 116.729515070000048, -8.684017179999898 ] ] ], [ [ [ 116.731607713000017, -8.682351761999939 ], [ 116.731567962000099, -8.6823686809999 ], [ 116.731527718000052, -8.682385809999914 ], [ 116.731455501000028, -8.682413266999959 ], [ 116.731353286000058, -8.682475869999905 ], [ 116.731278847, -8.682567028999927 ], [ 116.731228480000027, -8.682651963999945 ], [ 116.73115293, -8.682764722999934 ], [ 116.73105812200015, -8.682840871999929 ], [ 116.730920353999977, -8.68293019999993 ], [ 116.730861840000102, -8.682982917999936 ], [ 116.730805547000159, -8.683015134999948 ], [ 116.730757403000098, -8.68305540599988 ], [ 116.730720368000107, -8.683100801999956 ], [ 116.730698908000136, -8.683131350999872 ], [ 116.730683334, -8.683153519999848 ], [ 116.730652295000027, -8.683179293999956 ], [ 116.730627782000056, -8.68319964899996 ], [ 116.730576675000066, -8.683244312999875 ], [ 116.730533714999979, -8.683291173999862 ], [ 116.730500384000038, -8.683332908999944 ], [ 116.730489273999979, -8.683354874999907 ], [ 116.73048186699998, -8.683377572999916 ], [ 116.730484830000137, -8.683395877999942 ], [ 116.73050112500016, -8.683425897999939 ], [ 116.730523345000051, -8.683456649999869 ], [ 116.730554454000071, -8.683482276999939 ], [ 116.730567046000033, -8.683507171999906 ], [ 116.730560380000156, -8.683543049999912 ], [ 116.730540381000083, -8.683584052999947 ], [ 116.730511493999984, -8.683596499999908 ], [ 116.730454461000022, -8.683592838999857 ], [ 116.730414180000139, -8.683588107999924 ], [ 116.730379652000124, -8.683584052999947 ], [ 116.730341877000114, -8.683573069999909 ], [ 116.73030484200001, -8.683555496999873 ], [ 116.730270030000156, -8.68351595799993 ], [ 116.730231514000138, -8.683472758999869 ], [ 116.730214478, -8.683394413999906 ], [ 116.730218922999939, -8.683280190999938 ], [ 116.730235218000075, -8.683176218999961 ], [ 116.730261979000034, -8.683096853999871 ], [ 116.730247500000019, -8.682917589999875 ], [ 116.730224600000156, -8.682769769999879 ], [ 116.72991178999996, -8.682558059999849 ], [ 116.729873660000067, -8.682442669999944 ], [ 116.729988100000128, -8.682316789999902 ], [ 116.730087260000118, -8.682266229999868 ], [ 116.730194090000055, -8.682259559999864 ], [ 116.730232240000078, -8.682203289999904 ], [ 116.730262760000073, -8.682110780000016 ], [ 116.730468740000106, -8.681988719999936 ], [ 116.730598440000108, -8.681789379999941 ], [ 116.730682369999954, -8.681626339999866 ], [ 116.730873100000167, -8.68149375999991 ], [ 116.730878762999964, -8.681491664999953 ], [ 116.730906650999941, -8.681472022999912 ], [ 116.730952204000118, -8.68145554799986 ], [ 116.731022199000108, -8.681425893999915 ], [ 116.731132191000142, -8.681392944999914 ], [ 116.731168854999964, -8.681397337999954 ], [ 116.731208852, -8.681418205999876 ], [ 116.731226629000162, -8.68144236899991 ], [ 116.731229443000075, -8.681468337999945 ], [ 116.731229962000157, -8.681473120999897 ], [ 116.731214407000039, -8.681492890999948 ], [ 116.731197741999949, -8.68151375799988 ], [ 116.731175520999955, -8.681548903999953 ], [ 116.731163300000162, -8.6815752629999 ], [ 116.731152189, -8.681616998999914 ], [ 116.731158855999979, -8.681645554999875 ], [ 116.731183298000019, -8.68167411099995 ], [ 116.731214407000039, -8.681696076999856 ], [ 116.731271070000162, -8.681702665999865 ], [ 116.731345509, -8.681733418999954 ], [ 116.731424392000122, -8.681738909999865 ], [ 116.731466611999963, -8.681724631999941 ], [ 116.731522163000136, -8.681697174999954 ], [ 116.731571049000081, -8.681671913999935 ], [ 116.731622155999958, -8.681646652999859 ], [ 116.731659930999967, -8.681640062999861 ], [ 116.731686596000145, -8.681658733999882 ], [ 116.731693262000135, -8.681685093999931 ], [ 116.731692151000061, -8.681711452999878 ], [ 116.731693262000135, -8.681747696999878 ], [ 116.73169413200003, -8.68174868899996 ], [ 116.731707704999963, -8.681764170999941 ], [ 116.731733258999952, -8.681780645999936 ], [ 116.7317543690001, -8.681803709999883 ], [ 116.731743258000165, -8.681872902999942 ], [ 116.731743258000165, -8.681931112999848 ], [ 116.731723259999967, -8.681980536999959 ], [ 116.731697705999977, -8.682032156999867 ], [ 116.731686584000045, -8.682050761999903 ], [ 116.731668819, -8.68208048199989 ], [ 116.731668819, -8.68213429899987 ], [ 116.731671041000141, -8.682163952999929 ], [ 116.731667708000145, -8.682225457999891 ], [ 116.731658078, -8.682267980999939 ], [ 116.731651043000056, -8.682299043999933 ], [ 116.731607713000017, -8.682351761999939 ] ] ], [ [ [ 116.78876126199998, -8.532542462999913 ], [ 116.788744114, -8.532603310999889 ], [ 116.788731001000087, -8.532631240999876 ], [ 116.788738062000107, -8.532666153999912 ], [ 116.788758236000149, -8.532693086999927 ], [ 116.788785470000107, -8.532723011999906 ], [ 116.788823800000046, -8.532857675999878 ], [ 116.788806652000062, -8.532962414999929 ], [ 116.788786479000123, -8.533025257999896 ], [ 116.788745123000012, -8.533053187999883 ], [ 116.788740080000025, -8.533094085999892 ], [ 116.788753192000058, -8.533128998999928 ], [ 116.788764288000152, -8.533150943999885 ], [ 116.788768322000124, -8.533209797999859 ], [ 116.788757227000133, -8.53326964799993 ], [ 116.788750166, -8.533319523999921 ], [ 116.788730691999945, -8.533371521999925 ], [ 116.788757300000043, -8.534128179999925 ], [ 116.788726810000071, -8.535140029999923 ], [ 116.788719170000149, -8.536266319999925 ], [ 116.788803100000109, -8.537467959999958 ], [ 116.788848870000038, -8.537965769999914 ], [ 116.78869629999997, -8.538605689999827 ], [ 116.7886352700001, -8.539699549999852 ], [ 116.78861237000001, -8.540150649999873 ], [ 116.788566600000081, -8.54040619999995 ], [ 116.788444509999977, -8.540647519999936 ], [ 116.78816224000002, -8.540923119999945 ], [ 116.787796009999965, -8.541237839999951 ], [ 116.787643440000124, -8.541419019999921 ], [ 116.787567149999973, -8.541598309999927 ], [ 116.787567149999973, -8.542261129999872 ], [ 116.787620540000148, -8.542648319999955 ], [ 116.787666310000077, -8.54287434999992 ], [ 116.78765106000003, -8.543076519999943 ], [ 116.787559509999937, -8.543328269999961 ], [ 116.787223830000016, -8.543829929999902 ], [ 116.785987860000091, -8.545276629999876 ], [ 116.7857361, -8.545581819999938 ], [ 116.785209649999956, -8.546615579999923 ], [ 116.785118110000099, -8.546787249999909 ], [ 116.7850876, -8.546854959999905 ], [ 116.78480530000013, -8.547286979999853 ], [ 116.78371431000005, -8.54856204999993 ], [ 116.783454890000144, -8.548876769999879 ], [ 116.78289795, -8.54964447999987 ], [ 116.7825775, -8.550045979999879 ], [ 116.782379150000111, -8.550301539999907 ], [ 116.782142650000083, -8.551112159999889 ], [ 116.781906130000039, -8.551569949999873 ], [ 116.781433099999958, -8.55218981999991 ], [ 116.780357340000137, -8.553363799999943 ], [ 116.779884320000065, -8.553818689999957 ], [ 116.778602600000113, -8.554645539999854 ], [ 116.778129570000033, -8.554904939999915 ], [ 116.77734375, -8.555256849999921 ], [ 116.776550300000054, -8.555600179999885 ], [ 116.775840770000173, -8.556037909999873 ], [ 116.775466919999985, -8.556260119999877 ], [ 116.77498628, -8.556587219999869 ], [ 116.774749749999955, -8.556799879999858 ], [ 116.77469634, -8.556841859999906 ], [ 116.774513250000155, -8.55706406999991 ], [ 116.774375910000117, -8.557304389999956 ], [ 116.774345400000129, -8.557423599999879 ], [ 116.773811339999952, -8.558336259999919 ], [ 116.773773180000148, -8.5584125499999 ], [ 116.773689279999985, -8.558470719999946 ], [ 116.77327728, -8.558506029999933 ], [ 116.772521980000079, -8.558320029999891 ], [ 116.772384640000041, -8.558301919999906 ], [ 116.772262580000074, -8.558357219999948 ], [ 116.77201082, -8.558745379999891 ], [ 116.771911639999985, -8.558898919999933 ], [ 116.771728500000108, -8.559025769999948 ], [ 116.770882092000079, -8.559080601999938 ], [ 116.770123568000031, -8.55908459199992 ], [ 116.769296453000038, -8.559000805999915 ], [ 116.768578274999982, -8.558597838999958 ], [ 116.768263567999952, -8.558318554999857 ], [ 116.767888340000013, -8.557668219999869 ], [ 116.767813698000055, -8.557307143999935 ], [ 116.76773098700005, -8.557087705999891 ], [ 116.767589771999951, -8.556970006999904 ], [ 116.767529252000145, -8.556806424999877 ], [ 116.767367863, -8.556714659999955 ], [ 116.767262961000029, -8.556708674999868 ], [ 116.767135868000082, -8.556535118999932 ], [ 116.767002534000085, -8.556343937999884 ], [ 116.766769410000165, -8.555687899999953 ], [ 116.766571040000031, -8.554855349999912 ], [ 116.76640318, -8.554021819999946 ], [ 116.766357409999955, -8.553514489999884 ], [ 116.766380310000045, -8.553137789999937 ], [ 116.766685500000108, -8.55246829999993 ], [ 116.76691437, -8.551498409999908 ], [ 116.767211920000136, -8.550638189999859 ], [ 116.76736452, -8.550320639999882 ], [ 116.767570510000155, -8.550040249999938 ], [ 116.768028250000043, -8.549683569999956 ], [ 116.76837920000014, -8.549427029999947 ], [ 116.768646239999953, -8.549169539999923 ], [ 116.76885223, -8.548864359999925 ], [ 116.769088750000037, -8.548337949999905 ], [ 116.769287120000058, -8.547628399999951 ], [ 116.769386309999959, -8.547003759999882 ], [ 116.769447340000056, -8.546283739999922 ], [ 116.769538880000141, -8.54590224999987 ], [ 116.76966858000003, -8.545449249999876 ], [ 116.769744869999954, -8.544774049999944 ], [ 116.769355770000061, -8.543500889999848 ], [ 116.769294739999964, -8.543251989999874 ], [ 116.769317640000054, -8.54305743999987 ], [ 116.769744869999954, -8.542308809999895 ], [ 116.770965580000052, -8.540802949999943 ], [ 116.771209699999986, -8.540550239999902 ], [ 116.771842959999958, -8.540141119999873 ], [ 116.771987920000015, -8.540029509999954 ], [ 116.772056570000018, -8.539904599999943 ], [ 116.77204895, -8.539666189999934 ], [ 116.77196503000016, -8.539301869999917 ], [ 116.77195738, -8.539087299999892 ], [ 116.772041340000101, -8.538792599999852 ], [ 116.772262580000074, -8.53830432999996 ], [ 116.772636420000026, -8.537711129999934 ], [ 116.77305601, -8.537212379999858 ], [ 116.773483270000156, -8.536702159999891 ], [ 116.774917609999989, -8.535041789999923 ], [ 116.77556611, -8.53430367999988 ], [ 116.776054370000111, -8.533853529999931 ], [ 116.7765655500001, -8.533376679999947 ], [ 116.777107229999956, -8.532783499999937 ], [ 116.777442940000014, -8.532395369999904 ], [ 116.777832010000111, -8.532060629999933 ], [ 116.778343200000108, -8.531695369999909 ], [ 116.778701780000119, -8.531514159999915 ], [ 116.77924348, -8.531370169999889 ], [ 116.779731740000102, -8.531316759999925 ], [ 116.779983499999958, -8.531330109999942 ], [ 116.780342110000106, -8.531432149999887 ], [ 116.780632, -8.531589509999947 ], [ 116.78084565000006, -8.531730639999864 ], [ 116.781097410000029, -8.531675349999944 ], [ 116.781448360000013, -8.531594269999857 ], [ 116.781677240000135, -8.531546589999948 ], [ 116.781936660000042, -8.531388279999874 ], [ 116.782264710000049, -8.53109072999996 ], [ 116.782470699999976, -8.530924809999931 ], [ 116.78308104000007, -8.530695919999914 ], [ 116.783317570000122, -8.530605319999836 ], [ 116.783447270000011, -8.530493729999932 ], [ 116.783485420000147, -8.530386929999906 ], [ 116.783462530000065, -8.530309679999903 ], [ 116.783203130000061, -8.530216219999886 ], [ 116.782669070000111, -8.530093199999953 ], [ 116.782478310000101, -8.52999876999985 ], [ 116.782409670000106, -8.529914849999955 ], [ 116.782852159999948, -8.5294733 ], [ 116.783813499999951, -8.528936389999956 ], [ 116.784637470000121, -8.52855204999986 ], [ 116.785194400000137, -8.528311729999871 ], [ 116.786101935000033, -8.527916164999851 ], [ 116.786367294, -8.527686790999951 ], [ 116.786631566999972, -8.527545142999884 ], [ 116.786857511, -8.527519206999955 ], [ 116.786990655999944, -8.527433419999852 ], [ 116.787089506000143, -8.52733366699988 ], [ 116.787216599999965, -8.52730773199994 ], [ 116.787355797000032, -8.527249874999939 ], [ 116.787458682000079, -8.527203988999872 ], [ 116.787605948999953, -8.527194013999861 ], [ 116.787680591000026, -8.527199998999947 ], [ 116.78779356300015, -8.527237904999936 ], [ 116.787857109000129, -8.527280798999925 ], [ 116.787929734000159, -8.527303741999958 ], [ 116.787967054999967, -8.52733366699988 ], [ 116.788022532000014, -8.527390525999863 ], [ 116.788061870999968, -8.527456362999885 ], [ 116.788067922999971, -8.527522199999851 ], [ 116.788054810000062, -8.527607986999953 ], [ 116.788036149000163, -8.527676316999873 ], [ 116.788153660000035, -8.52771621799991 ], [ 116.788194007000129, -8.527780558999893 ], [ 116.788186442000097, -8.527912231999949 ], [ 116.788170303000129, -8.528052882999873 ], [ 116.788164251000126, -8.528212486999848 ], [ 116.788194512000018, -8.52833019499991 ], [ 116.788246963, -8.528439921999905 ], [ 116.788289327000143, -8.52850276599986 ], [ 116.788327656999968, -8.528416978999871 ], [ 116.78835993500013, -8.528353137999943 ], [ 116.788420455000164, -8.528302263999933 ], [ 116.788478958000155, -8.528308248999849 ], [ 116.788527375000172, -8.528323211999862 ], [ 116.78855460900013, -8.528363112999955 ], [ 116.788558643999977, -8.52840700399986 ], [ 116.788666572000011, -8.528435931999866 ], [ 116.788847124999961, -8.528490795999858 ], [ 116.788917733000062, -8.528547654999954 ], [ 116.788989348999962, -8.528674339999952 ], [ 116.789085173000103, -8.528806012999951 ], [ 116.789107364000074, -8.528910752999877 ], [ 116.789110390000133, -8.529027462999863 ], [ 116.789080130000116, -8.52921200399993 ], [ 116.789099294000152, -8.529297790999919 ], [ 116.789104338000016, -8.529401532999884 ], [ 116.789076095000041, -8.529521234999947 ], [ 116.789047851999953, -8.529627969999922 ], [ 116.789038774000119, -8.529706773999919 ], [ 116.789043817000106, -8.529784580999888 ], [ 116.789046843000165, -8.529864381999914 ], [ 116.789049869, -8.529901289999941 ], [ 116.789033730000028, -8.530016004999936 ], [ 116.78900649600007, -8.53011775199991 ], [ 116.788963123000144, -8.530220495999913 ], [ 116.788937906000115, -8.530266381999866 ], [ 116.788920759, -8.530337205999956 ], [ 116.788908655000114, -8.530383091999852 ], [ 116.788887471999942, -8.530443939999941 ], [ 116.788872215999959, -8.530506534999859 ], [ 116.78885053, -8.530583342999932 ], [ 116.788835859000073, -8.530628187999866 ], [ 116.788808045999986, -8.530825407999941 ], [ 116.788826826, -8.530901550999943 ], [ 116.788832878000107, -8.531081103999952 ], [ 116.788828843000033, -8.531246691999911 ], [ 116.788812704000065, -8.531406293999851 ], [ 116.788778408999974, -8.531504050999956 ], [ 116.788719683000068, -8.531584645999885 ], [ 116.788698498000031, -8.531925173999923 ], [ 116.788750166, -8.53195891699994 ], [ 116.788774375, -8.532082608999872 ], [ 116.788790513000095, -8.53221827099992 ], [ 116.78878042700012, -8.532343957999899 ], [ 116.788766304999967, -8.532453683999961 ], [ 116.78876126199998, -8.532542462999913 ] ] ], [ [ [ 116.791971248000095, -8.525346535999859 ], [ 116.79185485000005, -8.525454509999918 ], [ 116.791732790000083, -8.525520329999949 ], [ 116.791557310000144, -8.525620459999857 ], [ 116.791503899999952, -8.525641439999902 ], [ 116.791366580000158, -8.525745389999827 ], [ 116.79096984, -8.52611064999985 ], [ 116.790771470000095, -8.526201249999872 ], [ 116.790527330000145, -8.52624034999991 ], [ 116.790344240000081, -8.526268959999868 ], [ 116.790107720000037, -8.526354789999914 ], [ 116.790000910000117, -8.526320459999909 ], [ 116.78993988000002, -8.526225089999912 ], [ 116.789779650000128, -8.525914189999924 ], [ 116.789642330000106, -8.525827409999863 ], [ 116.789558400000033, -8.525742539999953 ], [ 116.789588940000158, -8.525654789999862 ], [ 116.789604169999961, -8.525492669999949 ], [ 116.789649970000028, -8.524974809999947 ], [ 116.78974151, -8.524812709999935 ], [ 116.789894109999977, -8.524524679999899 ], [ 116.790016169999944, -8.524348259999954 ], [ 116.790199280000024, -8.524176589999854 ], [ 116.790283189999968, -8.524099359999866 ], [ 116.790458660000127, -8.524034509999922 ], [ 116.790725700000053, -8.524061199999892 ], [ 116.79174043, -8.524275769999917 ], [ 116.791877740000132, -8.524366379999947 ], [ 116.791984569999954, -8.524525649999873 ], [ 116.792126468000106, -8.524805897999897 ], [ 116.792164701000161, -8.524950014999945 ], [ 116.792180297000073, -8.525009424999951 ], [ 116.792180297000073, -8.525124140999935 ], [ 116.792158106000102, -8.525213918999896 ], [ 116.792102629000169, -8.525279755999918 ], [ 116.791971248000095, -8.525346535999859 ] ] ], [ [ [ 116.747287264000079, -9.002307979999955 ], [ 116.746089139000105, -9.001519067999936 ], [ 116.74495492799997, -9.000804660999961 ], [ 116.743971817000102, -9.000185426999906 ], [ 116.743150879000154, -8.999659482999903 ], [ 116.741185700999949, -8.998269483999934 ], [ 116.740875076000066, -8.998078514999918 ], [ 116.7406532, -8.997862500999929 ], [ 116.740459851999958, -8.997684054999866 ], [ 116.740285522000136, -8.997458648999952 ], [ 116.740003424000065, -8.997145583999895 ], [ 116.739711815999954, -8.996913916999915 ], [ 116.739242709000109, -8.996747991999882 ], [ 116.738665834000017, -8.996660333999898 ], [ 116.738041415, -8.996638419999954 ], [ 116.737524763000124, -8.996688509999956 ], [ 116.736946302999968, -8.996862260999933 ], [ 116.736705410000013, -8.996915481999906 ], [ 116.73652790999995, -8.996985920999919 ], [ 116.736304450000034, -8.99708923299994 ], [ 116.73618444300007, -8.997167671999875 ], [ 116.736088914, -8.997230111999897 ], [ 116.735996995000164, -8.997356902999911 ], [ 116.735949450000021, -8.997477431999926 ], [ 116.735942384000168, -8.997516397999959 ], [ 116.735930432000032, -8.997582308999881 ], [ 116.735905075, -8.99767935899996 ], [ 116.735859115000153, -8.9978656319999 ], [ 116.735813155000073, -8.997990856999934 ], [ 116.735846436999964, -8.99809103799987 ], [ 116.735798892000162, -8.998224089999894 ], [ 116.735708557000066, -8.998312529999907 ], [ 116.735653880999962, -8.99835401099989 ], [ 116.73555879100013, -8.998469061999913 ], [ 116.735526096000171, -8.998499454999944 ], [ 116.735451023999985, -8.998569241999917 ], [ 116.735374952000143, -8.998666291999882 ], [ 116.735289199000022, -8.998783328999878 ], [ 116.735287787000061, -8.998785255999849 ], [ 116.735192698000105, -8.998913610999921 ], [ 116.735109879000106, -8.998998206999886 ], [ 116.735007274000054, -8.999103013999957 ], [ 116.734806001000038, -8.999257979999925 ], [ 116.734710912000082, -8.99932607199986 ], [ 116.734527865000132, -8.99940668499994 ], [ 116.73431074400014, -8.999541301999898 ], [ 116.734107886999936, -8.999699397999905 ], [ 116.73388284300006, -8.999898192999922 ], [ 116.73377666, -8.999988980999888 ], [ 116.733675231, -9.000123596999856 ], [ 116.733601540999985, -9.000210731999857 ], [ 116.733562709000012, -9.000256648999937 ], [ 116.733435923, -9.000378742999885 ], [ 116.733339248999982, -9.000499271999956 ], [ 116.733228311000062, -9.000674585999946 ], [ 116.733218009999973, -9.000834246999943 ], [ 116.733206124000048, -9.000915642999928 ], [ 116.733177597000122, -9.000986864999959 ], [ 116.733080131000065, -9.001068259999954 ], [ 116.733019906999971, -9.001085478999926 ], [ 116.732913724000014, -9.001134785999852 ], [ 116.73278773100003, -9.001204441999903 ], [ 116.732652229, -9.001318708999861 ], [ 116.732547630000113, -9.001432975999933 ], [ 116.732458880000081, -9.001556634999929 ], [ 116.73235428199996, -9.001738209999928 ], [ 116.732314662000022, -9.001877521999916 ], [ 116.732270287, -9.002081010999916 ], [ 116.732290888999955, -9.002270412999849 ], [ 116.73232443500001, -9.002386375999947 ], [ 116.732328925000047, -9.00240189799996 ], [ 116.732342439000149, -9.002422384999875 ], [ 116.73239707200014, -9.002505207999889 ], [ 116.732531782000024, -9.002603821999912 ], [ 116.732690263999984, -9.002736871999957 ], [ 116.732717205999961, -9.002848007999944 ], [ 116.73273147000009, -9.002996710999923 ], [ 116.732690263999984, -9.003110977999938 ], [ 116.732566648000102, -9.003377077999914 ], [ 116.73242718400013, -9.003871710999931 ], [ 116.732227497000054, -9.004081459999952 ], [ 116.73189151400004, -9.004425823999952 ], [ 116.731546022999964, -9.004687227999909 ], [ 116.73146202800001, -9.004818711999917 ], [ 116.731322563000049, -9.004992458999936 ], [ 116.731172005000076, -9.005030025999929 ], [ 116.731097393000141, -9.005003823999857 ], [ 116.731029370999977, -9.00497993699986 ], [ 116.730907340000158, -9.00498776299986 ], [ 116.73079164800015, -9.005064461999893 ], [ 116.730788998000094, -9.005069215999868 ], [ 116.730713992000119, -9.005203772999891 ], [ 116.730547586000171, -9.005396302999941 ], [ 116.730471514000101, -9.005535613999939 ], [ 116.730395443000134, -9.00565457499988 ], [ 116.730368501000044, -9.005764144999887 ], [ 116.730408121000096, -9.005814234999946 ], [ 116.730454081000175, -9.005881541999941 ], [ 116.730474684, -9.006031808999921 ], [ 116.730436648000023, -9.006161727999938 ], [ 116.730373255000018, -9.006271296999955 ], [ 116.730287675000113, -9.006437216999927 ], [ 116.730227452, -9.006543655999906 ], [ 116.730122853000125, -9.006609397999853 ], [ 116.729923166000049, -9.00662974699992 ], [ 116.729834416000131, -9.006634442999882 ], [ 116.729739327000175, -9.006607832999919 ], [ 116.729681715999959, -9.006582206999894 ], [ 116.729661868000107, -9.006570363999913 ], [ 116.729398788000026, -9.006454532999896 ], [ 116.729216533999988, -9.006338701999937 ], [ 116.729039034000039, -9.006200956999919 ], [ 116.728886891, -9.00603660299987 ], [ 116.728761690000056, -9.005878508999956 ], [ 116.728726823999978, -9.00576267799994 ], [ 116.728726823999978, -9.005668760999924 ], [ 116.728749011, -9.005518492999897 ], [ 116.728771199, -9.005396400999928 ], [ 116.728866288000177, -9.005243002999862 ], [ 116.728942359000143, -9.005127171999959 ], [ 116.728946787000154, -9.005118614999958 ], [ 116.728974460000018, -9.005065140999875 ], [ 116.729015260999972, -9.004986295999913 ], [ 116.729081824000104, -9.004901769999947 ], [ 116.729192761000036, -9.004760893999958 ], [ 116.729291020000119, -9.004645062999941 ], [ 116.729417806000129, -9.004425921999939 ], [ 116.729563610000127, -9.004244347999929 ], [ 116.72973477000005, -9.004106602999912 ], [ 116.729962985000043, -9.003956334999884 ], [ 116.730229235000024, -9.003762237999922 ], [ 116.730298966999953, -9.003555619999872 ], [ 116.730530351000084, -9.002998373999958 ], [ 116.730552538000097, -9.002769840999861 ], [ 116.730457449000141, -9.002550698999926 ], [ 116.730351265999957, -9.002372254999898 ], [ 116.730216555999959, -9.002333122999858 ], [ 116.730179599000053, -9.002325821999875 ], [ 116.730042226000137, -9.002298685999961 ], [ 116.729914187999952, -9.002288243999885 ], [ 116.729869480000048, -9.00228459799996 ], [ 116.729823519999968, -9.002207898999927 ], [ 116.729772806000028, -9.002076412999941 ], [ 116.729674547000172, -9.001941796999915 ], [ 116.729565194000088, -9.001858835999883 ], [ 116.729439993000142, -9.001805615999956 ], [ 116.72930369900007, -9.001755526999943 ], [ 116.729069145000153, -9.001672565999854 ], [ 116.729032762999964, -9.001660475999927 ], [ 116.728899568999964, -9.001616214999899 ], [ 116.728749011, -9.001569255999925 ], [ 116.728647583000111, -9.001497251999922 ], [ 116.728606377, -9.001425247999919 ], [ 116.728563587000053, -9.001353243999915 ], [ 116.728560550000111, -9.00134188699991 ], [ 116.728541400000154, -9.00127028299994 ], [ 116.728473251999958, -9.001193582999917 ], [ 116.728389257, -9.001141927999925 ], [ 116.728149949000112, -9.001010441999938 ], [ 116.728024748000166, -9.000905565999915 ], [ 116.727723632000107, -9.000514239999916 ], [ 116.727647560000037, -9.000410928999884 ], [ 116.727284636000036, -8.999988295999913 ], [ 116.72721411200007, -8.999931161999939 ], [ 116.727172906000078, -8.999851330999888 ], [ 116.727145172000064, -8.99972062799992 ], [ 116.7271348700001, -8.999626708999926 ], [ 116.727229960000159, -8.999276078999912 ], [ 116.72740420599996, -8.998883334999903 ], [ 116.727600808000034, -8.998440200999937 ], [ 116.72767371000009, -8.998268015999884 ], [ 116.727752950999957, -8.998183488999928 ], [ 116.727780804000076, -8.998162091999916 ], [ 116.727895585000056, -8.998073916999886 ], [ 116.728003353000076, -8.997914254999898 ], [ 116.728066746000081, -8.9977452 ], [ 116.728123799000059, -8.997576144999925 ], [ 116.728174513, -8.997413351999853 ], [ 116.728317147000098, -8.997169161999921 ], [ 116.728418576000081, -8.996978192999904 ], [ 116.728668977999973, -8.996712087999924 ], [ 116.728889470000126, -8.996502869999858 ], [ 116.729171749999978, -8.99626445999985 ], [ 116.729423530000076, -8.996077549999939 ], [ 116.729637130000015, -8.995807659999912 ], [ 116.729736320000029, -8.995530119999898 ], [ 116.729804990000048, -8.995312669999862 ], [ 116.72995756, -8.995096189999913 ], [ 116.73011780000013, -8.994956969999919 ], [ 116.730493090999971, -8.994565117999912 ], [ 116.731810094000025, -8.992441858999939 ], [ 116.732038308000028, -8.992147573999944 ], [ 116.732279200999983, -8.991853288999891 ], [ 116.732573978, -8.991408730999865 ], [ 116.732830719000162, -8.991105053999888 ], [ 116.733005049999974, -8.990885904999914 ], [ 116.733182550000038, -8.990763806999894 ], [ 116.733348955999986, -8.990748153999959 ], [ 116.733471870000017, -8.990724843999885 ], [ 116.733547059000102, -8.990710585999864 ], [ 116.733626299999969, -8.990652667999939 ], [ 116.733715050000114, -8.990599445999919 ], [ 116.733829157000059, -8.990546223999957 ], [ 116.733906601000058, -8.990500084999951 ], [ 116.733929001000092, -8.990486739999881 ], [ 116.734012996000047, -8.990427256999851 ], [ 116.734063709999987, -8.990384992999907 ], [ 116.734174792999966, -8.990344411999956 ], [ 116.734179402000109, -8.99034272799986 ], [ 116.734257059000015, -8.990302028999906 ], [ 116.734364827000149, -8.990244110999924 ], [ 116.734483688000068, -8.990170538999848 ], [ 116.734570853000037, -8.990109490999941 ], [ 116.73472775100015, -8.99001087299996 ], [ 116.734789559000092, -8.989965477999931 ], [ 116.734894156999985, -8.989895036999883 ], [ 116.734994001000132, -8.989840249999872 ], [ 116.735068487000035, -8.989777635999928 ], [ 116.735146144000169, -8.989721282999881 ], [ 116.735207867999975, -8.989680334999946 ], [ 116.735252327000012, -8.989650841999946 ], [ 116.735377527999958, -8.989588227999889 ], [ 116.735379632, -8.989587601999915 ], [ 116.735556611999982, -8.989535005999926 ], [ 116.735708755000132, -8.989506828999936 ], [ 116.735875161999957, -8.989497436999955 ], [ 116.736032058999967, -8.989475521999907 ], [ 116.736123978000023, -8.989444214999878 ], [ 116.736166768999965, -8.989390992999915 ], [ 116.736269782000022, -8.989293940999858 ], [ 116.736325251000153, -8.98919062799996 ], [ 116.736394983000082, -8.989018437999903 ], [ 116.736440943000048, -8.98883685699991 ], [ 116.736480562999986, -8.988685016999852 ], [ 116.736520184000028, -8.988534742999946 ], [ 116.73655822000012, -8.988418905999936 ], [ 116.736627952000049, -8.988348464999888 ], [ 116.736765830999957, -8.988248281999859 ], [ 116.736859335999952, -8.988185666999925 ], [ 116.736919558999944, -8.988088614999924 ], [ 116.736949671000048, -8.988007215999914 ], [ 116.736989290999986, -8.987885900999913 ], [ 116.736993951000045, -8.987852527999905 ], [ 116.737001970000051, -8.987795109999865 ], [ 116.737046344999953, -8.987712927999894 ], [ 116.737074131000099, -8.987694040999941 ], [ 116.73712003900016, -8.987662835999913 ], [ 116.737213543000053, -8.987628397999913 ], [ 116.737272182000083, -8.987597090999884 ], [ 116.737345084000026, -8.987548564999884 ], [ 116.737392628000066, -8.987487515999874 ], [ 116.737430664000044, -8.987401420999959 ], [ 116.73747503900006, -8.987237056999959 ], [ 116.737506735000011, -8.987135308999882 ], [ 116.737541601000089, -8.98690363399993 ], [ 116.737573298000143, -8.986656305999873 ], [ 116.737585976000105, -8.986427762999881 ], [ 116.737582807000081, -8.986255571999948 ], [ 116.737579688999972, -8.986190895999925 ], [ 116.737566959, -8.985926843999891 ], [ 116.737567310000145, -8.985915242999909 ], [ 116.737567489000071, -8.985909306999872 ], [ 116.737573298000143, -8.985717084999862 ], [ 116.737604994000094, -8.985234949999949 ], [ 116.737624011999969, -8.984940659999836 ], [ 116.737579636999953, -8.984452261999934 ], [ 116.737376779999977, -8.983700880999947 ], [ 116.737230975999978, -8.983199958999876 ], [ 116.737091512, -8.982792958999937 ], [ 116.736926691, -8.982329604999904 ], [ 116.736742851000031, -8.981816157999958 ], [ 116.736578030000146, -8.98140289499986 ], [ 116.736413208000045, -8.980983369999876 ], [ 116.736381512000094, -8.980576367999959 ], [ 116.736368833000029, -8.980250765999926 ], [ 116.736470262000125, -8.979909509999857 ], [ 116.736590708, -8.979637130999947 ], [ 116.736698476000015, -8.979421105999961 ], [ 116.736818923000101, -8.979248911999889 ], [ 116.73688865500003, -8.97909550299994 ], [ 116.736929860000146, -8.978920177999896 ], [ 116.73693936899997, -8.978807468999889 ], [ 116.736933030000046, -8.978553873999942 ], [ 116.736929860000146, -8.978250184999865 ], [ 116.736863298, -8.977874487999884 ], [ 116.736727002999942, -8.977370426999926 ], [ 116.736560597000107, -8.97694307099988 ], [ 116.736524145999965, -8.976830360999884 ], [ 116.736433811000097, -8.976664427999935 ], [ 116.736362494000105, -8.976556414999891 ], [ 116.736234124000134, -8.976443704999895 ], [ 116.73607881099997, -8.976367 ], [ 116.735926668000047, -8.976320036999937 ], [ 116.735717472000033, -8.976298121999946 ], [ 116.735527293000018, -8.97623550499992 ], [ 116.735406172000012, -8.976196132999917 ], [ 116.735281764999968, -8.976153391999958 ], [ 116.735208744000033, -8.976102635999894 ], [ 116.735162768000123, -8.97601715199994 ], [ 116.735160062999967, -8.975947695999878 ], [ 116.735170881000158, -8.975867554999923 ], [ 116.735197926000069, -8.975771385999849 ], [ 116.735214153000015, -8.975645830999952 ], [ 116.735238493000111, -8.975560346999885 ], [ 116.73524119800004, -8.975490890999936 ], [ 116.735230380000075, -8.975421435999863 ], [ 116.735206039000104, -8.975368007999862 ], [ 116.735216857000069, -8.975303894999911 ], [ 116.735233084000129, -8.9751783399999 ], [ 116.735230380000075, -8.975052785999935 ], [ 116.735222265999937, -8.974889831999917 ], [ 116.735157359000141, -8.974734891999901 ], [ 116.735056490000034, -8.974639409999895 ], [ 116.735027543, -8.974612007999951 ], [ 116.734862569000029, -8.974497138999936 ], [ 116.734673255000075, -8.974403639999935 ], [ 116.734429850999959, -8.974331512999925 ], [ 116.734340603000078, -8.974296784999865 ], [ 116.734246756999937, -8.974208289999922 ], [ 116.734129480999968, -8.974054878999937 ], [ 116.733812515999944, -8.973741793999864 ], [ 116.733387784, -8.973290951999957 ], [ 116.733067649999953, -8.97295595099996 ], [ 116.732636579000086, -8.972570855999891 ], [ 116.7324159960001, -8.972364686999924 ], [ 116.732341801999951, -8.972295340999949 ], [ 116.732162716999937, -8.972165409999945 ], [ 116.731958275000125, -8.972062090999884 ], [ 116.731766512000149, -8.971958772999869 ], [ 116.731679646000089, -8.971912878999888 ], [ 116.731630216999974, -8.971886762999873 ], [ 116.73151294000013, -8.971802229999923 ], [ 116.731460641000126, -8.971733350999955 ], [ 116.731454208000059, -8.97172308699993 ], [ 116.731337025000016, -8.971536105999917 ], [ 116.731140506999964, -8.971357646999877 ], [ 116.730766489000075, -8.971140051999896 ], [ 116.730428921999987, -8.971039863999863 ], [ 116.730110373, -8.971008554999855 ], [ 116.729725261000112, -8.970974115999866 ], [ 116.729205439999987, -8.970942806999915 ], [ 116.728768029000094, -8.970830095999929 ], [ 116.728432047000069, -8.970720514999925 ], [ 116.728146779000099, -8.97060780399994 ], [ 116.727747403999956, -8.970504484999879 ], [ 116.727167358999964, -8.970369856999866 ], [ 116.726856733999966, -8.970297846999927 ], [ 116.726447850000113, -8.970222705999959 ], [ 116.726029456999981, -8.970169480999914 ], [ 116.725706154000022, -8.970166349999886 ], [ 116.725443072999951, -8.97021018199996 ], [ 116.725057962000051, -8.97024618699993 ], [ 116.724928006000141, -8.970279061999918 ], [ 116.724755261000041, -8.970294715999955 ], [ 116.724606288000132, -8.970324458999926 ], [ 116.724457314, -8.970363594999867 ], [ 116.724371734000101, -8.970415254999921 ], [ 116.724341622000111, -8.970466913999928 ], [ 116.724321020000161, -8.970529531999944 ], [ 116.724313096000174, -8.970595279999941 ], [ 116.724308341000096, -8.970656331999862 ], [ 116.724272682999981, -8.970808961999865 ], [ 116.724249703000055, -8.970887233999861 ], [ 116.724242571, -8.970924021999906 ], [ 116.724225930000102, -8.970978028999923 ], [ 116.72420770500014, -8.971024209999939 ], [ 116.724194893000117, -8.971035809999876 ], [ 116.724179177999986, -8.97105003899992 ], [ 116.724157895000076, -8.971056781999948 ], [ 116.724137180000071, -8.971063344999948 ], [ 116.724076165000042, -8.971075085999871 ], [ 116.724015942000165, -8.971083695999937 ], [ 116.723933531000171, -8.971107177999954 ], [ 116.723835272000088, -8.971138485999859 ], [ 116.723713241000041, -8.971169794999867 ], [ 116.723602303000121, -8.971202668999922 ], [ 116.723526232000154, -8.971226150999939 ], [ 116.723462839000149, -8.971271547999947 ], [ 116.723358241000142, -8.971318510999936 ], [ 116.723204513000042, -8.971396782999932 ], [ 116.723145874000124, -8.971437483999921 ], [ 116.723118140000111, -8.971478967999872 ], [ 116.723115306000068, -8.971485366999957 ], [ 116.723108914000022, -8.971499796999922 ], [ 116.723107046000109, -8.971504014999937 ], [ 116.72311259300011, -8.971532192999916 ], [ 116.72312355300005, -8.971540664999907 ], [ 116.723149044000138, -8.971560370999953 ], [ 116.723179156000015, -8.971576024999933 ], [ 116.723207683000169, -8.971619073999932 ], [ 116.723224323000068, -8.97165977599991 ], [ 116.723245718000157, -8.971705172999862 ], [ 116.723267906000046, -8.971736481999869 ], [ 116.72329167800001, -8.971775617999924 ], [ 116.723297225000124, -8.97184997599993 ], [ 116.723275830000148, -8.971914157999947 ], [ 116.723258397000109, -8.971947814999851 ], [ 116.723229869999955, -8.972001039999896 ], [ 116.723205304999965, -8.972038609999913 ], [ 116.72317202399995, -8.972080093999864 ], [ 116.723153005999961, -8.972107488999939 ], [ 116.723129234000112, -8.972134883999956 ], [ 116.723104669000122, -8.97216071399987 ], [ 116.723076141999968, -8.972180280999908 ], [ 116.723021582000115, -8.972227911999937 ], [ 116.722992939000164, -8.972256204999894 ], [ 116.722969959000011, -8.972298470999931 ], [ 116.722977883000112, -8.97236265399988 ], [ 116.722973129000025, -8.972405702999936 ], [ 116.722998486000165, -8.9725794659999 ], [ 116.723013542, -8.972653040999944 ], [ 116.723034937000079, -8.972694524999895 ], [ 116.723076141999968, -8.972710961999951 ], [ 116.723077194000098, -8.972711523999919 ], [ 116.723124479000148, -8.972736790999932 ], [ 116.723156176000089, -8.972772795999902 ], [ 116.723192627000117, -8.972797059999948 ], [ 116.72324254900002, -8.9728158449999 ], [ 116.72329564000006, -8.972821323999938 ], [ 116.723343977000013, -8.972811148999881 ], [ 116.723376466, -8.972796277999919 ], [ 116.723417671000107, -8.97278375399992 ], [ 116.723466008000059, -8.97276966499993 ], [ 116.723512760999938, -8.97277592699993 ], [ 116.723557928000105, -8.972800190999862 ], [ 116.723580116000107, -8.972823672999937 ], [ 116.723622905999946, -8.972837760999937 ], [ 116.723717995000015, -8.972848718999956 ], [ 116.723763954999981, -8.972842457999889 ], [ 116.723852705000013, -8.972895681999944 ], [ 116.723890741, -8.973017784999911 ], [ 116.72387806200004, -8.973114841999859 ], [ 116.723792482000135, -8.973218159999931 ], [ 116.723678374999963, -8.973305823999851 ], [ 116.723614178000048, -8.973341333999883 ], [ 116.723599133, -8.973349655999925 ], [ 116.723478687000011, -8.973468627999921 ], [ 116.723450327000137, -8.973552666999865 ], [ 116.723437482, -8.973590730999888 ], [ 116.723437482, -8.973728487999949 ], [ 116.7234565, -8.973831805999851 ], [ 116.72345015999997, -8.973875637999924 ], [ 116.723399446000144, -8.974004002999891 ], [ 116.723301187000061, -8.974151151999934 ], [ 116.723281860000156, -8.974179458999856 ], [ 116.723209267000129, -8.974285778999956 ], [ 116.723164038000164, -8.97435685399995 ], [ 116.723139534999973, -8.974395357999867 ], [ 116.72309199100016, -8.974432927999942 ], [ 116.723009580000166, -8.97447049799996 ], [ 116.722844758000065, -8.974495544999911 ], [ 116.722789402000103, -8.974483303999932 ], [ 116.722658983999963, -8.974454462999859 ], [ 116.722632392000037, -8.974448581999923 ], [ 116.722624659999951, -8.974444665999954 ], [ 116.722508776000154, -8.974385965999886 ], [ 116.722353464000093, -8.974339002999898 ], [ 116.722259818999987, -8.97434497099988 ], [ 116.72225520500001, -8.974345264999897 ], [ 116.722122080000076, -8.974417273999904 ], [ 116.721995294000067, -8.974508067999864 ], [ 116.721545205000098, -8.974789843999929 ], [ 116.721464379000167, -8.974868114999936 ], [ 116.72138038300011, -8.974960473999886 ], [ 116.721269446000065, -8.975091969999937 ], [ 116.721177526000133, -8.975242249999951 ], [ 116.721096699999975, -8.97535339399991 ], [ 116.720990517000018, -8.975405052999918 ], [ 116.720816186999969, -8.975456711999925 ], [ 116.720587971999976, -8.975503673999924 ], [ 116.720391455000026, -8.975533416999895 ], [ 116.719788899000037, -8.975561829999947 ], [ 116.719760696000094, -8.975563159999865 ], [ 116.719719642000086, -8.975569562999851 ], [ 116.719640249, -8.975581944999931 ], [ 116.719538821000128, -8.975547505999884 ], [ 116.719402525999953, -8.975488019999943 ], [ 116.719402357000035, -8.975487901999941 ], [ 116.719253553000158, -8.975384701999928 ], [ 116.719136275999972, -8.975312692999921 ], [ 116.718895383000017, -8.975171805999878 ], [ 116.718663999, -8.975068487999863 ], [ 116.718639898000106, -8.975043574999859 ], [ 116.718527704000053, -8.974927600999933 ], [ 116.718404087999943, -8.974758534999921 ], [ 116.718367859000068, -8.974700922999943 ], [ 116.718180628000141, -8.974403184999915 ], [ 116.718118819999972, -8.974339002999898 ], [ 116.718063352000058, -8.974238815999911 ], [ 116.718026901000144, -8.974169936999942 ], [ 116.718014222000079, -8.974105754999869 ], [ 116.718034825000018, -8.974019656999872 ], [ 116.718049088000043, -8.973963301999902 ], [ 116.718050673000107, -8.973897553999905 ], [ 116.718037995000145, -8.973814586999936 ], [ 116.718009468, -8.973755100999938 ], [ 116.717952414000024, -8.973695613999951 ], [ 116.717873173000157, -8.97367369899996 ], [ 116.717784423000126, -8.973650216999943 ], [ 116.717692502999967, -8.973637693999876 ], [ 116.717614227000013, -8.97362419399991 ], [ 116.71759266000015, -8.973620473999858 ], [ 116.71743893200005, -8.973504632999891 ], [ 116.717369200000121, -8.973382529999924 ], [ 116.717331164000029, -8.97327294999991 ], [ 116.717297089999988, -8.97307648899988 ], [ 116.717270148000125, -8.973018567999929 ], [ 116.717255093000063, -8.972939513999961 ], [ 116.717252714999972, -8.972895681999944 ], [ 116.717241622000074, -8.972829933999947 ], [ 116.717240829000048, -8.972775143999911 ], [ 116.717236225999955, -8.972758471999953 ], [ 116.717224189000149, -8.972714874999895 ], [ 116.717149702000029, -8.972680435999905 ], [ 116.71708710200005, -8.972671825999896 ], [ 116.716983295999967, -8.972696872999961 ], [ 116.716909602000101, -8.972726615999932 ], [ 116.716850962999956, -8.972752445999902 ], [ 116.71682322900017, -8.972782188999872 ], [ 116.716810860000123, -8.972804273999941 ], [ 116.716802626, -8.972818975999928 ], [ 116.716781231000027, -8.972852632999945 ], [ 116.716763006000065, -8.972865938999917 ], [ 116.716733686000111, -8.972864373999926 ], [ 116.716704738000089, -8.97285224299992 ], [ 116.716629088, -8.972820541999852 ], [ 116.716583920999938, -8.972800190999862 ], [ 116.716514981000046, -8.972770447999892 ], [ 116.716444455999977, -8.972728963999941 ], [ 116.716434947000039, -8.972682783999915 ], [ 116.716433363000078, -8.972635038999954 ], [ 116.716423854000027, -8.9725794659999 ], [ 116.716410383000152, -8.972521544999893 ], [ 116.716399289000037, -8.972437011999943 ], [ 116.716374724000048, -8.972321952999891 ], [ 116.716355706000058, -8.972235853999905 ], [ 116.716308162000132, -8.97216071399987 ], [ 116.716266956000027, -8.97209653099992 ], [ 116.716225751000138, -8.972015128999942 ], [ 116.716209903000049, -8.971941552999908 ], [ 116.71619088500006, -8.971855454999854 ], [ 116.716151264000018, -8.971778747999906 ], [ 116.716102135000028, -8.971689518999881 ], [ 116.716060930000026, -8.971540802999925 ], [ 116.716021309000098, -8.971439049999958 ], [ 116.716009423000173, -8.971392868999942 ], [ 116.715989613000147, -8.971331034999878 ], [ 116.715969802000018, -8.971252762999939 ], [ 116.715949200000068, -8.971184666999875 ], [ 116.71593572900008, -8.971117352999897 ], [ 116.715896901000065, -8.971058648999929 ], [ 116.715871543000162, -8.971064127999853 ], [ 116.71585490300015, -8.971093870999937 ], [ 116.715831923, -8.971113438999907 ], [ 116.715789133000044, -8.971108742999888 ], [ 116.715744758000028, -8.971097001999908 ], [ 116.715530014000024, -8.970992117999913 ], [ 116.715514166000162, -8.971015599999987 ], [ 116.715498318000073, -8.971071172999871 ], [ 116.715468206000082, -8.971121265999955 ], [ 116.7154167, -8.97118153599996 ], [ 116.715334289000111, -8.971146312999906 ], [ 116.715286743999968, -8.971119700999907 ], [ 116.715253462999954, -8.971098567999945 ], [ 116.715224144000103, -8.971078216999956 ], [ 116.715197202000013, -8.971057865999853 ], [ 116.715194493000013, -8.971055362999948 ], [ 116.715172637000023, -8.971035167999958 ], [ 116.715136186000109, -8.970992900999931 ], [ 116.715088642000069, -8.970936544999859 ], [ 116.715100528, -8.970920107999916 ], [ 116.715116376000083, -8.97090132299985 ], [ 116.715146488000073, -8.970859055999938 ], [ 116.71517659899996, -8.970815223999864 ], [ 116.715179084000056, -8.970812155999852 ], [ 116.715201955999987, -8.970783914999913 ], [ 116.715211465000039, -8.970743213999924 ], [ 116.715206710999951, -8.970700946999898 ], [ 116.715210673, -8.970655548999957 ], [ 116.715213842000139, -8.970581190999951 ], [ 116.715209087999938, -8.970535792999897 ], [ 116.715197202000013, -8.970491960999937 ], [ 116.715174222000087, -8.970454390999919 ], [ 116.715153360000159, -8.970430907999855 ], [ 116.715140148000046, -8.970416037999939 ], [ 116.715114791000019, -8.970386293999923 ], [ 116.715100528, -8.970344809999915 ], [ 116.715097358000094, -8.970301760999916 ], [ 116.715093396000157, -8.970209399999931 ], [ 116.715105157000153, -8.970166416999916 ], [ 116.715109244000018, -8.970151477999934 ], [ 116.715123508000147, -8.970110776999945 ], [ 116.715131432000021, -8.970076336999909 ], [ 116.715129847000071, -8.970034070999873 ], [ 116.715128262, -8.969990237999923 ], [ 116.715128262, -8.969943274999935 ], [ 116.715125092000108, -8.969907269999851 ], [ 116.71511716800012, -8.969866568999862 ], [ 116.715118752999956, -8.969833693999931 ], [ 116.715139356, -8.969786730999942 ], [ 116.715155204000098, -8.969738201999917 ], [ 116.715175807000151, -8.969683411999938 ], [ 116.715167883000163, -8.969641144999855 ], [ 116.715183731000025, -8.969558176999954 ], [ 116.715197756999942, -8.969458746999862 ], [ 116.715210673, -8.969367192999869 ], [ 116.715255048000017, -8.969317098999909 ], [ 116.71532161000016, -8.969251349999865 ], [ 116.7154167, -8.969232564999913 ], [ 116.715518128000099, -8.969220040999858 ], [ 116.715606878000131, -8.969241956999895 ], [ 116.715612363, -8.969243869999957 ], [ 116.71566076199997, -8.96926074299995 ], [ 116.715720985000075, -8.969220040999858 ], [ 116.715822414000058, -8.969188731999907 ], [ 116.715993575000084, -8.969129245999909 ], [ 116.716205941000112, -8.969085412999902 ], [ 116.716358084000149, -8.968966438999928 ], [ 116.716415137000126, -8.968831810999859 ], [ 116.716427816000078, -8.968734753999854 ], [ 116.71639295, -8.968643957999859 ], [ 116.716304199999968, -8.968509329999961 ], [ 116.716196432000061, -8.968427925999947 ], [ 116.716047459000151, -8.968365307999932 ], [ 116.715904825000052, -8.96835591599995 ], [ 116.71573366400014, -8.968377831999874 ], [ 116.715654423000046, -8.968431056999862 ], [ 116.715537146000088, -8.968409140999881 ], [ 116.715489600999945, -8.968334 ], [ 116.71545156600007, -8.968221286999892 ], [ 116.715442057000132, -8.968127360999858 ], [ 116.71544839600017, -8.96803656499992 ], [ 116.715486432000148, -8.967945768999925 ], [ 116.715527637000037, -8.967854972999874 ], [ 116.715603709, -8.967732867999928 ], [ 116.715651253000033, -8.967601369999954 ], [ 116.715711476000138, -8.967454216999954 ], [ 116.715730494000127, -8.967310195999914 ], [ 116.715724154999975, -8.967166173999942 ], [ 116.715681365000023, -8.966942314999869 ], [ 116.715675026000099, -8.966849952999951 ], [ 116.71565600800011, -8.966712192999921 ], [ 116.715649667999969, -8.966588521999881 ], [ 116.715689289000125, -8.966478940999878 ], [ 116.715734456000064, -8.966328656999906 ], [ 116.715743172999964, -8.966286389999937 ], [ 116.71573683400004, -8.966229249999913 ], [ 116.715712269000051, -8.966175241999906 ], [ 116.715661555, -8.966116537999937 ], [ 116.715633820000107, -8.966071138999894 ], [ 116.715630651000083, -8.966022609999868 ], [ 116.715641743999981, -8.965962339999862 ], [ 116.715649667999969, -8.965896590999932 ], [ 116.71565521499997, -8.965836320999927 ], [ 116.715663312000061, -8.965805172999922 ], [ 116.715670271000135, -8.96577839899993 ], [ 116.715678195000123, -8.965733000999933 ], [ 116.715696420999961, -8.965680557999917 ], [ 116.715707513999973, -8.965656292999938 ], [ 116.715732872000103, -8.965640638999901 ], [ 116.715772492000156, -8.965630462999854 ], [ 116.715817659000095, -8.965621069999884 ], [ 116.71585411, -8.965603067999893 ], [ 116.715885014000037, -8.965588978999961 ], [ 116.715896901000065, -8.965571758999886 ], [ 116.7159717830001, -8.965538883999898 ], [ 116.715999122000085, -8.965534578999893 ], [ 116.716025667000054, -8.965527925999879 ], [ 116.716045478000069, -8.965516184999899 ], [ 116.716102531000047, -8.965504834999933 ], [ 116.716146510000044, -8.965500529999929 ], [ 116.716180302, -8.965500321999912 ], [ 116.716209903000049, -8.965500138999914 ], [ 116.716280427000015, -8.965498964999881 ], [ 116.716331142000058, -8.965503269999886 ], [ 116.716381460000093, -8.965497398999958 ], [ 116.716425041999969, -8.965464524999902 ], [ 116.716455549999978, -8.965439476999961 ], [ 116.716490020000037, -8.965411689999883 ], [ 116.716495196000096, -8.965409429999852 ], [ 116.716527660000111, -8.96539525299994 ], [ 116.716559356000062, -8.96539133899995 ], [ 116.716586298000038, -8.965402688999916 ], [ 116.716646917000162, -8.965500529999929 ], [ 116.716667519999987, -8.965522446999898 ], [ 116.716711895, -8.965641420999873 ], [ 116.716713480000067, -8.965686819999917 ], [ 116.716730913, -8.965735348999942 ], [ 116.71676736400002, -8.965813621999928 ], [ 116.716833926000049, -8.965893459999961 ], [ 116.716908413000056, -8.965990517999899 ], [ 116.716933769999969, -8.966107927999929 ], [ 116.71699082400005, -8.966184634999877 ], [ 116.717035198999952, -8.966187765999848 ], [ 116.717117608999956, -8.966179938999915 ], [ 116.717185757000152, -8.966173676999858 ], [ 116.717225377000091, -8.966176807999943 ], [ 116.717257074000031, -8.966195592999895 ], [ 116.717303033000121, -8.966212812999913 ], [ 116.71731770800011, -8.966213280999852 ], [ 116.717352163000101, -8.96621437899995 ], [ 116.717396538000116, -8.966181503999906 ], [ 116.717428234000067, -8.966136105999851 ], [ 116.717437468000071, -8.966101902999867 ], [ 116.717440913000132, -8.966089141999873 ], [ 116.717455176000158, -8.966043743999933 ], [ 116.717483703000084, -8.965996779999955 ], [ 116.717531248, -8.965973297999881 ], [ 116.717572453, -8.965970166999909 ], [ 116.717597810000029, -8.965981125999917 ], [ 116.717632676000107, -8.965988952999851 ], [ 116.717684975, -8.965974863999918 ], [ 116.717724596000039, -8.96594355499991 ], [ 116.717775309999979, -8.965918506999913 ], [ 116.717816515999971, -8.965899721999961 ], [ 116.717891001999988, -8.965910679999865 ], [ 116.717911605000154, -8.965935726999874 ], [ 116.717919529000142, -8.965970166999909 ], [ 116.717900511000153, -8.966012434999925 ], [ 116.717884663000063, -8.966045308999924 ], [ 116.717865645000074, -8.966086010999959 ], [ 116.717852967000113, -8.966137670999899 ], [ 116.717851382000049, -8.966187765999848 ], [ 116.717878324000139, -8.966225336999855 ], [ 116.717949641000132, -8.966223770999932 ], [ 116.718022541999972, -8.966204985999866 ], [ 116.71808752000004, -8.966206550999914 ], [ 116.718169931000034, -8.966247252999892 ], [ 116.718272943999978, -8.966308305999917 ], [ 116.718350601000111, -8.966347441999858 ], [ 116.718398145000037, -8.966385012999922 ], [ 116.718478970999968, -8.966433541999947 ], [ 116.718505912999944, -8.966471112999955 ], [ 116.718540779000023, -8.966547820999892 ], [ 116.718574060000151, -8.966594783999881 ], [ 116.718608926, -8.966627658999926 ], [ 116.718665979999969, -8.966660532999924 ], [ 116.718678659000034, -8.966704365999874 ], [ 116.718730958000037, -8.966774810999937 ], [ 116.718767409000066, -8.966838994999932 ], [ 116.718826047, -8.966867172999855 ], [ 116.71892906000005, -8.96690630899991 ], [ 116.719013056000108, -8.966954837999936 ], [ 116.719047921999959, -8.966983016999848 ], [ 116.719047921999959, -8.967031545999873 ], [ 116.71902890399997, -8.967064419999929 ], [ 116.71900513200012, -8.967120775999888 ], [ 116.718960757000104, -8.967169304999913 ], [ 116.718891025000062, -8.967231922999929 ], [ 116.718824462000043, -8.967264797999917 ], [ 116.718778502000077, -8.967328980999866 ], [ 116.718768993000026, -8.967372813999873 ], [ 116.718757900000128, -8.967488656999933 ], [ 116.718746806000013, -8.96759197699987 ], [ 116.71872303400005, -8.96769999299994 ], [ 116.718696091999959, -8.967820532999951 ], [ 116.718675489000134, -8.967952029999935 ], [ 116.718672925000078, -8.967977670999915 ], [ 116.718669149999982, -8.968015430999912 ], [ 116.71871986400015, -8.968074917999957 ], [ 116.718794351000042, -8.968121880999945 ], [ 116.718887855000048, -8.968157103999943 ], [ 116.718969473000129, -8.968187629999875 ], [ 116.719176293000146, -8.968248682999956 ], [ 116.719253156000036, -8.96826825099987 ], [ 116.719340322, -8.968281556999898 ], [ 116.719383112000173, -8.96825650999989 ], [ 116.719421939999961, -8.968198587999893 ], [ 116.719451259000039, -8.968169627999885 ], [ 116.719486125, -8.968132056999877 ], [ 116.719532877, -8.968073352999909 ], [ 116.719559027000059, -8.968004472999894 ], [ 116.719562196999959, -8.967955943999868 ], [ 116.719572498000161, -8.967934809999917 ], [ 116.71958913900005, -8.967923069999927 ], [ 116.719627967000065, -8.967930113999955 ], [ 116.71966996499998, -8.967934027999945 ], [ 116.719702452999968, -8.967929330999937 ], [ 116.719731773000149, -8.967905066999947 ], [ 116.71974207400001, -8.96786123399994 ], [ 116.719749998000111, -8.967808791999857 ], [ 116.719735735000086, -8.967771220999907 ], [ 116.719715132000033, -8.967714081999929 ], [ 116.719715176000022, -8.967713505999882 ], [ 116.71971750900002, -8.967682772999922 ], [ 116.719720679000034, -8.967658508999875 ], [ 116.719767431000037, -8.967651463999914 ], [ 116.719822107000141, -8.967652246999876 ], [ 116.719872821999957, -8.967664769999942 ], [ 116.719949686000064, -8.96769373099994 ], [ 116.720013871, -8.967731301999947 ], [ 116.720097866000174, -8.967756348999899 ], [ 116.720185032000018, -8.967746956999918 ], [ 116.720269026999972, -8.967754783999851 ], [ 116.720348268000066, -8.967750086999899 ], [ 116.720365701, -8.967732867999928 ], [ 116.720394228000146, -8.967707819999873 ], [ 116.720451282, -8.967704688999959 ], [ 116.720467129999975, -8.967712516999939 ], [ 116.720487732000038, -8.967753217999928 ], [ 116.720473469000012, -8.967782961999944 ], [ 116.720459205999987, -8.967828359999885 ], [ 116.720487732000038, -8.967876888999911 ], [ 116.720578067000133, -8.967928548999851 ], [ 116.720628961999978, -8.967938797999921 ], [ 116.720741304000057, -8.967961422999906 ], [ 116.720902956000145, -8.967961422999906 ], [ 116.721021816999951, -8.967901935999862 ], [ 116.721036081000079, -8.967836186999932 ], [ 116.721034496000016, -8.96771564799991 ], [ 116.721056683000143, -8.967632678999905 ], [ 116.721086795000133, -8.96757788799988 ], [ 116.721131170000035, -8.967537185999959 ], [ 116.721180300000015, -8.967465175999848 ], [ 116.721183480000036, -8.967453955999929 ], [ 116.72119139300014, -8.967426038999918 ], [ 116.721280143000172, -8.967413515999851 ], [ 116.721309746999964, -8.967433759999949 ], [ 116.721317347999957, -8.967438957999946 ], [ 116.72132134900005, -8.967441693999888 ], [ 116.721331270000064, -8.967464873999916 ], [ 116.721341951000113, -8.967489830999853 ], [ 116.72135642100011, -8.967495259999851 ], [ 116.721384812, -8.967505912999854 ], [ 116.721393062000175, -8.967509007999865 ], [ 116.721456058000058, -8.967511747999936 ], [ 116.721500433000074, -8.967499223999937 ], [ 116.721533714999964, -8.967483569999956 ], [ 116.721536922000155, -8.967482133999852 ], [ 116.721584429000131, -8.967460870999957 ], [ 116.721637916999953, -8.967440127999851 ], [ 116.72171161100016, -8.967422516999875 ], [ 116.72175242000003, -8.967428387999917 ], [ 116.721783426, -8.967443700999866 ], [ 116.721785701000044, -8.967444824999859 ], [ 116.721817398000098, -8.967453434999868 ], [ 116.721839439000064, -8.967453434999868 ], [ 116.721854245000031, -8.967453434999868 ], [ 116.721887922000064, -8.967451477999873 ], [ 116.72192991999998, -8.967465957999934 ], [ 116.721935606999978, -8.967469088999849 ], [ 116.721954088999951, -8.967479264999952 ], [ 116.721986578000042, -8.967480829999943 ], [ 116.7220099540001, -8.967471828999919 ], [ 116.722026594, -8.967455391999863 ], [ 116.722048385999983, -8.967433083999879 ], [ 116.722052818000066, -8.967421294999951 ], [ 116.722058687000072, -8.967405688999918 ], [ 116.722061856999971, -8.967379075999929 ], [ 116.722061856999971, -8.96735872499994 ], [ 116.722077309000042, -8.967323110999928 ], [ 116.722099892000074, -8.96728006099994 ], [ 116.722146643999963, -8.967213920999939 ], [ 116.722255997000048, -8.967145040999924 ], [ 116.722346332000029, -8.967104338999945 ], [ 116.722427157999959, -8.967076160999909 ], [ 116.722476287000177, -8.967047982999929 ], [ 116.722512738000091, -8.967021369999941 ], [ 116.72253968300015, -8.966999190999957 ], [ 116.722541265000018, -8.966997887999923 ], [ 116.722542510000039, -8.966997723999896 ], [ 116.722588810000161, -8.966991626999857 ], [ 116.722674389999952, -8.966993191999904 ], [ 116.722780573000136, -8.966982233999886 ], [ 116.722893095000018, -8.966950924999935 ], [ 116.722991354000101, -8.966914918999919 ], [ 116.723038899000016, -8.966875782999864 ], [ 116.723088029, -8.966814729999953 ], [ 116.723140328, -8.96675054699989 ], [ 116.723154591000025, -8.966711410999949 ], [ 116.723192627000117, -8.966666011999905 ], [ 116.723206255000036, -8.966653512999869 ], [ 116.723237002000133, -8.966625310999916 ], [ 116.723313072999986, -8.966581477999853 ], [ 116.723412917000019, -8.966534513999875 ], [ 116.723508005999975, -8.966517293999857 ], [ 116.723537287999989, -8.966512645999956 ], [ 116.72359675600012, -8.966503204999867 ], [ 116.723660149000125, -8.966496942999868 ], [ 116.723720372, -8.966478157999916 ], [ 116.72373939, -8.966437455999937 ], [ 116.723736220999967, -8.966395188999911 ], [ 116.723718787000166, -8.966354486999876 ], [ 116.72360151099997, -8.966321611999945 ], [ 116.723512760999938, -8.966305957999907 ], [ 116.723414502000082, -8.96627621399989 ], [ 116.723400237999954, -8.966226119999931 ], [ 116.723411331999955, -8.966176024999868 ], [ 116.723436689000096, -8.966125929999919 ], [ 116.72346838600015, -8.966086793999864 ], [ 116.723479479000048, -8.966047657999923 ], [ 116.723476310000024, -8.966008520999878 ], [ 116.723487404000139, -8.965950598999882 ], [ 116.723509591000038, -8.96590989699996 ], [ 116.723558476000107, -8.965847711999913 ], [ 116.723590416999969, -8.965809707999938 ], [ 116.723637962000112, -8.965789356999949 ], [ 116.723692637999989, -8.96577448499994 ], [ 116.723809915000061, -8.965765092999902 ], [ 116.723894703000155, -8.965757264999866 ], [ 116.723950170999956, -8.965756482999893 ], [ 116.724019110999961, -8.965758830999903 ], [ 116.724076165000042, -8.965763526999922 ], [ 116.724113408, -8.965767440999912 ], [ 116.724128464000046, -8.96578466099993 ], [ 116.724141142, -8.965809707999938 ], [ 116.724139558000047, -8.965877022999905 ], [ 116.72413321800002, -8.96592007299995 ], [ 116.724122917000159, -8.96594590299992 ], [ 116.724092805000168, -8.965952164999919 ], [ 116.724069487999941, -8.965956770999924 ], [ 116.724057147000053, -8.965959208999948 ], [ 116.724036544, -8.965962339999862 ], [ 116.724031790000026, -8.965977211999927 ], [ 116.724060316999953, -8.965998345999935 ], [ 116.724084881000067, -8.966017913999849 ], [ 116.724100490999945, -8.966020837999906 ], [ 116.724130841000147, -8.966026523999858 ], [ 116.724181555000087, -8.966046874999961 ], [ 116.724218006, -8.966057049999961 ], [ 116.724253665, -8.96606722599995 ], [ 116.724322605, -8.966082097999902 ], [ 116.724409487000116, -8.966100164999887 ], [ 116.72444305099998, -8.966107144999853 ], [ 116.724520707000011, -8.96609931799992 ], [ 116.724622136, -8.96606331199996 ], [ 116.724671265000097, -8.966027306999933 ], [ 116.72474416700004, -8.965995997999926 ], [ 116.724791711999956, -8.9659615569999 ], [ 116.72480501300015, -8.96594707099996 ], [ 116.724853520000124, -8.965894242999923 ], [ 116.724939100000142, -8.965839451999898 ], [ 116.725013587000149, -8.96577839899993 ], [ 116.72510392200013, -8.965700125999945 ], [ 116.725178408000033, -8.965640638999901 ], [ 116.725241801000038, -8.965599936999922 ], [ 116.725332136000134, -8.965601501999856 ], [ 116.725339025000039, -8.965603493999936 ], [ 116.725397113999975, -8.965620287999911 ], [ 116.725494580000031, -8.96561715699994 ], [ 116.72552944600011, -8.965603849999866 ], [ 116.72558570700005, -8.965587412999923 ], [ 116.725628498, -8.965570192999849 ], [ 116.725653855000019, -8.965552972999944 ], [ 116.725653855000019, -8.965530273999946 ], [ 116.72563721400013, -8.965513053999928 ], [ 116.725465261000068, -8.965496616999872 ], [ 116.725468430999967, -8.965467655999873 ], [ 116.72550488100012, -8.965398774999869 ], [ 116.725539748000074, -8.965347114999929 ], [ 116.725569858999961, -8.965297019999866 ], [ 116.725598386000115, -8.965242228999955 ], [ 116.725652269999955, -8.965193699999872 ], [ 116.725701399000059, -8.965143604999923 ], [ 116.725748943999974, -8.965098206999869 ], [ 116.725783680999939, -8.965059215999929 ], [ 116.725783810000053, -8.965059070999928 ], [ 116.725831354999968, -8.965013671999884 ], [ 116.72586622100016, -8.964972969999906 ], [ 116.725921690000064, -8.964944791999869 ], [ 116.725983498, -8.964944791999869 ], [ 116.726059568999972, -8.964957315999925 ], [ 116.726129301000128, -8.96496044599985 ], [ 116.726194278999969, -8.964965142999858 ], [ 116.72621805100016, -8.964988624999933 ], [ 116.7262687650001, -8.965029326999854 ], [ 116.726340082000092, -8.965054373999862 ], [ 116.72636386299996, -8.965059071999917 ], [ 116.726379703000021, -8.96506220099991 ], [ 116.726438172000144, -8.965050042999906 ], [ 116.726439926000126, -8.965049677999957 ], [ 116.726496980000093, -8.965037153999958 ], [ 116.72655720299997, -8.965052808999928 ], [ 116.726596824000126, -8.965065331999881 ], [ 116.726655462000053, -8.965085682999927 ], [ 116.726726375999988, -8.965097145999948 ], [ 116.726742627000021, -8.965099771999917 ], [ 116.726826623000079, -8.965134212999942 ], [ 116.726929636000136, -8.965149866999866 ], [ 116.727026310000156, -8.965112295999859 ], [ 116.7270691, -8.965051242999891 ], [ 116.727135663000013, -8.964832078999905 ], [ 116.727199056000018, -8.964556556999923 ], [ 116.727254524000045, -8.96431390999993 ], [ 116.727271958000074, -8.964108834999877 ], [ 116.727262449000023, -8.963897496999891 ], [ 116.727248185000121, -8.963759735999872 ], [ 116.72721014900003, -8.963598492999949 ], [ 116.727162605, -8.963446641999894 ], [ 116.727122984000175, -8.963360541999918 ], [ 116.727084948999959, -8.963210256999901 ], [ 116.727048498000045, -8.96308188799992 ], [ 116.726966087000051, -8.962937864999901 ], [ 116.726859904000094, -8.962879942999905 ], [ 116.72668398899998, -8.962914382999941 ], [ 116.726558788000034, -8.962931602999959 ], [ 116.726325819000067, -8.962961346999919 ], [ 116.726214882000022, -8.962961346999919 ], [ 116.726007270000082, -8.962933168999882 ], [ 116.725853542000095, -8.962911251999913 ], [ 116.725702984000122, -8.962915947999875 ], [ 116.72558412300009, -8.962951953999948 ], [ 116.725476355000069, -8.96298013299986 ], [ 116.725374925999972, -8.963016138999933 ], [ 116.72530360899998, -8.963027096999951 ], [ 116.725263989000041, -8.963006745999849 ], [ 116.725243386000102, -8.96295821599989 ], [ 116.725225953000177, -8.962890900999923 ], [ 116.725476355000069, -8.962776621999922 ], [ 116.725311532999967, -8.962723395999944 ], [ 116.725172069000109, -8.962685823999948 ], [ 116.725092828000015, -8.962681127999929 ], [ 116.724769523999953, -8.962626335999914 ], [ 116.724593609000067, -8.962559020999947 ], [ 116.724476332, -8.962493270999914 ], [ 116.724378073000139, -8.962391515999911 ], [ 116.724298832000045, -8.962233402999914 ], [ 116.724233854999966, -8.962083117999896 ], [ 116.724213252000141, -8.961874908999903 ], [ 116.724230685000066, -8.961546159999955 ], [ 116.72426396600008, -8.961347343999932 ], [ 116.724295663000134, -8.961217409999961 ], [ 116.724335282999959, -8.961095301999876 ], [ 116.724385997000127, -8.960993545999884 ], [ 116.724469992999957, -8.960876134999864 ], [ 116.724531801000126, -8.960774378999872 ], [ 116.724660171999972, -8.96064287899992 ], [ 116.724790127000119, -8.960473806999858 ], [ 116.724851935000061, -8.960401794999939 ], [ 116.724973966, -8.960256204999894 ], [ 116.725059547, -8.96013722899994 ], [ 116.725108676000104, -8.960087132999945 ], [ 116.725172069000109, -8.960087132999945 ], [ 116.725246556, -8.960099656999944 ], [ 116.725317872, -8.960163841999872 ], [ 116.725344814000096, -8.96021080599985 ], [ 116.725441489, -8.960259335999922 ], [ 116.725552426000036, -8.960312562999945 ], [ 116.725723586999948, -8.960365788999923 ], [ 116.725801396999941, -8.960374173999867 ], [ 116.725897917, -8.960384574999864 ], [ 116.726021533000107, -8.960422145999871 ], [ 116.726199033000171, -8.960588086999905 ], [ 116.726297292000027, -8.960722717999943 ], [ 116.726314964000039, -8.960752174999925 ], [ 116.72634800700007, -8.960807253999917 ], [ 116.726405060000047, -8.960807253999917 ], [ 116.726458944000115, -8.960735241999942 ], [ 116.72644943499995, -8.960631920999901 ], [ 116.726436756999988, -8.960409621999872 ], [ 116.726408230000175, -8.960243680999952 ], [ 116.726411398999971, -8.959939977999852 ], [ 116.726427247999936, -8.95979282299993 ], [ 116.726373363999983, -8.95967384599993 ], [ 116.726351176000094, -8.959604963999936 ], [ 116.726309970999978, -8.959517296999877 ], [ 116.726300462000154, -8.959435891999874 ], [ 116.726300462000154, -8.959338831999958 ], [ 116.726300462000154, -8.95925429599987 ], [ 116.726300462000154, -8.959185413999933 ], [ 116.726306801000078, -8.959088353999903 ], [ 116.726291585000013, -8.959028231999923 ], [ 116.726281444000165, -8.958988162999958 ], [ 116.7262687650001, -8.958919281999954 ], [ 116.726303632000054, -8.958800304999954 ], [ 116.72635474599997, -8.95868970499987 ], [ 116.726370194000083, -8.958656279999957 ], [ 116.72644626500005, -8.958540433999872 ], [ 116.726626935000013, -8.958421455999883 ], [ 116.726769569, -8.958311871999854 ], [ 116.726856733999966, -8.958133405999945 ], [ 116.726904279000109, -8.958012863999897 ], [ 116.727002537999965, -8.957875099999967 ], [ 116.727161020000153, -8.957716985999866 ], [ 116.727313162999963, -8.957596442999943 ], [ 116.727595261000033, -8.95746180999987 ], [ 116.727827885000124, -8.95736103899992 ], [ 116.727884424000081, -8.957330010999897 ], [ 116.728131964, -8.957194165999852 ], [ 116.728350581999962, -8.957135269999867 ], [ 116.728515540000103, -8.957109748999869 ], [ 116.728779870000153, -8.957129380999902 ], [ 116.729077986000107, -8.957168644999854 ], [ 116.729211144000146, -8.957192202999863 ], [ 116.729250975000127, -8.957219813999927 ], [ 116.729324429000144, -8.95727073099988 ], [ 116.729453612000043, -8.957341406999944 ], [ 116.72959869500005, -8.957388523999953 ], [ 116.729694093000035, -8.957239319999928 ], [ 116.729868987000032, -8.95699097499994 ], [ 116.730014071000028, -8.95684766099987 ], [ 116.730146236, -8.956705327999885 ], [ 116.730334049000021, -8.956624836999936 ], [ 116.730505749000031, -8.956597031999934 ], [ 116.7305159, -8.956595388999858 ], [ 116.730540361000067, -8.956594289999941 ], [ 116.730668933000175, -8.956588516999943 ], [ 116.730779031000111, -8.956604123999909 ], [ 116.730779732999963, -8.956604222999886 ], [ 116.73078940400012, -8.956606385999919 ], [ 116.730885067000145, -8.956627781999885 ], [ 116.731007295000154, -8.956672934999915 ], [ 116.731143434000046, -8.956748518999916 ], [ 116.731219950999957, -8.956845697999881 ], [ 116.731332241000018, -8.956788764999885 ], [ 116.731468381000127, -8.956696493999914 ], [ 116.731625389000101, -8.956625817999907 ], [ 116.73178835900012, -8.956559068999866 ], [ 116.731937417000154, -8.956509988999926 ], [ 116.732094425000014, -8.956435386999942 ], [ 116.732199758999968, -8.956352931999959 ], [ 116.732225352000114, -8.956336202999921 ], [ 116.732334905000016, -8.956264587999954 ], [ 116.73241649299996, -8.956255397999882 ], [ 116.732561474000022, -8.956239065999853 ], [ 116.732823816000064, -8.956256734999897 ], [ 116.732909275999987, -8.956239065999853 ], [ 116.733056347, -8.956168390999892 ], [ 116.73322130400004, -8.956070229999852 ], [ 116.733429986000147, -8.955995627999926 ], [ 116.733581031000085, -8.95596421699986 ], [ 116.733775800000103, -8.955946547999929 ], [ 116.734024231000149, -8.955901393999909 ], [ 116.734354145999987, -8.95580323299987 ], [ 116.734543394999946, -8.955736898999874 ], [ 116.734600589000024, -8.95571685199991 ], [ 116.734904667000023, -8.95570899899991 ], [ 116.734946311000044, -8.955722391999927 ], [ 116.735075587000097, -8.955763968999918 ], [ 116.735302156000103, -8.955881761999876 ], [ 116.735520774000065, -8.95597599599995 ], [ 116.73580100300012, -8.955985811999881 ], [ 116.736039495999989, -8.955974032999961 ], [ 116.736285939000027, -8.955932804999918 ], [ 116.736412350000137, -8.955884521999849 ], [ 116.736643614000059, -8.955790455999875 ], [ 116.736801418000027, -8.955674889999898 ], [ 116.736951060000138, -8.955516322999927 ], [ 116.737152394999953, -8.955263688999935 ], [ 116.737234018000095, -8.955118558999914 ], [ 116.737353730999985, -8.954919677999953 ], [ 116.73748432800005, -8.954683168999907 ], [ 116.737549626000032, -8.954425159999914 ], [ 116.737653014000102, -8.954177900999866 ], [ 116.737723753999944, -8.953871514999946 ], [ 116.737723753999944, -8.953699508999875 ], [ 116.737750962000064, -8.953516751999871 ], [ 116.737832584000103, -8.953339369999924 ], [ 116.737957738999967, -8.953188863999912 ], [ 116.738055686000052, -8.953038357999901 ], [ 116.738202607000062, -8.952866350999955 ], [ 116.738273347000018, -8.952672842999959 ], [ 116.738316879000081, -8.952463209999905 ], [ 116.738311437, -8.952275076999911 ], [ 116.738289670999961, -8.951990189999947 ], [ 116.738240698000027, -8.951780555999903 ], [ 116.738077452000084, -8.951495668999883 ], [ 116.737944135000134, -8.951323660999947 ], [ 116.737873396000055, -8.95126722099991 ], [ 116.737808097000084, -8.951224218999926 ], [ 116.737696546000166, -8.951202717999877 ], [ 116.737462562000019, -8.951248407999856 ], [ 116.737340128000142, -8.951302159999955 ], [ 116.737307756000178, -8.951312463999898 ], [ 116.73709526000016, -8.951380100999927 ], [ 116.736978267000154, -8.951331723999942 ], [ 116.736899365, -8.9512779719999 ], [ 116.736855833000163, -8.951165091999883 ], [ 116.736842229000104, -8.951097900999912 ], [ 116.736869437, -8.951009209999881 ], [ 116.736956501000122, -8.950915142999918 ], [ 116.737027240999964, -8.950834513999894 ], [ 116.737117025999964, -8.950770010999918 ], [ 116.73721497300005, -8.950710883999875 ], [ 116.737257387, -8.950689368999861 ], [ 116.737315641, -8.950659818999952 ], [ 116.737364614000057, -8.950608753999859 ], [ 116.737443515999985, -8.950536187999887 ], [ 116.737519697000039, -8.950495873999955 ], [ 116.737582275000022, -8.950425994999932 ], [ 116.737574111999947, -8.950369554999895 ], [ 116.73755506700013, -8.950313114999915 ], [ 116.737514256000054, -8.950184108999906 ], [ 116.737473445000091, -8.950038976999906 ], [ 116.737459841000032, -8.94992340899995 ], [ 116.737457120000045, -8.949791714999947 ], [ 116.737470724, -8.949646582999947 ], [ 116.737429912000152, -8.94955789099987 ], [ 116.737361894000173, -8.949450385999853 ], [ 116.737318361, -8.949350943999889 ], [ 116.737255784000126, -8.949235374999944 ], [ 116.737225856000123, -8.949119806999875 ], [ 116.73722857700011, -8.94902036499991 ], [ 116.737165999000013, -8.948966611999879 ], [ 116.737002754000173, -8.948963923999941 ], [ 116.736839509, -8.949001550999924 ], [ 116.736761590000128, -8.949026181999955 ], [ 116.736703471000169, -8.949044552999851 ], [ 116.736559271000147, -8.949090242999887 ], [ 116.736510297, -8.949052615999904 ], [ 116.736483089999979, -8.94897736199988 ], [ 116.736537505000115, -8.948894045999907 ], [ 116.736554774000069, -8.948856876999855 ], [ 116.736583758000052, -8.948797290999892 ], [ 116.736638173000074, -8.948735474999864 ], [ 116.736661700000013, -8.948682650999956 ], [ 116.736561992000134, -8.948528526999951 ], [ 116.736537505000115, -8.948486867999918 ], [ 116.736498053999981, -8.948403551999945 ], [ 116.73644772, -8.948321578999924 ], [ 116.736402827, -8.948282607999943 ], [ 116.736349773000029, -8.948251699999901 ], [ 116.736287195000159, -8.948259762999953 ], [ 116.736118623000038, -8.948304810999957 ], [ 116.736103544, -8.94830679699993 ], [ 116.73597566900014, -8.948349798999914 ], [ 116.73588588400014, -8.94836323699991 ], [ 116.735815143999957, -8.948309483999878 ], [ 116.735793378000039, -8.948201978999862 ], [ 116.735842352000077, -8.948029968999947 ], [ 116.735962065000081, -8.947900961999892 ], [ 116.736185167000031, -8.947745078999901 ], [ 116.736337529000025, -8.94762144699996 ], [ 116.736576956000022, -8.947503190999953 ], [ 116.736685786000066, -8.947449437999865 ], [ 116.736870796999938, -8.947422561999929 ], [ 116.737078333000113, -8.947422561999929 ], [ 116.737121107000121, -8.947422561999929 ], [ 116.737213612, -8.947395684999947 ], [ 116.737344209000071, -8.947336556999915 ], [ 116.737371416000087, -8.947223675999908 ], [ 116.737338766999983, -8.946933408999882 ], [ 116.737219054000093, -8.946551762999945 ], [ 116.737210892000121, -8.946425442999953 ], [ 116.737227216000065, -8.946320623999895 ], [ 116.737180963000014, -8.946196991999955 ], [ 116.73707485400007, -8.946119049999936 ], [ 116.736974186000111, -8.946127112999875 ], [ 116.736878960000013, -8.946183553999902 ], [ 116.736778292000054, -8.946226555999942 ], [ 116.73673276, -8.946235390999959 ], [ 116.736625928999956, -8.946256120999919 ], [ 116.736538865000057, -8.946272245999921 ], [ 116.736498053999981, -8.946242681999934 ], [ 116.736427314000139, -8.94610561199994 ], [ 116.736451801000158, -8.945925538999916 ], [ 116.73656879300006, -8.94585028399996 ], [ 116.736658934000161, -8.945848428999909 ], [ 116.736699390000126, -8.945847596999954 ], [ 116.736734759000115, -8.945858346999955 ], [ 116.736859914000092, -8.945818031999863 ], [ 116.73695242000008, -8.945732026999849 ], [ 116.736974186000111, -8.945629895999957 ], [ 116.736971465000124, -8.945490137999911 ], [ 116.736876239000026, -8.945210620999887 ], [ 116.736859914000092, -8.945065486999852 ], [ 116.736783733000038, -8.944871974999955 ], [ 116.736674903000107, -8.944689212999947 ], [ 116.736530703000085, -8.944549454999901 ], [ 116.736419152000167, -8.94443388499991 ], [ 116.736362016000044, -8.944358629999897 ], [ 116.736253186000113, -8.94417318099994 ], [ 116.736280393000129, -8.944068361999882 ], [ 116.736296717999949, -8.9439420409999 ], [ 116.736206932999949, -8.943869473999939 ], [ 116.736060012000166, -8.943772717999934 ], [ 116.735945740000034, -8.943686711999931 ], [ 116.735858676000134, -8.943544264999957 ], [ 116.735830107999959, -8.943376284999886 ], [ 116.735816505000116, -8.943286247999936 ], [ 116.735817865000058, -8.943190835999928 ], [ 116.735854595000092, -8.943084671999941 ], [ 116.73568998899998, -8.943080640999881 ], [ 116.735628772000155, -8.943059138999956 ], [ 116.73558932100002, -8.943043012999851 ], [ 116.735543069000073, -8.943000009999935 ], [ 116.735541708000028, -8.942955663999953 ], [ 116.735549871000103, -8.942912660999923 ], [ 116.735553952000146, -8.942871001999947 ], [ 116.735547150000116, -8.942833373999918 ], [ 116.735532186, -8.942813215999934 ], [ 116.735490014, -8.942776932999948 ], [ 116.735445121000112, -8.942729897999925 ], [ 116.735421995000024, -8.942694957999947 ], [ 116.735421995000024, -8.942673181999908 ], [ 116.735421995000024, -8.942643891999865 ], [ 116.735435599000084, -8.942615671999931 ], [ 116.735470969000176, -8.942587450999952 ], [ 116.735524023000039, -8.942582075999951 ], [ 116.735617889000082, -8.942591482999887 ], [ 116.735683188000053, -8.942625078999924 ], [ 116.735738963000131, -8.94265598699991 ], [ 116.735831469000118, -8.942684207999946 ], [ 116.735951182, -8.942709740999931 ], [ 116.73619605, -8.942608952999933 ], [ 116.736346045000118, -8.942508665999867 ], [ 116.736393305000092, -8.942445003999865 ], [ 116.736480369, -8.942272991999914 ], [ 116.736572874999979, -8.941982721999921 ], [ 116.736600082, -8.941606444999934 ], [ 116.73658919900015, -8.941036653999959 ], [ 116.736387863, -8.939956199999926 ], [ 116.736322565000023, -8.939585295999848 ], [ 116.736254546000055, -8.939110915999947 ], [ 116.736250458000086, -8.939091933999919 ], [ 116.736240942, -8.939047754999876 ], [ 116.736220537, -8.93895234099989 ], [ 116.736204211999961, -8.938874397999939 ], [ 116.736171562999971, -8.93879376599989 ], [ 116.736137554000152, -8.938734636999925 ], [ 116.736053210000136, -8.938667443999861 ], [ 116.735970227000053, -8.938647285999878 ], [ 116.735676386000023, -8.938620408999952 ], [ 116.735426076000067, -8.938585467999928 ], [ 116.735194812000145, -8.938577404999933 ], [ 116.735012521000044, -8.938475271999948 ], [ 116.734865601000138, -8.938375826999959 ], [ 116.734778536000135, -8.938249503999941 ], [ 116.734769014000108, -8.938064051999959 ], [ 116.734789419000094, -8.937969981999856 ], [ 116.734820708000029, -8.9379121959999 ], [ 116.734847916000035, -8.937871879999932 ], [ 116.7349064120001, -8.937823500999912 ], [ 116.73498667399997, -8.937777809999943 ], [ 116.735060135000026, -8.937734805999867 ], [ 116.735181208000085, -8.937675676999959 ], [ 116.735291399000062, -8.937589668999919 ], [ 116.735453283999959, -8.937462002999951 ], [ 116.735529465000013, -8.93740287299994 ], [ 116.735583880000149, -8.937322240999947 ], [ 116.73560972700011, -8.937208012999918 ], [ 116.735608366999941, -8.937109910999936 ], [ 116.735577078000119, -8.936990306999917 ], [ 116.735552590999987, -8.936877422999885 ], [ 116.735528105000071, -8.936834418999865 ], [ 116.735487293000119, -8.936761850999915 ], [ 116.735468247999961, -8.936689281999861 ], [ 116.735424716000125, -8.936608649999869 ], [ 116.735430157, -8.936517266999942 ], [ 116.735468247999961, -8.936409757999911 ], [ 116.73559612300005, -8.936269995999908 ], [ 116.735748486000148, -8.936173237999924 ], [ 116.735849154000107, -8.936140984999895 ], [ 116.736009678000073, -8.936108732999912 ], [ 116.736186526999973, -8.936119482999914 ], [ 116.736409629000036, -8.936084542999936 ], [ 116.736624569000014, -8.936017349999872 ], [ 116.736779652, -8.935912527999903 ], [ 116.736915690000046, -8.935732449999932 ], [ 116.737035402999936, -8.935458300999869 ], [ 116.737144232999981, -8.935270158999856 ], [ 116.73715511599994, -8.935087392999947 ], [ 116.737100701000145, -8.934931503999906 ], [ 116.737043565000022, -8.934794429999954 ], [ 116.736937456000078, -8.93461435099988 ], [ 116.736896644000012, -8.934555220999869 ], [ 116.73681910300013, -8.934451741999908 ], [ 116.736793256000055, -8.934408738999934 ], [ 116.736763327000176, -8.934344232999933 ], [ 116.73672795799996, -8.934263599999895 ], [ 116.736688507000167, -8.934204469999884 ], [ 116.736585118, -8.934125181999889 ], [ 116.736489892, -8.934096959999863 ], [ 116.736379701000033, -8.934078145999933 ], [ 116.736245024000141, -8.934043204999853 ], [ 116.73617972500017, -8.934008264999932 ], [ 116.736141635000081, -8.933984074999955 ], [ 116.736106265000103, -8.933939726999938 ], [ 116.736068174000025, -8.93390344199986 ], [ 116.736001516000101, -8.933851030999961 ], [ 116.735938939, -8.933821465999927 ], [ 116.735916877000136, -8.933804514999906 ], [ 116.735889964999956, -8.933783837999897 ], [ 116.735872280000081, -8.933736801999942 ], [ 116.735892685999943, -8.933672295999941 ], [ 116.735967505999952, -8.933610477999935 ], [ 116.736057290999952, -8.933586287999901 ], [ 116.736208293, -8.933601070999885 ], [ 116.736289916000146, -8.933626603999869 ], [ 116.736366096999973, -8.933672295999941 ], [ 116.736413710000079, -8.933738145999939 ], [ 116.73647220700002, -8.933848343999898 ], [ 116.736554717999979, -8.933889745999863 ], [ 116.736557910000101, -8.933891347999918 ], [ 116.736642254, -8.933907473999909 ], [ 116.736742921999962, -8.933923600999947 ], [ 116.736842229000104, -8.93391419299985 ], [ 116.736957861000064, -8.933883283999876 ], [ 116.736993231000156, -8.933859094999889 ], [ 116.737216333, -8.933789212999898 ], [ 116.737466643000062, -8.933705892999853 ], [ 116.737750962000064, -8.933584943999961 ], [ 116.737727834999987, -8.933545971999933 ], [ 116.737701988000026, -8.933501623999916 ], [ 116.737699267000153, -8.933465338999952 ], [ 116.737711511000043, -8.933420990999878 ], [ 116.737772728000095, -8.933391425999957 ], [ 116.737799172999985, -8.933375097999942 ], [ 116.737848909000036, -8.933344390999878 ], [ 116.737912847000075, -8.933302729999866 ], [ 116.737963180999941, -8.933285259999934 ], [ 116.738017596000077, -8.933301385999869 ], [ 116.738051605000123, -8.933336326999893 ], [ 116.738085436, -8.933372420999888 ], [ 116.738085614000056, -8.933372611999914 ], [ 116.738125064999963, -8.933400832999951 ], [ 116.738176760000101, -8.933446524999908 ], [ 116.738239337000095, -8.933474745999888 ], [ 116.738286656000128, -8.933487791999937 ], [ 116.738356329999988, -8.933506998999917 ], [ 116.738436591999971, -8.933528500999898 ], [ 116.738552224000045, -8.933552690999875 ], [ 116.738663774999964, -8.933591663999891 ], [ 116.738702182999987, -8.933621617999961 ], [ 116.738901572000032, -8.933678854999926 ], [ 116.738938571000176, -8.933681702999877 ], [ 116.738983464000057, -8.933675655999934 ], [ 116.739011351000158, -8.933678342999883 ], [ 116.739050122000094, -8.933681030999935 ], [ 116.739107938000075, -8.933703876999857 ], [ 116.739153048000048, -8.933718159999955 ], [ 116.739320156999952, -8.93377107099991 ], [ 116.739483403000122, -8.93376569499992 ], [ 116.739589511999952, -8.933749568999929 ], [ 116.739736432999962, -8.933677 ], [ 116.739929606000032, -8.933550674999879 ], [ 116.739930607000019, -8.933550311999852 ], [ 116.740062923000096, -8.933502295999858 ], [ 116.740188078000074, -8.933470042999943 ], [ 116.740272421999975, -8.933461979999947 ], [ 116.740495524000153, -8.933478105999939 ], [ 116.740668988000039, -8.933538104999911 ], [ 116.740876429000082, -8.933569489999911 ], [ 116.741083206999974, -8.933523797999953 ], [ 116.741374327000131, -8.933373283999856 ], [ 116.741771557999982, -8.933107195999867 ], [ 116.742308009999988, -8.932714429999862 ], [ 116.743103030000043, -8.932209959999909 ], [ 116.743191546000048, -8.932143568999891 ], [ 116.74358351300009, -8.931800804999853 ], [ 116.743650721, -8.93173247999988 ], [ 116.744451502000061, -8.931029556999931 ], [ 116.744832407, -8.930599513999937 ], [ 116.745120808000024, -8.930217849999906 ], [ 116.745273170000019, -8.929932945999951 ], [ 116.745382000000177, -8.929406140999959 ], [ 116.745490830000108, -8.92904597799992 ], [ 116.745605102000127, -8.928908900999943 ], [ 116.745654075999937, -8.92878257599989 ], [ 116.745654075999937, -8.928696565999871 ], [ 116.745684004000054, -8.928586366999923 ], [ 116.745692166000026, -8.928505733999884 ], [ 116.745741140000177, -8.928400909999937 ], [ 116.745836366000049, -8.928255768999918 ], [ 116.745921073999966, -8.928154470999914 ], [ 116.74599144900003, -8.928070311999932 ], [ 116.746092116999989, -8.927976238999861 ], [ 116.746301615000107, -8.927903668999932 ], [ 116.746507031999954, -8.927884853999956 ], [ 116.746613142, -8.927922482999861 ], [ 116.746730134000131, -8.927985645999854 ], [ 116.746802378999973, -8.928064245999906 ], [ 116.746825361000106, -8.928091813999856 ], [ 116.746892019000143, -8.928141537999863 ], [ 116.74695051499998, -8.928169759999889 ], [ 116.747135526999955, -8.92819529399992 ], [ 116.747283808000134, -8.928187230999924 ], [ 116.747384476000093, -8.928167071999951 ], [ 116.747515072000056, -8.928132130999927 ], [ 116.747629344000075, -8.928125410999883 ], [ 116.74772048900013, -8.928129442999932 ], [ 116.747812995000118, -8.928129442999932 ], [ 116.747829319000061, -8.928128098999935 ], [ 116.747898699000075, -8.928114659999949 ], [ 116.748015690999978, -8.928081062999922 ], [ 116.748124521000136, -8.928023274999873 ], [ 116.748242874000084, -8.927952048999941 ], [ 116.748358506000045, -8.927883509999958 ], [ 116.74844421, -8.927827066999896 ], [ 116.748546238000131, -8.927741056999878 ], [ 116.748577526999952, -8.927685956999937 ], [ 116.748619699000074, -8.927613386999951 ], [ 116.748645046000092, -8.92757648599985 ], [ 116.748671393000109, -8.927538128999856 ], [ 116.748719005999988, -8.927477652999926 ], [ 116.748784304999958, -8.927440023999907 ], [ 116.748883611999986, -8.927410458999873 ], [ 116.749033254000096, -8.927356702999873 ], [ 116.749185616000091, -8.927305634999925 ], [ 116.749414159000025, -8.92719005899994 ], [ 116.749620937000145, -8.927063732999954 ], [ 116.749876688000086, -8.926945469999851 ], [ 116.75010523100002, -8.926786888999914 ], [ 116.750260314, -8.926655186999938 ], [ 116.750633057999949, -8.926305772999854 ], [ 116.750794417999941, -8.926116360999913 ], [ 116.750864322000098, -8.92603430499986 ], [ 116.750973152000029, -8.925769555999921 ], [ 116.751042530999939, -8.925623069999858 ], [ 116.751205440000035, -8.925313949999861 ], [ 116.75154614500002, -8.924602388999915 ], [ 116.751605727999959, -8.924369204999948 ], [ 116.751646539000035, -8.924095047999913 ], [ 116.751692792000085, -8.923710688999904 ], [ 116.751690071000098, -8.923425779999945 ], [ 116.751695512999959, -8.923011854999913 ], [ 116.751694152000141, -8.922772637999913 ], [ 116.751672386000109, -8.922579113999916 ], [ 116.751638377000063, -8.922439346999909 ], [ 116.751593483999955, -8.922260605999952 ], [ 116.751548592000177, -8.922126214999935 ], [ 116.751449284000159, -8.921878933999949 ], [ 116.751243867000085, -8.921391090999919 ], [ 116.75117176699996, -8.921225788999948 ], [ 116.751046459000122, -8.920999165999945 ], [ 116.750933701, -8.920806485999947 ], [ 116.750819430000092, -8.920629087999941 ], [ 116.750590886000168, -8.92033342499991 ], [ 116.750351460000047, -8.920156026999905 ], [ 116.750090267000019, -8.919940998999948 ], [ 116.749861724000084, -8.919742097999915 ], [ 116.749595090000071, -8.919467936999865 ], [ 116.749306690000139, -8.919188399999939 ], [ 116.74913256100001, -8.918978746999926 ], [ 116.748697239999956, -8.918672330999868 ], [ 116.748338101000058, -8.918468053999902 ], [ 116.747755859, -8.918312157999878 ], [ 116.747602371000085, -8.918251504999944 ], [ 116.747211708, -8.918097128999875 ], [ 116.746558727000092, -8.917812214999913 ], [ 116.746112523000079, -8.917570306999892 ], [ 116.745884273, -8.917375446999927 ], [ 116.745584236000013, -8.91711930199989 ], [ 116.745535722999989, -8.917070362999937 ], [ 116.745250042999942, -8.91678544899986 ], [ 116.744950759999938, -8.916500533999852 ], [ 116.744678685000054, -8.916237121999927 ], [ 116.744515439000111, -8.916062409999938 ], [ 116.744273292, -8.915847379999889 ], [ 116.744088281000131, -8.915669979999848 ], [ 116.743911432000118, -8.915527521999877 ], [ 116.743744070000162, -8.915390862999857 ], [ 116.743644798000105, -8.9153098029999 ], [ 116.743440740999972, -8.915178096999853 ], [ 116.743138737000095, -8.915065205999952 ], [ 116.743022583999959, -8.915053435999937 ], [ 116.742926518, -8.915043702999924 ], [ 116.742814967000072, -8.915075956999942 ], [ 116.742741507, -8.915137778999906 ], [ 116.742681419000064, -8.915212444999952 ], [ 116.742485050000028, -8.915287009999872 ], [ 116.742210390000082, -8.915352809999945 ], [ 116.74188995999998, -8.915409100000034 ], [ 116.740829459999986, -8.915615079999952 ], [ 116.74034882, -8.915786739999874 ], [ 116.740165730000058, -8.915828689999955 ], [ 116.739776600000141, -8.915739079999923 ], [ 116.738807680000036, -8.915575019999892 ], [ 116.738479610000127, -8.915541649999909 ], [ 116.738082889999987, -8.915552139999875 ], [ 116.737731920000101, -8.915637979999872 ], [ 116.736991900000135, -8.915737169999943 ], [ 116.736236550000172, -8.91587638999988 ], [ 116.73589325, -8.915937419999864 ], [ 116.735065690000056, -8.916000429999883 ], [ 116.734878550000076, -8.916014679999876 ], [ 116.73466492, -8.91603087999988 ], [ 116.734413160000145, -8.916035639999905 ], [ 116.73394774999997, -8.915808689999892 ], [ 116.733749400000079, -8.915672319999885 ], [ 116.73327637, -8.914905529999942 ], [ 116.733184800000117, -8.914808249999908 ], [ 116.732971199999952, -8.914772029999938 ], [ 116.732789700000012, -8.914711539999871 ], [ 116.732788090000099, -8.914711 ], [ 116.731994630000031, -8.914443019999851 ], [ 116.73146821, -8.91398809999987 ], [ 116.730773920000047, -8.913510309999879 ], [ 116.730255120000152, -8.913143169999955 ], [ 116.72991178999996, -8.912918079999884 ], [ 116.729286190000039, -8.91258047999986 ], [ 116.728637710000044, -8.912001589999932 ], [ 116.728446960000156, -8.911833759999922 ], [ 116.727638240000147, -8.911506659999816 ], [ 116.727371230000131, -8.911460859999863 ], [ 116.727134700000079, -8.911479939999936 ], [ 116.726036069999964, -8.911676429999943 ], [ 116.725540170000158, -8.911489489999894 ], [ 116.725387569999953, -8.911384579999947 ], [ 116.725250259999939, -8.911220539999874 ], [ 116.72517394, -8.911021230000017 ], [ 116.725067140000078, -8.910570129999883 ], [ 116.725006089999965, -8.910175329999902 ], [ 116.725044240000102, -8.90978145999992 ], [ 116.725090039999941, -8.909439079999913 ], [ 116.725440990000038, -8.907742479999854 ], [ 116.725547790000064, -8.9074726099999 ], [ 116.725776669999959, -8.907081599999913 ], [ 116.726051330000132, -8.906561859999954 ], [ 116.726249700000039, -8.90620803999991 ], [ 116.726356499999952, -8.906038269999897 ], [ 116.726509080000028, -8.905925739999816 ], [ 116.72688291999998, -8.90584183999988 ], [ 116.726989740000135, -8.905806559999917 ], [ 116.727127089999954, -8.905720699999904 ], [ 116.72717286, -8.905696859999921 ], [ 116.727546700000062, -8.905602459999898 ], [ 116.727996829999938, -8.905581469999959 ], [ 116.728462219999983, -8.905585289999919 ], [ 116.728645330000177, -8.905531899999914 ], [ 116.728782649999971, -8.905525199999886 ], [ 116.728958120000129, -8.905628189999902 ], [ 116.729118360000029, -8.905704499999899 ], [ 116.729423530000076, -8.905779839999923 ], [ 116.729621899999984, -8.905849449999891 ], [ 116.729797370000142, -8.905975359999957 ], [ 116.730560289999971, -8.905973449999863 ], [ 116.730789200000117, -8.905935269999929 ], [ 116.731109599999968, -8.905777929999942 ], [ 116.731399539999984, -8.905439389999913 ], [ 116.731605530000138, -8.905092239999874 ], [ 116.732170099999962, -8.904125199999953 ], [ 116.73234557000012, -8.903733249999959 ], [ 116.73250579, -8.903215409999916 ], [ 116.732536300000106, -8.902853949999951 ], [ 116.732566840000118, -8.902567879999935 ], [ 116.732666030000132, -8.902147269999944 ], [ 116.732688900000085, -8.901242249999939 ], [ 116.732666030000132, -8.901109699999949 ], [ 116.732444760000135, -8.900748239999871 ], [ 116.732262649999939, -8.900544729999922 ], [ 116.732200619999958, -8.900475489999906 ], [ 116.731742870000176, -8.90006829999993 ], [ 116.731399539999984, -8.899868019999872 ], [ 116.730758660000106, -8.899514199999942 ], [ 116.730484, -8.899327289999917 ], [ 116.730110160000095, -8.898913379999954 ], [ 116.729904170000054, -8.898600589999944 ], [ 116.72972108, -8.898167609999916 ], [ 116.729660030000105, -8.897891039999934 ], [ 116.72964477000005, -8.897202499999878 ], [ 116.72964477000005, -8.896787619999941 ], [ 116.729515070000048, -8.896452899999929 ], [ 116.729431149999982, -8.896232599999905 ], [ 116.729446400000029, -8.896041869999863 ], [ 116.729476920000025, -8.895696639999926 ], [ 116.729583740000066, -8.895010949999914 ], [ 116.729637130000015, -8.894818309999948 ], [ 116.72988892, -8.894567489999929 ], [ 116.73062896, -8.894104009999921 ], [ 116.730865490000042, -8.894031519999885 ], [ 116.731147760000113, -8.894018179999932 ], [ 116.731513990000053, -8.894032489999859 ], [ 116.731697070000109, -8.89402387999985 ], [ 116.73188018999997, -8.89391422999995 ], [ 116.731979369999976, -8.893791199999896 ], [ 116.731979369999976, -8.893589979999945 ], [ 116.731964110000149, -8.893419269999924 ], [ 116.731849670000088, -8.893196089999947 ], [ 116.731643690000055, -8.892831799999897 ], [ 116.731605530000138, -8.892256759999952 ], [ 116.73161317000006, -8.892146109999942 ], [ 116.731758099999979, -8.891901969999878 ], [ 116.731918340000107, -8.891741749999881 ], [ 116.732292189999953, -8.891558639999914 ], [ 116.732711780000045, -8.891361239999924 ], [ 116.732978820000085, -8.891260139999929 ], [ 116.733642570000143, -8.891186709999943 ], [ 116.734001160000162, -8.891192409999917 ], [ 116.7341156, -8.891239179999957 ], [ 116.734657280000079, -8.891538619999949 ], [ 116.7347641, -8.891610139999898 ], [ 116.734863290000021, -8.891930569999943 ], [ 116.734924320000118, -8.892268189999925 ], [ 116.734992990000137, -8.892471329999921 ], [ 116.73501589, -8.892623899999933 ], [ 116.73524475, -8.892865169999936 ], [ 116.73551176, -8.893145579999953 ], [ 116.73574829000006, -8.893392569999946 ], [ 116.736618059999955, -8.894002919999934 ], [ 116.737060550000137, -8.89421842999991 ], [ 116.737678530000039, -8.894536009999911 ], [ 116.738235459999942, -8.894829739999921 ], [ 116.738632199999984, -8.895034789999954 ], [ 116.739128110000138, -8.895293249999895 ], [ 116.739433279999957, -8.895440109999925 ], [ 116.740080462000037, -8.895714855999927 ], [ 116.740495367, -8.895890993999899 ], [ 116.740679036000074, -8.895968965999941 ], [ 116.74084786100002, -8.89604791499994 ], [ 116.740983898999957, -8.896077483999875 ], [ 116.741060080000125, -8.896098987999892 ], [ 116.741185235000103, -8.896107051999934 ], [ 116.741364804999989, -8.896088235999912 ], [ 116.741454590000103, -8.896066731999952 ], [ 116.742053156, -8.895905449999873 ], [ 116.742564658000106, -8.895733415999928 ], [ 116.7427170200001, -8.895754920999934 ], [ 116.743119691999937, -8.896152747999906 ], [ 116.743598544999941, -8.896572079999942 ], [ 116.743870620000166, -8.896819377999918 ], [ 116.743903270000146, -8.896980658999894 ], [ 116.743881503000011, -8.897760183999935 ], [ 116.743957684999941, -8.897937592999938 ], [ 116.744044749000068, -8.898141881999891 ], [ 116.744093722000116, -8.898292409999897 ], [ 116.744246084999986, -8.898507450999944 ], [ 116.744496394000066, -8.898819259999925 ], [ 116.744855534000067, -8.899313852999853 ], [ 116.745426893000058, -8.89984607699995 ], [ 116.745628228000101, -8.899993915999914 ], [ 116.745810518999974, -8.900098747999891 ], [ 116.746014576000107, -8.900171323999928 ], [ 116.746327462999943, -8.90020626799992 ], [ 116.746468941999979, -8.900195515999883 ], [ 116.746692044000156, -8.900184763999903 ], [ 116.746797696000044, -8.900211604999924 ], [ 116.746882497, -8.900233147999927 ], [ 116.747108319000063, -8.900319163999939 ], [ 116.747350467000047, -8.900394427999913 ], [ 116.747559964999937, -8.90057721099987 ], [ 116.74767967799994, -8.900472379999883 ], [ 116.747872852, -8.900337979999961 ], [ 116.748139486000014, -8.900112187999923 ], [ 116.748291848, -8.899999291999904 ], [ 116.748468697000021, -8.899891772999922 ], [ 116.748473273000059, -8.899889436999899 ], [ 116.748631942000088, -8.899808444999849 ], [ 116.748876809999956, -8.899746620999906 ], [ 116.748965895000083, -8.899732903999904 ], [ 116.749086308000074, -8.899714364999909 ], [ 116.749320293000096, -8.899655228999961 ], [ 116.74953523299996, -8.899547708999933 ], [ 116.749761056000125, -8.899397180999927 ], [ 116.749965112000041, -8.899195579999855 ], [ 116.750131077999981, -8.898972475999869 ], [ 116.750234467000041, -8.898819259999925 ], [ 116.750307927999984, -8.898719803999938 ], [ 116.750479335000136, -8.89860153099994 ], [ 116.750658905000023, -8.898461754999914 ], [ 116.750803105000045, -8.898311225999862 ], [ 116.750887447999958, -8.898109625999894 ], [ 116.750920097000176, -8.897910712999931 ], [ 116.750922818000049, -8.897776311999849 ], [ 116.750891878999937, -8.897706507999942 ], [ 116.750796531, -8.897602727999868 ], [ 116.750757028000066, -8.897546136999892 ], [ 116.750743201000091, -8.897466129999941 ], [ 116.750751102000095, -8.897313919999874 ], [ 116.750826158999985, -8.897095362999892 ], [ 116.75092096700007, -8.896900222999932 ], [ 116.751390338000078, -8.896382211999878 ], [ 116.751525367999989, -8.896226012999932 ], [ 116.75137723, -8.895957693999947 ], [ 116.751315012999953, -8.89586500199988 ], [ 116.751213297000049, -8.895798119999938 ], [ 116.750027202999945, -8.895067850999908 ], [ 116.750580249999985, -8.894228741999939 ], [ 116.75174164900011, -8.894944911999858 ], [ 116.751799915999982, -8.894864903999917 ], [ 116.751852368000073, -8.894809346999921 ], [ 116.751915464000149, -8.894756599999937 ], [ 116.75203199900011, -8.894672689999936 ], [ 116.752172236000092, -8.894549749999953 ], [ 116.752314448, -8.894323385999883 ], [ 116.75245666, -8.893913587999918 ], [ 116.752508014, -8.89364038999986 ], [ 116.75250406400005, -8.893378898999913 ], [ 116.752519864999954, -8.892520271999899 ], [ 116.752488262000156, -8.891856786999881 ], [ 116.752409255999964, -8.891446985999892 ], [ 116.752310497000053, -8.891060601999925 ], [ 116.752197913000032, -8.890496636999956 ], [ 116.752150508999989, -8.890303444999915 ], [ 116.752085328000021, -8.890084883999918 ], [ 116.752008296999975, -8.889883885999893 ], [ 116.751937191000138, -8.889721915999928 ], [ 116.751798929000074, -8.889335529999926 ], [ 116.751646841000024, -8.889031104999958 ], [ 116.751547081000126, -8.888849916999959 ], [ 116.751503641000113, -8.888756926999918 ], [ 116.751391056999978, -8.888553975999912 ], [ 116.751274522000017, -8.888376394999852 ], [ 116.751163912000152, -8.888220278999938 ], [ 116.75100589900012, -8.888056356999925 ], [ 116.750915041000098, -8.887960735999854 ], [ 116.750806407000141, -8.887845599999935 ], [ 116.750741225999946, -8.887777298999936 ], [ 116.750689871999953, -8.887716803999922 ], [ 116.750634567000134, -8.887673871999937 ], [ 116.750557536000088, -8.88760557199987 ], [ 116.750423223999974, -8.887488483999959 ], [ 116.750343230000112, -8.88742506199992 ], [ 116.750278049000144, -8.887384081999926 ], [ 116.750180279, -8.88731578099987 ], [ 116.750094359000059, -8.887245527999937 ], [ 116.750054855000144, -8.887163566999959 ], [ 116.750007451000101, -8.887050382999917 ], [ 116.749963998, -8.886859139999899 ], [ 116.749924494000084, -8.886691314999894 ], [ 116.749877090000041, -8.886614231999886 ], [ 116.749806971999988, -8.886569348999899 ], [ 116.749730928000076, -8.886539100999926 ], [ 116.749669698000162, -8.886514707999936 ], [ 116.749602542000048, -8.886513731999855 ], [ 116.749529460999952, -8.886513731999855 ], [ 116.749455421999983, -8.886524862999863 ], [ 116.749261825999952, -8.886542027999951 ], [ 116.749131464000016, -8.886612280999941 ], [ 116.749052458000051, -8.886717659999931 ], [ 116.749014930000158, -8.886834746999853 ], [ 116.74896554999998, -8.887059163999936 ], [ 116.748920121000083, -8.887160639999934 ], [ 116.748892469000111, -8.887228940999876 ], [ 116.74880556200003, -8.88731480499996 ], [ 116.74864557300009, -8.887351882999951 ], [ 116.748256465000054, -8.887373348999915 ], [ 116.747972041000139, -8.887390911999944 ], [ 116.747814027, -8.887396765999881 ], [ 116.747630337000032, -8.887361639999938 ], [ 116.747519727000167, -8.887316756999951 ], [ 116.747237278000171, -8.887195765999877 ], [ 116.747047662000114, -8.887105998999914 ], [ 116.746806692000064, -8.886981105999894 ], [ 116.746530168000049, -8.886844503999953 ], [ 116.746000823000031, -8.88678596099993 ], [ 116.745657144, -8.886746930999948 ], [ 116.745439875999978, -8.88662594099992 ], [ 116.745313465000095, -8.886512755999945 ], [ 116.745139650000169, -8.88629028999992 ], [ 116.744918431000087, -8.886067823999895 ], [ 116.744551050000155, -8.885892191999858 ], [ 116.744246874000169, -8.885899997999957 ], [ 116.74402960600014, -8.885868774999949 ], [ 116.743828138000026, -8.885767298999895 ], [ 116.743606920000161, -8.88568923999992 ], [ 116.743452856999966, -8.885587763999865 ], [ 116.743286941999941, -8.885466772999905 ], [ 116.743140779999976, -8.885357490999922 ], [ 116.74297486599994, -8.88526382099991 ], [ 116.742753646999972, -8.885216985999932 ], [ 116.742500825999969, -8.885146732999885 ], [ 116.742363033999936, -8.885062326999957 ], [ 116.742251431, -8.884948858999849 ], [ 116.742145295000114, -8.884791565999933 ], [ 116.742137394999986, -8.884643253999911 ], [ 116.742172947999961, -8.884463718999882 ], [ 116.742287507000128, -8.884241251999924 ], [ 116.742338862, -8.884057812999856 ], [ 116.742358614000068, -8.883835345999955 ], [ 116.742220352, -8.883546526999908 ], [ 116.742038636000075, -8.883249902999921 ], [ 116.741837169000064, -8.88306256199985 ], [ 116.741623850999986, -8.882949375999885 ], [ 116.741390781000064, -8.882894733999933 ], [ 116.741090556000131, -8.882883025999945 ], [ 116.74076662799996, -8.882976696999947 ], [ 116.739814596999963, -8.883224533999908 ], [ 116.739555849999988, -8.883294786999954 ], [ 116.739196369999945, -8.883347476999916 ], [ 116.738860591000162, -8.883327961999953 ], [ 116.738669, -8.883205018999888 ], [ 116.738491235000083, -8.883105493999949 ], [ 116.738224587000104, -8.882957181999927 ], [ 116.73792633700009, -8.882894733999933 ], [ 116.737517476999983, -8.882816674999958 ], [ 116.737408857999981, -8.882793804999892 ], [ 116.73732756000004, -8.88276384999989 ], [ 116.737148825000077, -8.88267329599995 ], [ 116.737023685000054, -8.88258249799992 ], [ 116.736934802000064, -8.882477117999883 ], [ 116.736887398000022, -8.882365883999853 ], [ 116.736865671000032, -8.882215619999954 ], [ 116.736861721000082, -8.882131705999939 ], [ 116.736864346999937, -8.882086620999928 ], [ 116.73687743000005, -8.882068629999935 ], [ 116.736907950000159, -8.88195228 ], [ 116.736816399999952, -8.881568889999926 ], [ 116.736763020000012, -8.881517409999901 ], [ 116.736671450000131, -8.881434449999858 ], [ 116.736511230000133, -8.881365779999953 ], [ 116.736274947000084, -8.881271812999898 ], [ 116.736237568000092, -8.881234022999877 ], [ 116.736158561000025, -8.881157914999903 ], [ 116.736083505000011, -8.88108180699993 ], [ 116.73596697000005, -8.880974474999903 ], [ 116.735850435000089, -8.880921784999941 ], [ 116.735635141999978, -8.880898366999929 ], [ 116.735447500999953, -8.88087494899986 ], [ 116.735311214000149, -8.880865191999931 ], [ 116.735147275000031, -8.880896415999928 ], [ 116.735040616, -8.880908124999848 ], [ 116.734892479000109, -8.880941299999904 ], [ 116.73472656499996, -8.880976426999894 ], [ 116.734608410999954, -8.88100302499987 ], [ 116.734588630000076, -8.881005279999897 ], [ 116.734413160000145, -8.880973829999959 ], [ 116.734268199999974, -8.880862239999942 ], [ 116.734131200000093, -8.880692589999853 ], [ 116.73418425, -8.880539899999917 ], [ 116.734344490000126, -8.880423539999924 ], [ 116.734519960000057, -8.880338649999885 ], [ 116.734840410000061, -8.880218499999899 ], [ 116.735130300000151, -8.879974379999851 ], [ 116.735481250000021, -8.879897099999937 ], [ 116.735763570000131, -8.879866609999908 ], [ 116.735939040000062, -8.879802709999865 ], [ 116.736251830000015, -8.879601479999906 ], [ 116.736816399999952, -8.879126539999959 ], [ 116.73697661999995, -8.87870025999996 ], [ 116.737068190000059, -8.8783884099999 ], [ 116.737152090000109, -8.87814426999995 ], [ 116.737289430000033, -8.877928729999894 ], [ 116.737487800000167, -8.877738939999915 ], [ 116.737663270000098, -8.877662659999885 ], [ 116.738502500000095, -8.877600659999928 ], [ 116.738639840000019, -8.877509109999892 ], [ 116.738716130000171, -8.877374649999865 ], [ 116.738868730000149, -8.877098079999882 ], [ 116.739067070000033, -8.876750939999852 ], [ 116.739204390000054, -8.876525899999933 ], [ 116.739463819999969, -8.876164430000017 ], [ 116.739883409999948, -8.875803959999928 ], [ 116.739968644999976, -8.875713869999856 ], [ 116.740023641000107, -8.875387844999864 ], [ 116.740078637000011, -8.875017360999948 ], [ 116.740083637, -8.874612297999931 ], [ 116.740008642000134, -8.874059041999885 ], [ 116.739951146000067, -8.873715725999944 ], [ 116.73984615400002, -8.873135297999852 ], [ 116.739771159000156, -8.872903126999915 ], [ 116.739571173000058, -8.87247336299987 ], [ 116.739498678000018, -8.872317758999884 ], [ 116.739353689000041, -8.872110285999952 ], [ 116.739223698000046, -8.871929982999859 ], [ 116.739043711000022, -8.871808956999871 ], [ 116.738841225000101, -8.87176202899991 ], [ 116.738618740999982, -8.871779317999938 ], [ 116.73846375200003, -8.871885523999936 ], [ 116.738331212000048, -8.872040645999959 ], [ 116.738105760000053, -8.872200969999881 ], [ 116.737877210999955, -8.872314316999848 ], [ 116.737536318000025, -8.872379506999948 ], [ 116.737321332999954, -8.872349867999958 ], [ 116.737066352000056, -8.872260950999987 ], [ 116.736976358000106, -8.872186853999892 ], [ 116.736806370000068, -8.871974440999907 ], [ 116.736611384000071, -8.871791667999958 ], [ 116.736471394000091, -8.871574314999918 ], [ 116.736366400999941, -8.8714409399999 ], [ 116.7361464170001, -8.871342142999879 ], [ 116.735851438000054, -8.871218646999921 ], [ 116.735561459, -8.87117418899993 ], [ 116.735291478000136, -8.871159368999884 ], [ 116.7349265040001, -8.871144549999883 ], [ 116.734656523000126, -8.871154428999887 ], [ 116.734321547000036, -8.87119394799987 ], [ 116.734071565000022, -8.871287804999952 ], [ 116.733876579000025, -8.871352022999929 ], [ 116.733661594000068, -8.871421179999857 ], [ 116.733551602000034, -8.871421179999857 ], [ 116.733486607000032, -8.871371781999869 ], [ 116.733464020000042, -8.87123341899985 ], [ 116.733461608000084, -8.871218646999921 ], [ 116.733484635999957, -8.871122580999952 ], [ 116.733506605, -8.871030932999929 ], [ 116.733581600000093, -8.870986474999938 ], [ 116.733746588000031, -8.87090249799985 ], [ 116.73391907600012, -8.870756771999879 ], [ 116.733961572999988, -8.870724662999862 ], [ 116.733994070000108, -8.870643155999915 ], [ 116.733959073000051, -8.870554238999887 ], [ 116.733859080000116, -8.870492490999936 ], [ 116.733719090000022, -8.870425802999932 ], [ 116.733661278000113, -8.870393363999938 ], [ 116.733516603999988, -8.870312185999865 ], [ 116.733461608000084, -8.870267727999931 ], [ 116.733346616000176, -8.870166460999883 ], [ 116.733244123999953, -8.870050373999959 ], [ 116.733181628000011, -8.869897238999897 ], [ 116.73310163400015, -8.869761392999919 ], [ 116.73306913600004, -8.869689764999862 ], [ 116.733009141000025, -8.869650245999878 ], [ 116.732949145000021, -8.869645305999939 ], [ 116.732861651000121, -8.869630486999938 ], [ 116.732771657000058, -8.869595907999951 ], [ 116.732706662000169, -8.869539098999951 ], [ 116.732591670000033, -8.869442771999957 ], [ 116.732489178000037, -8.869348914999932 ], [ 116.732309190000137, -8.869225417999928 ], [ 116.732119204000014, -8.869087101999924 ], [ 116.731986712999969, -8.868988304999903 ], [ 116.731911718999982, -8.868926555999849 ], [ 116.731904219000057, -8.868872217999922 ], [ 116.731931717000066, -8.868815408999922 ], [ 116.731974214000047, -8.868793179999955 ], [ 116.732044209000151, -8.868825288999915 ], [ 116.732204197999977, -8.868887036999865 ], [ 116.732369186000142, -8.868971014999886 ], [ 116.732541674, -8.86905252299988 ], [ 116.732646665999937, -8.869129090999934 ], [ 116.732734160000064, -8.869178489999854 ], [ 116.73278665600003, -8.869227887999955 ], [ 116.732884149000142, -8.869247647999885 ], [ 116.732905199000129, -8.869237247999934 ], [ 116.732984141999964, -8.869198248999908 ], [ 116.733081634999962, -8.86913897099987 ], [ 116.7331916280001, -8.869109330999891 ], [ 116.733481607000044, -8.86907722199993 ], [ 116.733739088999982, -8.86909698199986 ], [ 116.733961572999988, -8.869087101999924 ], [ 116.73402015299996, -8.869057334999866 ], [ 116.734136560000138, -8.86899818399985 ], [ 116.734264050999968, -8.868882097999915 ], [ 116.734386542000038, -8.868706731999907 ], [ 116.734519960000057, -8.868378639999946 ], [ 116.734558090000064, -8.868264219999958 ], [ 116.734634400000118, -8.867975219999948 ], [ 116.734611500000028, -8.867585179999935 ], [ 116.734420770000042, -8.867303829999912 ], [ 116.734428389999948, -8.867160799999908 ], [ 116.734558090000064, -8.866708759999938 ], [ 116.734703070000137, -8.866514189999918 ], [ 116.734863290000021, -8.866396919999943 ], [ 116.73501589, -8.86636542999986 ], [ 116.735321060000047, -8.866375929999947 ], [ 116.735717770000065, -8.866368289999855 ], [ 116.73652648999996, -8.866137489999858 ], [ 116.736808760000031, -8.866032599999869 ], [ 116.737426750000054, -8.86581611999992 ], [ 116.737640400000146, -8.865721699999938 ], [ 116.738578790000133, -8.865493759999879 ], [ 116.739509560000101, -8.865474699999879 ], [ 116.73995208000008, -8.865539549999937 ], [ 116.740119930000105, -8.865629189999879 ], [ 116.740295400000036, -8.865715989999956 ], [ 116.74079895, -8.865724549999868 ], [ 116.740882879999958, -8.865725519999955 ], [ 116.741645820000031, -8.86567213 ], [ 116.741950989999964, -8.865568179999912 ], [ 116.742301930000053, -8.865486139999859 ], [ 116.74279786, -8.865398419999906 ], [ 116.743064900000036, -8.865439419999916 ], [ 116.74334717, -8.865505219999932 ], [ 116.743576060000123, -8.865558609999937 ], [ 116.743957519999981, -8.865531939999926 ], [ 116.744529710000165, -8.865450859999953 ], [ 116.744674690000011, -8.865370749999897 ], [ 116.744979860000058, -8.865206719999946 ], [ 116.745239260000062, -8.865065579999907 ], [ 116.745498659999953, -8.864842399999986 ], [ 116.745880120000152, -8.864432339999894 ], [ 116.745918280000069, -8.864272129999961 ], [ 116.745971690000033, -8.864027009999916 ], [ 116.746025080000095, -8.863836279999873 ], [ 116.746070870000153, -8.863646499999902 ], [ 116.746139540000058, -8.863517769999817 ], [ 116.746307379999962, -8.863377569999955 ], [ 116.746627799999942, -8.863256459999945 ], [ 116.746818559999952, -8.863237379999873 ], [ 116.747207640000056, -8.863282209999852 ], [ 116.748481740000102, -8.863879199999872 ], [ 116.749053949999961, -8.86422156999987 ], [ 116.74954987000001, -8.864229209999905 ], [ 116.749794019999968, -8.864199629999916 ], [ 116.750000010000122, -8.864149099999906 ], [ 116.75012971000001, -8.864117619999888 ], [ 116.751075740000147, -8.863771429999929 ], [ 116.751449579999985, -8.863641739999935 ], [ 116.752006530000017, -8.863277419999918 ], [ 116.752479539999968, -8.862879759999942 ], [ 116.75264739, -8.862711899999908 ], [ 116.752807610000104, -8.862597489999871 ], [ 116.752838150000116, -8.862570769999877 ], [ 116.752876280000123, -8.86249923999992 ], [ 116.75297546000013, -8.862382889999878 ], [ 116.753067030000011, -8.862333299999932 ], [ 116.753379819999964, -8.862317070000017 ], [ 116.753578190000098, -8.862373359999879 ], [ 116.753738409999983, -8.862469669999939 ], [ 116.753799430000072, -8.862621299999887 ], [ 116.753860459999942, -8.862742419999961 ], [ 116.754112250000048, -8.862903599999868 ], [ 116.754272460000152, -8.863015189999885 ], [ 116.754416365999987, -8.863204911999958 ], [ 116.754461363000019, -8.863271600999951 ], [ 116.754503860000113, -8.863377809999861 ], [ 116.754508859000111, -8.863469198999951 ], [ 116.754537606999975, -8.863681615999951 ], [ 116.754563855000015, -8.863782884999921 ], [ 116.754628851, -8.863858218999894 ], [ 116.754747592000172, -8.863916262999908 ], [ 116.754927579000082, -8.863978011999905 ], [ 116.755012573000158, -8.863999006999904 ], [ 116.755190061000121, -8.864026175999868 ], [ 116.755353798999977, -8.864048405999938 ], [ 116.755455020000113, -8.864077569999949 ], [ 116.755469550000043, -8.864082500999928 ], [ 116.755477540000015, -8.864090394999948 ], [ 116.755667527000014, -8.864233652999872 ], [ 116.755877512000097, -8.864347271999861 ], [ 116.756117495000126, -8.864381850999905 ], [ 116.756182632000105, -8.864380318999849 ], [ 116.756327479999982, -8.864376910999852 ], [ 116.756557463000149, -8.864376910999852 ], [ 116.756792446999953, -8.864347271999861 ], [ 116.757080821000045, -8.864237312999933 ], [ 116.757412402, -8.864075575999948 ], [ 116.75786237, -8.863873037999895 ], [ 116.758197345999974, -8.863660620999894 ], [ 116.758617317000017, -8.863403743999868 ], [ 116.75889729700009, -8.863216026999908 ], [ 116.759182276000161, -8.863003608999918 ], [ 116.759357264000073, -8.862860350999938 ], [ 116.759562249000055, -8.862667692999935 ], [ 116.759812230999955, -8.862435514999959 ], [ 116.760032216000127, -8.862267555999949 ], [ 116.760222202000023, -8.862114417999862 ], [ 116.760442186999967, -8.861985978999883 ], [ 116.760672170000134, -8.861852599999906 ], [ 116.760887155000091, -8.861724160999927 ], [ 116.761181282000166, -8.861564253999916 ], [ 116.761372120000146, -8.861457402999861 ], [ 116.762092069000118, -8.860988105999922 ], [ 116.762527038000144, -8.860637366999867 ], [ 116.763101997000149, -8.860266868999929 ], [ 116.763461972000073, -8.859970469999951 ], [ 116.763826946, -8.859545630999946 ], [ 116.764136923000024, -8.859204770999895 ], [ 116.764401905000113, -8.858873790999951 ], [ 116.76473688100009, -8.858503290999863 ], [ 116.764744238000048, -8.858493852999914 ], [ 116.765021860000161, -8.858137729999896 ], [ 116.765316839000093, -8.857747468999946 ], [ 116.765636816999972, -8.857381907999923 ], [ 116.765816804, -8.857169486999908 ], [ 116.766086785000084, -8.856917544999931 ], [ 116.766531753000095, -8.856626082999867 ], [ 116.766886728000031, -8.856388961999926 ], [ 116.767276700000025, -8.856141959999889 ], [ 116.767681671, -8.855865317999928 ], [ 116.768080565, -8.855405488999907 ], [ 116.768161637000162, -8.855312032999905 ], [ 116.768431618000022, -8.854729105999866 ], [ 116.768711598000095, -8.853864594999948 ], [ 116.768796591999944, -8.853375527999958 ], [ 116.768826589000014, -8.852935860999935 ], [ 116.768847515000061, -8.852747473999955 ], [ 116.768871586000159, -8.852530773999888 ], [ 116.768991577999941, -8.852036764999866 ], [ 116.769084467000084, -8.851748608999912 ], [ 116.769470210000122, -8.851061829999935 ], [ 116.769767770000044, -8.850625989999912 ], [ 116.769882180000081, -8.850444789999869 ], [ 116.770439160000024, -8.84969136999996 ], [ 116.770507810000026, -8.849466329999927 ], [ 116.77064514999995, -8.849222189999864 ], [ 116.770774850000066, -8.848979959999895 ], [ 116.770912190000104, -8.848707209999873 ], [ 116.77108, -8.848348619999911 ], [ 116.771141049999983, -8.84804915999996 ], [ 116.771186850000049, -8.847124089999909 ], [ 116.77120208000008, -8.846683489999862 ], [ 116.771232599999962, -8.844424259999926 ], [ 116.771156310000038, -8.842875499999934 ], [ 116.771041869999976, -8.842358579999939 ], [ 116.77099609000004, -8.842114439999932 ], [ 116.770927430000029, -8.8416461999999 ], [ 116.770782469999972, -8.841320039999914 ], [ 116.77066802000013, -8.840991 ], [ 116.770530680000093, -8.840346349999891 ], [ 116.770430281000017, -8.839969320999899 ], [ 116.770353980999971, -8.839743137999903 ], [ 116.770268987, -8.839520825999898 ], [ 116.770178993000059, -8.83927381299992 ], [ 116.770117746999972, -8.839163891999931 ], [ 116.7700615010001, -8.839049030999945 ], [ 116.769995596000058, -8.838993857999924 ], [ 116.769971508000026, -8.838973691999854 ], [ 116.769875265, -8.838947755999925 ], [ 116.76978527100016, -8.838953930999878 ], [ 116.769617783000172, -8.838971221999884 ], [ 116.769435296000097, -8.838914408999926 ], [ 116.769325304000063, -8.838874886999918 ], [ 116.76912156800006, -8.83874396899995 ], [ 116.768987828000036, -8.838678510999955 ], [ 116.768882835000113, -8.83864022399996 ], [ 116.768820340000161, -8.838571059999936 ], [ 116.768768320000163, -8.838479049999933 ], [ 116.768676750000054, -8.838374149999879 ], [ 116.768585180000059, -8.838354109999898 ], [ 116.767601020000029, -8.838586809999924 ], [ 116.767448419999937, -8.838600159999942 ], [ 116.767005909999966, -8.838504799999953 ], [ 116.766860980000047, -8.838485719999881 ], [ 116.76671602, -8.838522909999938 ], [ 116.766632070000128, -8.838623029999951 ], [ 116.766555779999976, -8.838836659999856 ], [ 116.766551794999941, -8.838845893999917 ], [ 116.766535503, -8.83892428899992 ], [ 116.766523003000088, -8.838983571999961 ], [ 116.766501755000036, -8.839067556999908 ], [ 116.766481755999962, -8.839130544999932 ], [ 116.766460508000137, -8.839202178999926 ], [ 116.766435510000065, -8.839251581999918 ], [ 116.766403011999955, -8.83928616399993 ], [ 116.766358752999963, -8.839293217999909 ], [ 116.766325518000144, -8.839298513999893 ], [ 116.766258165999943, -8.839292598999862 ], [ 116.766213026000059, -8.839288633999956 ], [ 116.766131781000013, -8.839268872999924 ], [ 116.766025539000111, -8.839217 ], [ 116.765958043999944, -8.839168831999928 ], [ 116.765867404000119, -8.839111103999926 ], [ 116.765786609999964, -8.839073578999944 ], [ 116.765744308999956, -8.839040385999851 ], [ 116.765693062999958, -8.838999627999954 ], [ 116.765645565999989, -8.838945284999909 ], [ 116.765604571000154, -8.838893974999905 ], [ 116.765594490000126, -8.838874819999944 ], [ 116.765457150000088, -8.838665949999893 ], [ 116.765441890000034, -8.838574409999921 ], [ 116.765518179999958, -8.838264469999956 ], [ 116.765617369999973, -8.837551119999944 ], [ 116.765724190000128, -8.837406139999928 ], [ 116.765838630000076, -8.837365159999877 ], [ 116.766090390000045, -8.837354660000017 ], [ 116.766242990000137, -8.837344169999938 ], [ 116.766299269, -8.837342164999939 ], [ 116.76634926600002, -8.837312522999866 ], [ 116.766416760999959, -8.837233477999916 ], [ 116.766479257000015, -8.83712726199991 ], [ 116.766549252, -8.836964231999957 ], [ 116.766614247, -8.836825903999852 ], [ 116.766676743000176, -8.836675224999908 ], [ 116.766779235000172, -8.836509724999928 ], [ 116.76682423200009, -8.83638127699993 ], [ 116.766836731000126, -8.836280000999921 ], [ 116.766799234000132, -8.836193544999958 ], [ 116.766756737000037, -8.836081152999952 ], [ 116.766731738999965, -8.836040395999873 ], [ 116.766701741000134, -8.835984816999883 ], [ 116.766691741000159, -8.835899596999866 ], [ 116.766691741000159, -8.835823021999943 ], [ 116.766700491000051, -8.835752622999905 ], [ 116.766697991, -8.835668636999856 ], [ 116.766710490000037, -8.835584651999909 ], [ 116.766747987000031, -8.835490785999866 ], [ 116.766787984999951, -8.835414210999943 ], [ 116.766825482000172, -8.835332695999853 ], [ 116.766837980999981, -8.835278352999921 ], [ 116.766852979999953, -8.835174605999953 ], [ 116.766880478000076, -8.835075798999924 ], [ 116.766922974999943, -8.834969582999918 ], [ 116.766982971000061, -8.834873245999859 ], [ 116.767002969000032, -8.834809021999945 ], [ 116.767045466000013, -8.834739856999931 ], [ 116.767110462000119, -8.834687983999913 ], [ 116.767195455999968, -8.834655871999928 ], [ 116.767310447, -8.834618818999957 ], [ 116.767490435000013, -8.834559535999915 ], [ 116.767667921999987, -8.834482959999889 ], [ 116.767885406000119, -8.834408855999868 ], [ 116.768070393000016, -8.834307578999869 ], [ 116.768207883000059, -8.834233473999859 ], [ 116.768272879000051, -8.834174189999942 ], [ 116.768380371000148, -8.83408032299991 ], [ 116.768430368000054, -8.834033389999888 ], [ 116.768545359000086, -8.833959284999935 ], [ 116.768705348000026, -8.833885179999925 ], [ 116.768925331999981, -8.833835776999933 ], [ 116.769177814000045, -8.833783902999869 ], [ 116.769437796000148, -8.833781432999956 ], [ 116.769692778000035, -8.833781432999956 ], [ 116.769917761999977, -8.833741909999958 ], [ 116.770252738000067, -8.833628282999882 ], [ 116.77047772200001, -8.833499833999895 ], [ 116.770574013999976, -8.833413333999943 ], [ 116.770642709999947, -8.833351622999885 ], [ 116.770787700000028, -8.833193531999882 ], [ 116.770932689000119, -8.833045321999862 ], [ 116.771102677000044, -8.832902051999895 ], [ 116.771247667000011, -8.832753840999942 ], [ 116.771427654000036, -8.832674795999935 ], [ 116.77163264, -8.83264515399992 ], [ 116.771947617000023, -8.832580928999903 ], [ 116.772362587999964, -8.832492002999913 ], [ 116.772617568999976, -8.832422837999957 ], [ 116.772962545000155, -8.832304268999849 ], [ 116.773332517999961, -8.832156057999953 ], [ 116.773787485999947, -8.832086892999882 ], [ 116.774244953, -8.831943622999916 ], [ 116.774622427000054, -8.831827523999948 ], [ 116.774909906000062, -8.831785530999923 ], [ 116.775268631000017, -8.831804056999943 ], [ 116.77547611600005, -8.831813937999868 ], [ 116.775936083000147, -8.831779355999913 ], [ 116.776184814999965, -8.831732421999959 ], [ 116.776499793000085, -8.831665726999859 ], [ 116.776707278000117, -8.831665726999859 ], [ 116.777027255, -8.831660786999919 ], [ 116.77727473799996, -8.831603972999915 ], [ 116.777494722000029, -8.831544687999951 ], [ 116.77773220500012, -8.831505164999896 ], [ 116.778017185000067, -8.831440939999936 ], [ 116.778377159, -8.831403887999954 ], [ 116.778657139000074, -8.831366834999926 ], [ 116.778902121999977, -8.831413767999948 ], [ 116.779104607000136, -8.83142117899996 ], [ 116.779507079000041, -8.831474287999924 ], [ 116.779670817000124, -8.831475522999938 ], [ 116.779887052000163, -8.831448350999892 ], [ 116.780020791999959, -8.831376715999909 ], [ 116.780115235000039, -8.831326813999908 ], [ 116.780131721999965, -8.83131557899992 ], [ 116.780209216000117, -8.8312562939999 ], [ 116.780304208999951, -8.83119206899994 ], [ 116.780369204999943, -8.831147605999888 ], [ 116.780446698999981, -8.831145135999861 ], [ 116.780554192000068, -8.831159956999954 ], [ 116.780595238000046, -8.83116636099993 ], [ 116.780649185000016, -8.831174777999934 ], [ 116.78082917200004, -8.831137724999849 ], [ 116.781081654, -8.831016685999884 ], [ 116.781381633000024, -8.830794368999875 ], [ 116.781611615999964, -8.830631336999886 ], [ 116.781756606000044, -8.830473243999961 ], [ 116.781871598000066, -8.830285509999953 ], [ 116.781916595000098, -8.83014223899994 ], [ 116.78192659399997, -8.829954503999943 ], [ 116.781936592999955, -8.829717364999851 ], [ 116.781956592000142, -8.829475285999877 ], [ 116.781944093000106, -8.829117106999945 ], [ 116.781914095000047, -8.82896395399996 ], [ 116.781911595, -8.828771278999909 ], [ 116.781906595, -8.828604539999958 ], [ 116.78187659699995, -8.828525492999916 ], [ 116.781865348, -8.828448916999889 ], [ 116.781856599000093, -8.828390866999882 ], [ 116.781849099000056, -8.828338992999932 ], [ 116.781862847999946, -8.828295763999904 ], [ 116.781885346999957, -8.828236478999884 ], [ 116.781897846000106, -8.828200660999926 ], [ 116.781897846000106, -8.828157432999944 ], [ 116.7818416, -8.828072210999892 ], [ 116.781809102000011, -8.828017865999925 ], [ 116.781796602999975, -8.827980812999954 ], [ 116.781786604000104, -8.827909176999924 ], [ 116.781764105000093, -8.827837540999951 ], [ 116.781714109000063, -8.827768374999891 ], [ 116.781651613, -8.827696738999919 ], [ 116.781604117000029, -8.82765721599992 ], [ 116.781551621000062, -8.827573227999892 ], [ 116.781551621000062, -8.827516413999888 ], [ 116.781591618000107, -8.827474419999874 ], [ 116.781651613, -8.827462068999921 ], [ 116.781701610000141, -8.827439836999872 ], [ 116.781719109000051, -8.827400313999874 ], [ 116.781726608000099, -8.827348438999934 ], [ 116.781736606999971, -8.827301504999866 ], [ 116.781834099999969, -8.827261981999925 ], [ 116.781886716000031, -8.827254955999933 ], [ 116.78192659399997, -8.827249630999859 ], [ 116.78196159100014, -8.827279272999931 ], [ 116.781965580000133, -8.827312774999939 ], [ 116.781971591, -8.827363259999856 ], [ 116.78205158500009, -8.827471949999961 ], [ 116.782159077000074, -8.827585578999958 ], [ 116.782239072000039, -8.827689327999906 ], [ 116.782346564000022, -8.827810368999906 ], [ 116.782419058999949, -8.827862242999913 ], [ 116.782458971999972, -8.827884996999956 ], [ 116.782484054000065, -8.827899295999885 ], [ 116.782576548000065, -8.82799069399988 ], [ 116.782771534000062, -8.828203131999885 ], [ 116.782857699000147, -8.82828827599991 ], [ 116.782881526000097, -8.828311820999886 ], [ 116.783021515999963, -8.828351343999884 ], [ 116.783376491000126, -8.828287118999924 ], [ 116.783606474000067, -8.828163607999898 ], [ 116.783841457, -8.827995633999933 ], [ 116.784131437000042, -8.827743672999873 ], [ 116.784281426000121, -8.827560876999939 ], [ 116.784501409999962, -8.82735831999986 ], [ 116.784718913, -8.827100408999854 ], [ 116.784751392999965, -8.827061893999939 ], [ 116.784798355000135, -8.827007254999955 ], [ 116.785061371000097, -8.826701242999945 ], [ 116.78525635699998, -8.82642951899993 ], [ 116.785443842999939, -8.826068866999947 ], [ 116.785488839999971, -8.825979938999865 ], [ 116.78549883900007, -8.825893480999923 ], [ 116.785446343000103, -8.825856427999952 ], [ 116.785386346999985, -8.825856427999952 ], [ 116.785311196000066, -8.82582035799993 ], [ 116.785298854000075, -8.825814433999938 ], [ 116.785228859000085, -8.825732916999868 ], [ 116.785211359999948, -8.825668690999862 ], [ 116.785188862000041, -8.825606934999939 ], [ 116.785193615000026, -8.825539602999868 ], [ 116.785196361000089, -8.825500715999908 ], [ 116.785191360999988, -8.825441429999898 ], [ 116.785161363000157, -8.825305567999862 ], [ 116.785151364000171, -8.825216639999951 ], [ 116.785118865999948, -8.825127711999869 ], [ 116.785081368999954, -8.825038783999901 ], [ 116.78504387199996, -8.824947384999916 ], [ 116.785015124000097, -8.824760882999897 ], [ 116.785008874000027, -8.824718888999882 ], [ 116.784995125000137, -8.824654662999933 ], [ 116.784969102, -8.824579965999931 ], [ 116.784968877000097, -8.824579320999874 ], [ 116.784946378999962, -8.824520034999864 ], [ 116.784936378999987, -8.824458279999931 ], [ 116.784958878, -8.824406404999877 ], [ 116.784991376, -8.824334767999915 ], [ 116.785001918000034, -8.824294137999914 ], [ 116.785016373999952, -8.824238428999934 ], [ 116.785071370000082, -8.824105035999935 ], [ 116.785113867000177, -8.824025988999949 ], [ 116.78516636300003, -8.823922238999955 ], [ 116.78521386, -8.823835780999957 ], [ 116.785168863000081, -8.823614694999947 ], [ 116.78513761499994, -8.823515884999949 ], [ 116.785055121000028, -8.823382491999894 ], [ 116.784953878000124, -8.823263920999864 ], [ 116.784828887, -8.823152759999914 ], [ 116.784780141000056, -8.823130527999922 ], [ 116.7847276440001, -8.823140408999848 ], [ 116.784681397999975, -8.823171286999923 ], [ 116.784656399000141, -8.823209574999908 ], [ 116.784650193000175, -8.823247395999942 ], [ 116.784648899999979, -8.823255274999951 ], [ 116.784636401000057, -8.823293563999925 ], [ 116.784592654000107, -8.82334049799988 ], [ 116.784538908000059, -8.823359024999945 ], [ 116.784443915000111, -8.823356554999918 ], [ 116.784406417000014, -8.823350378999919 ], [ 116.784367867000014, -8.823334959999954 ], [ 116.784353921000161, -8.82332938199994 ], [ 116.78429642499998, -8.823257744999864 ], [ 116.784257678000131, -8.823199693999868 ], [ 116.784207681000112, -8.823113235999926 ], [ 116.784152684999981, -8.823013190999916 ], [ 116.784080189999941, -8.822961315999862 ], [ 116.784036444000094, -8.822968726999932 ], [ 116.783990197000094, -8.822992193999937 ], [ 116.78393270100014, -8.823018131999959 ], [ 116.783891454000013, -8.823016896999945 ], [ 116.78384770699995, -8.822984783999857 ], [ 116.783835208000141, -8.822939083999927 ], [ 116.783828957999958, -8.822878562999961 ], [ 116.783823712000071, -8.82279043099993 ], [ 116.783822709000106, -8.822773577999953 ], [ 116.783840208000015, -8.82260313099988 ], [ 116.783957699000098, -8.822378338999954 ], [ 116.784092689999966, -8.822304230999862 ], [ 116.784155185000031, -8.82233634499994 ], [ 116.784195182000076, -8.822378338999954 ], [ 116.78419843100005, -8.822383445999947 ], [ 116.784250177999979, -8.822464796999895 ], [ 116.784312674000034, -8.822568547999879 ], [ 116.784370169999988, -8.822627832999899 ], [ 116.784457664000115, -8.82261301199992 ], [ 116.784585155000059, -8.822526552999875 ], [ 116.784670148000146, -8.822405510999886 ], [ 116.784755142, -8.822225183999876 ], [ 116.784795140000142, -8.822047325999904 ], [ 116.784742642999959, -8.821963336999886 ], [ 116.784717645, -8.821862056999862 ], [ 116.784687647000055, -8.821764481999878 ], [ 116.784672647999969, -8.821686668999916 ], [ 116.784671398, -8.821629853999923 ], [ 116.784663899000066, -8.821602680999888 ], [ 116.784663899000066, -8.821568096999954 ], [ 116.784683897000036, -8.821548334999932 ], [ 116.784725145000152, -8.821517456999857 ], [ 116.784746393000091, -8.821479167999883 ], [ 116.784742642999959, -8.821445819999894 ], [ 116.78473014400015, -8.821392709999941 ], [ 116.784735144000138, -8.821344539999927 ], [ 116.784796389, -8.821274136999875 ], [ 116.784836387000041, -8.821223496999949 ], [ 116.784897632000138, -8.821162975999925 ], [ 116.784943879000139, -8.821119746999898 ], [ 116.784982625999987, -8.821056754999859 ], [ 116.785006374999966, -8.821008584999959 ], [ 116.785058871000047, -8.820957944999918 ], [ 116.785118865999948, -8.820898658999909 ], [ 116.785181362000117, -8.820834431999913 ], [ 116.78518386199994, -8.820780086999946 ], [ 116.785168863000081, -8.820693627999901 ], [ 116.785178861999952, -8.820617049999953 ], [ 116.785251357, -8.820520709999926 ], [ 116.78535197500014, -8.820396578999919 ], [ 116.785466967000048, -8.820218719999957 ], [ 116.785611956000025, -8.819991455999912 ], [ 116.785746947000121, -8.819779013999892 ], [ 116.785929434000082, -8.819477641999924 ], [ 116.786079423000047, -8.819176268999854 ], [ 116.786199415000056, -8.818865014999858 ], [ 116.786286907999965, -8.818417896999904 ], [ 116.786281908999968, -8.818230155999913 ], [ 116.7862394120001, -8.818099230999906 ], [ 116.786174416, -8.817980657999954 ], [ 116.786084423000148, -8.817918900999928 ], [ 116.785941933000117, -8.817857143999959 ], [ 116.78585193899994, -8.817790446999936 ], [ 116.785794442999986, -8.817708927999945 ], [ 116.785774571000047, -8.817572773999871 ], [ 116.785797130000105, -8.817379969999934 ], [ 116.785919180000064, -8.817185399999914 ], [ 116.786552430000029, -8.81678103999991 ], [ 116.786659250000071, -8.816660869999851 ], [ 116.786766049999983, -8.816365249999876 ], [ 116.786758410000061, -8.816158289999919 ], [ 116.78672789999996, -8.816010459999859 ], [ 116.786651610000149, -8.815844539999887 ], [ 116.786786625, -8.815595611999925 ], [ 116.78678437300016, -8.815584483999942 ], [ 116.786802705000127, -8.815560192999897 ], [ 116.786807446000012, -8.815557225999896 ], [ 116.786840202000121, -8.815536724999902 ], [ 116.78686853399995, -8.815507904999947 ], [ 116.786905198000113, -8.81546673299988 ], [ 116.786941862000162, -8.815405798999905 ], [ 116.78698185899998, -8.815341571999909 ], [ 116.78698852499997, -8.815255934999868 ], [ 116.787013523000155, -8.815199941999936 ], [ 116.787008524000157, -8.815148888999886 ], [ 116.786990192000076, -8.815078073999871 ], [ 116.78698852499997, -8.815008905999946 ], [ 116.786966860000121, -8.814936443999898 ], [ 116.78692519599997, -8.814855746999854 ], [ 116.786860201000081, -8.814801400999897 ], [ 116.786810204000062, -8.814737172999912 ], [ 116.786759375000088, -8.814640007999856 ], [ 116.786737710000125, -8.814600482999879 ], [ 116.786685213000169, -8.814527197999951 ], [ 116.786642716000074, -8.814482731999931 ], [ 116.786584386999948, -8.814430032999894 ], [ 116.78654605700001, -8.814392977999944 ], [ 116.786502725999981, -8.814383919999898 ], [ 116.78646939500004, -8.814361687999849 ], [ 116.786435231000041, -8.814329573999942 ], [ 116.786403567000093, -8.814290048999908 ], [ 116.786378568000032, -8.814251347999857 ], [ 116.786367736000102, -8.814229937999869 ], [ 116.786364403, -8.814209352999853 ], [ 116.786377735000087, -8.814175591999913 ], [ 116.786387733999959, -8.814160769999944 ], [ 116.786407733000033, -8.814137713999912 ], [ 116.78641939900001, -8.814108893999901 ], [ 116.786428565000051, -8.814082543999859 ], [ 116.786449396999956, -8.814057016999868 ], [ 116.786483560999955, -8.814037254999903 ], [ 116.786526891, -8.814023256999917 ], [ 116.786575221000135, -8.813996082999893 ], [ 116.786588553000115, -8.813961498999959 ], [ 116.786596053000039, -8.81394008999996 ], [ 116.786594386000161, -8.813924444999941 ], [ 116.78659022, -8.813903858999879 ], [ 116.78659022, -8.813885578999873 ], [ 116.78659022, -8.813875861999918 ], [ 116.78660521900008, -8.813857745999883 ], [ 116.786636883000028, -8.813855275999856 ], [ 116.786665215000085, -8.813867627999912 ], [ 116.786706784999978, -8.813882041999875 ], [ 116.786712711000064, -8.813884095999867 ], [ 116.786771040000076, -8.813901387999863 ], [ 116.786856034000152, -8.813901387999863 ], [ 116.786917697000035, -8.813902211999959 ], [ 116.786934934999977, -8.813908196999932 ], [ 116.786948528000153, -8.813912915999936 ], [ 116.786969360000057, -8.813931031999914 ], [ 116.786998524000069, -8.813968909999858 ], [ 116.787007380000091, -8.813984588999915 ], [ 116.787018523000029, -8.814004317999945 ], [ 116.787031022000065, -8.814051252999946 ], [ 116.787040188000105, -8.814098188999878 ], [ 116.787073519000046, -8.814147594999895 ], [ 116.787146847000145, -8.814230761999852 ], [ 116.787196842999947, -8.814294165999854 ], [ 116.787250172999961, -8.814389683999934 ], [ 116.787294337000048, -8.814467910999952 ], [ 116.787352666000174, -8.814532137999947 ], [ 116.787388497000052, -8.814573309999957 ], [ 116.787432660000036, -8.814589778999903 ], [ 116.787477656999954, -8.814593071999923 ], [ 116.787503370000081, -8.814603036999927 ], [ 116.787520154000049, -8.814609540999925 ], [ 116.787550152, -8.814638360999936 ], [ 116.787578483000175, -8.814694354999915 ], [ 116.787621812999987, -8.814779990999909 ], [ 116.787657146000015, -8.814872041999877 ], [ 116.787658477000036, -8.814875509999922 ], [ 116.787680142000113, -8.814936443999898 ], [ 116.787715140000159, -8.814999023999917 ], [ 116.787781802000154, -8.81505007699991 ], [ 116.787833464999949, -8.815104423999855 ], [ 116.787893513000085, -8.815152873999864 ], [ 116.787924292000071, -8.815177708999954 ], [ 116.78794762300015, -8.815210645999912 ], [ 116.78797178800005, -8.815254287999892 ], [ 116.787985953999964, -8.815292165999949 ], [ 116.788012619000028, -8.81532921999991 ], [ 116.788061782000113, -8.815385213999889 ], [ 116.788095113000054, -8.815410739999948 ], [ 116.788108445000148, -8.815434618999916 ], [ 116.788129277000053, -8.815472496999917 ], [ 116.788135943000043, -8.815538371999878 ], [ 116.788130944000159, -8.815567191999946 ], [ 116.788120111000012, -8.815594364999868 ], [ 116.788091780000059, -8.81565447499986 ], [ 116.788090661000069, -8.815657081999916 ], [ 116.788080113999968, -8.815681648999941 ], [ 116.788085114000069, -8.815714585999956 ], [ 116.788087959, -8.81572302099994 ], [ 116.788097613000105, -8.815751639999917 ], [ 116.788107611999976, -8.815787870999884 ], [ 116.788128444000108, -8.815813396999886 ], [ 116.788135943000043, -8.815840569999921 ], [ 116.788133443, -8.815880918999881 ], [ 116.788120943999957, -8.815913031999855 ], [ 116.788100112000052, -8.815954203999922 ], [ 116.788092349999943, -8.815969289999884 ], [ 116.788075114000094, -8.816002785999956 ], [ 116.788076780999972, -8.816045603999896 ], [ 116.788090946000011, -8.816102420999925 ], [ 116.788100112000052, -8.816154296999855 ], [ 116.788120943999957, -8.816162530999918 ], [ 116.788150449, -8.816175286999908 ], [ 116.788160941, -8.816179822999914 ], [ 116.788180939999961, -8.816200408999919 ], [ 116.788195939000047, -8.816230052999913 ], [ 116.788210104999962, -8.816281928999956 ], [ 116.78820843799997, -8.816347802999871 ], [ 116.78820831500002, -8.816351923999946 ], [ 116.788206771999967, -8.816403795999918 ], [ 116.788225104000048, -8.816449907999868 ], [ 116.788235146000034, -8.81648843399995 ], [ 116.788253435, -8.816558600999883 ], [ 116.788275099999964, -8.816762810999933 ], [ 116.788275455000075, -8.816767107999908 ], [ 116.788288431999945, -8.816924201999939 ], [ 116.788381759, -8.817154761999859 ], [ 116.788471752999953, -8.81742813999989 ], [ 116.788571746, -8.817609292999919 ], [ 116.788770065, -8.817777271999944 ], [ 116.78883006, -8.8178316179999 ], [ 116.788945052000145, -8.817853026999899 ], [ 116.789065044000154, -8.817848086999959 ], [ 116.78909960600015, -8.817853209999896 ], [ 116.789165036999975, -8.817862907999938 ], [ 116.78921170000001, -8.817884316999937 ], [ 116.789268363000019, -8.817971599999851 ], [ 116.78930835999995, -8.818012771999861 ], [ 116.78933669100013, -8.818076998999857 ], [ 116.78939335400014, -8.818152753999925 ], [ 116.789478347999989, -8.818215333999945 ], [ 116.789545010000097, -8.818208746999915 ], [ 116.789585007000028, -8.818187337999916 ], [ 116.789675, -8.818218627999954 ], [ 116.789756661000069, -8.818309204999878 ], [ 116.789784992000023, -8.818394840999872 ], [ 116.789806657999975, -8.818521647999887 ], [ 116.789810251000063, -8.818551572999866 ], [ 116.789818322999963, -8.818618811999954 ], [ 116.789823323000064, -8.818671510999934 ], [ 116.789828322999938, -8.818734090999953 ], [ 116.789823323000064, -8.818795024999929 ], [ 116.789838322000151, -8.818879013999947 ], [ 116.789854987000012, -8.818933360000017 ], [ 116.789888318000067, -8.818961355999932 ], [ 116.789921649, -8.819017348999864 ], [ 116.789949981000063, -8.819096396999896 ], [ 116.789996644000098, -8.819165564999878 ], [ 116.790066638999974, -8.819208382999932 ], [ 116.790106636000132, -8.819234731999927 ], [ 116.79014496700006, -8.819266021999908 ], [ 116.79014686000005, -8.819273879999855 ], [ 116.790153300000156, -8.819300605999956 ], [ 116.790150345000143, -8.819313904999888 ], [ 116.79013830100007, -8.819368126999848 ], [ 116.790119969000102, -8.819425765999881 ], [ 116.790123302000097, -8.819494933999863 ], [ 116.790136633999964, -8.819572334999862 ], [ 116.790161632000036, -8.819648089999816 ], [ 116.790187390000028, -8.819698996999932 ], [ 116.790201628999966, -8.819727137999905 ], [ 116.790251626000099, -8.819802892999917 ], [ 116.790298289000134, -8.819844063999881 ], [ 116.790359952000131, -8.81990334999989 ], [ 116.790443278999987, -8.819977457999926 ], [ 116.79052385, -8.820083000999944 ], [ 116.790616600000021, -8.820201428999951 ], [ 116.790694928, -8.820287063999956 ], [ 116.790793253999936, -8.820407283999941 ], [ 116.790961575000097, -8.82054067699994 ], [ 116.791139896, -8.820646074999956 ], [ 116.791344880999986, -8.820723475999898 ], [ 116.791499870000166, -8.820744884999897 ], [ 116.791809848000071, -8.820817345999956 ], [ 116.792069830000059, -8.82089968799994 ], [ 116.792293147000123, -8.82100837899992 ], [ 116.792606458000023, -8.821094014999915 ], [ 116.792886438000096, -8.821209292999868 ], [ 116.793203082, -8.821298221999939 ], [ 116.793563057000028, -8.821370682999884 ], [ 116.793809706000161, -8.821390444999906 ], [ 116.794033023, -8.821469492999881 ], [ 116.794206344000031, -8.821561715999906 ], [ 116.794349300000022, -8.821728844999939 ], [ 116.794441229999961, -8.821931849999942 ], [ 116.794670110000084, -8.822291359999952 ], [ 116.795227039999986, -8.823086749999959 ], [ 116.795303330000024, -8.823198309999952 ], [ 116.795440670000062, -8.823452949999876 ], [ 116.795600890000173, -8.823693299999945 ], [ 116.795669559999965, -8.823927859999912 ], [ 116.795707689999972, -8.824265459999936 ], [ 116.79572642800008, -8.824718364999853 ], [ 116.795742901000153, -8.824832313999877 ], [ 116.795785226000135, -8.825073604999943 ], [ 116.795786232000069, -8.825079335999874 ], [ 116.795876225000143, -8.825280247999899 ], [ 116.796056212000053, -8.825458103999949 ], [ 116.796416187000091, -8.825570087999893 ], [ 116.796902819000024, -8.825655721999851 ], [ 116.797362786000122, -8.825662309999871 ], [ 116.797782756000061, -8.825596436999945 ], [ 116.798139397, -8.825527270999885 ], [ 116.798452708000013, -8.825464691999855 ], [ 116.798682692000057, -8.825369175999867 ], [ 116.798738293000156, -8.825311001999864 ], [ 116.798796016999972, -8.825250604999951 ], [ 116.79882934800014, -8.825138621999884 ], [ 116.7988493470001, -8.824898185999928 ], [ 116.798869344999957, -8.824693980999882 ], [ 116.798869344999957, -8.824614932999907 ], [ 116.79884268100011, -8.824407433999909 ], [ 116.798766019000141, -8.824226283999906 ], [ 116.798696024000151, -8.824107711999943 ], [ 116.798672693000071, -8.82397596699991 ], [ 116.798709357000121, -8.823840926999935 ], [ 116.798756020000155, -8.823735529999908 ], [ 116.798806017000061, -8.823616958999935 ], [ 116.798812683000051, -8.823435807999942 ], [ 116.798792683999977, -8.823225013999945 ], [ 116.79870435700002, -8.822992811999882 ], [ 116.798656027000106, -8.822834715999875 ], [ 116.798627696000153, -8.822782017999941 ], [ 116.79859769799998, -8.822674150999944 ], [ 116.798590199000159, -8.822600042999909 ], [ 116.798584366000114, -8.822540756999899 ], [ 116.798577700000124, -8.822505350999961 ], [ 116.798589365000112, -8.822458415999904 ], [ 116.798622695999939, -8.822392542999864 ], [ 116.798666027000081, -8.822345607999921 ], [ 116.798736022000071, -8.822300319999897 ], [ 116.798816016000046, -8.822275617999878 ], [ 116.798882678000155, -8.822269029999859 ], [ 116.798943507000104, -8.822275617999878 ], [ 116.798963095999966, -8.822280947999957 ], [ 116.799001003000058, -8.822291262999954 ], [ 116.799040167000044, -8.822319258999869 ], [ 116.799066831, -8.822357958999874 ], [ 116.799081303000094, -8.822395140999902 ], [ 116.799091829999952, -8.822422185999926 ], [ 116.799106829000038, -8.822465002999934 ], [ 116.7991384930001, -8.82253252299995 ], [ 116.799161825000056, -8.822568752999928 ], [ 116.799220153999954, -8.822609923999948 ], [ 116.799229005000029, -8.822616651999851 ], [ 116.799306814000033, -8.822675796999874 ], [ 116.799406807000082, -8.822728495999911 ], [ 116.799490135000042, -8.822814130999859 ], [ 116.799550129999943, -8.822975519999886 ], [ 116.799582084000122, -8.823073888999943 ], [ 116.799593461000086, -8.823108912999942 ], [ 116.799600127000076, -8.823151730999882 ], [ 116.799600127000076, -8.823199488999933 ], [ 116.799590127000101, -8.823237365999887 ], [ 116.799601792999965, -8.823293357999887 ], [ 116.799621792000153, -8.823337821999928 ], [ 116.799673455000061, -8.823329587999865 ], [ 116.799718451999979, -8.823308178999866 ], [ 116.79975344900015, -8.82330159199995 ], [ 116.799808445000053, -8.823332881999875 ], [ 116.799858442000073, -8.823369111999853 ], [ 116.799888440000018, -8.823458039999934 ], [ 116.799908438000102, -8.823543674999939 ], [ 116.799935103000053, -8.8235897859999 ], [ 116.800021763000132, -8.823619428999905 ], [ 116.800101758000096, -8.82365565899994 ], [ 116.800181751999958, -8.823698476999937 ], [ 116.800251746999947, -8.8238697459999 ], [ 116.800251746999947, -8.823998198999959 ], [ 116.800178418999963, -8.824123356999905 ], [ 116.800041762000092, -8.824232046999953 ], [ 116.799961768, -8.824301213999888 ], [ 116.799938436000048, -8.824373673999958 ], [ 116.799921769999969, -8.824538355999891 ], [ 116.799895106, -8.824647045999882 ], [ 116.799915104000092, -8.824752442999909 ], [ 116.799945102000038, -8.824831489999895 ], [ 116.800041762000092, -8.824927005999882 ], [ 116.800235082000086, -8.825002758999858 ], [ 116.80049839600008, -8.825124623999898 ], [ 116.801058356, -8.825365058999921 ], [ 116.801235010000028, -8.825421050999921 ], [ 116.80150832400011, -8.825437518999934 ], [ 116.801778304999971, -8.825414463999891 ], [ 116.80191162899996, -8.825407876999861 ], [ 116.801994956000044, -8.825404582999909 ], [ 116.802131613000029, -8.825440812999943 ], [ 116.802264937000132, -8.825483629999951 ], [ 116.802394928000126, -8.825582438999959 ], [ 116.80250492000016, -8.825697715999866 ], [ 116.802578632999939, -8.825816080999914 ], [ 116.802584914000022, -8.825826167999935 ], [ 116.802604912999982, -8.825944737999919 ], [ 116.802618244999962, -8.826073189999875 ], [ 116.802648243000021, -8.826129181999875 ], [ 116.802711572000021, -8.826152236999917 ], [ 116.80274179100013, -8.826159346999873 ], [ 116.802851562, -8.826185172999885 ], [ 116.803018217000044, -8.826198347999934 ], [ 116.803231535000123, -8.826195053999925 ], [ 116.803678170000012, -8.826096244999917 ], [ 116.80375696700014, -8.826078941999924 ], [ 116.803967166, -8.826032783999892 ], [ 116.804218131000084, -8.825977674999876 ], [ 116.804651434000107, -8.825865690999933 ], [ 116.805075045000081, -8.825745344999916 ], [ 116.805184729000075, -8.825714183999935 ], [ 116.805864681, -8.825457280999956 ], [ 116.806537966000064, -8.825190496999937 ], [ 116.807106702000056, -8.824912276999896 ], [ 116.807547893999981, -8.824696450999909 ], [ 116.807847792000075, -8.824519572999918 ], [ 116.808184515, -8.82432097599991 ], [ 116.808217818, -8.824299036999889 ], [ 116.808554489000016, -8.824077245999945 ], [ 116.809514421000017, -8.823329587999865 ], [ 116.810386659999949, -8.822491639999896 ], [ 116.810569770000029, -8.822270389999915 ], [ 116.810882559999982, -8.821915599999954 ], [ 116.81111544099997, -8.821612730999959 ], [ 116.811847588000091, -8.820566202999942 ], [ 116.812050906999957, -8.820220366999934 ], [ 116.81233088700003, -8.819759251999869 ], [ 116.812353347000112, -8.819703101999949 ], [ 116.81257362600013, -8.819152397999915 ], [ 116.812668317000089, -8.818927742999904 ], [ 116.81277241600003, -8.818636873999935 ], [ 116.812828054999954, -8.818397439999899 ], [ 116.812880104999977, -8.818017890999954 ], [ 116.812883694, -8.817656076999924 ], [ 116.812862157000154, -8.817455660999883 ], [ 116.812890874000118, -8.817283621999934 ], [ 116.813027761000171, -8.816952790999949 ], [ 116.813080037999953, -8.816839394999874 ], [ 116.813152017999982, -8.816683258999944 ], [ 116.813330378000046, -8.81633099599992 ], [ 116.813334753000163, -8.816303611999956 ], [ 116.813349337999966, -8.816256048999946 ], [ 116.813371216000064, -8.816209927999921 ], [ 116.813420806000067, -8.816142187999901 ], [ 116.813452892999976, -8.816106154999943 ], [ 116.813501025000051, -8.816061474999913 ], [ 116.813546239000061, -8.816009588999862 ], [ 116.813595827999961, -8.815962025999909 ], [ 116.813722719999987, -8.815802042999906 ], [ 116.813855445000058, -8.815607468999929 ], [ 116.813974798, -8.815425443999857 ], [ 116.813988725000058, -8.815405909999924 ], [ 116.814162369999963, -8.815162355999917 ], [ 116.8142971420001, -8.81494033499996 ], [ 116.814299811000069, -8.814935938999952 ], [ 116.81438343700006, -8.814798174999908 ], [ 116.814597232999972, -8.814320773999953 ], [ 116.814603895, -8.814305899999852 ], [ 116.814728942000102, -8.814036315999942 ], [ 116.814804662000142, -8.813807545999907 ], [ 116.814805270000079, -8.813805707999961 ], [ 116.814866982000012, -8.813620572999923 ], [ 116.815001401000018, -8.813224475999903 ], [ 116.815002317999983, -8.813185628999918 ], [ 116.815010695999945, -8.813100185999929 ], [ 116.815021527999988, -8.812964318999946 ], [ 116.815028195000082, -8.812904207999907 ], [ 116.815029340000137, -8.812868817999856 ], [ 116.815031718000114, -8.812795340999912 ], [ 116.815033239000172, -8.812748357999851 ], [ 116.815032825000117, -8.812730121999948 ], [ 116.815032554000027, -8.812718212999926 ], [ 116.815034523000122, -8.812705273999939 ], [ 116.81503319400008, -8.812704936999921 ], [ 116.815030694000029, -8.812653883999928 ], [ 116.815031528000077, -8.812616828999921 ], [ 116.815032361000021, -8.812596242999916 ], [ 116.815025695000031, -8.812575656999854 ], [ 116.814999863000025, -8.812553423999873 ], [ 116.814979864999941, -8.812539425999887 ], [ 116.814960699000039, -8.812526250999952 ], [ 116.814941534000127, -8.812504841999953 ], [ 116.814939034000076, -8.812481784999932 ], [ 116.814949032999948, -8.812469433999865 ], [ 116.814959033000036, -8.812458728999957 ], [ 116.814985697999987, -8.812444730999857 ], [ 116.815009028999953, -8.812423320999869 ], [ 116.815034027000024, -8.812396970999941 ], [ 116.815045693000116, -8.812368973999924 ], [ 116.815052359, -8.812341800999889 ], [ 116.815049026000111, -8.812312156999894 ], [ 116.81503986000007, -8.812271808999867 ], [ 116.815036527000075, -8.812238047999926 ], [ 116.815034027000024, -8.812212520999935 ], [ 116.815037350000011, -8.81217490899985 ], [ 116.814757471000121, -8.81220537199988 ], [ 116.814520747000074, -8.812233941999921 ], [ 116.813604796000163, -8.812141698999937 ], [ 116.813670794000132, -8.809412577999922 ], [ 116.813738054000055, -8.809358391999865 ], [ 116.813790473000154, -8.809313710999902 ], [ 116.813786074000063, -8.809303566999859 ], [ 116.813760550000097, -8.80924591399986 ], [ 116.813724086999969, -8.809175289999928 ], [ 116.813673039000037, -8.809106106999934 ], [ 116.813591362000125, -8.809003772999915 ], [ 116.813555545000099, -8.808954220999908 ], [ 116.813525728000059, -8.808912969999938 ], [ 116.813426549000042, -8.808825049999882 ], [ 116.813357998000015, -8.808724157999961 ], [ 116.813320076999958, -8.808572818999949 ], [ 116.813174225000012, -8.808249963999913 ], [ 116.812996285000168, -8.807953051999959 ], [ 116.812873769000021, -8.807699378999928 ], [ 116.812678326999958, -8.807382287999872 ], [ 116.812636859000122, -8.807344935999879 ], [ 116.812513514000102, -8.807233831999952 ], [ 116.812404125000057, -8.807205004999958 ], [ 116.81230494600004, -8.807153116999928 ], [ 116.812191181, -8.80707960999996 ], [ 116.812097836000021, -8.80699024799992 ], [ 116.812070124, -8.806944124999859 ], [ 116.811985530000129, -8.806810081999856 ], [ 116.811908228, -8.806729367999935 ], [ 116.811839677999956, -8.806674596999926 ], [ 116.811676323000029, -8.806521816999918 ], [ 116.811495466999986, -8.806367594999926 ], [ 116.81139191200009, -8.806305617999953 ], [ 116.811246059000155, -8.806320030999927 ], [ 116.810970399000098, -8.806366153999932 ], [ 116.810707277, -8.80643060299991 ], [ 116.810681004, -8.806422884999961 ], [ 116.810651006000057, -8.806381711999961 ], [ 116.810629341000094, -8.806338892999861 ], [ 116.810604343000023, -8.806271369999877 ], [ 116.810587677000058, -8.806221962999871 ], [ 116.81057601200007, -8.806174202999898 ], [ 116.810557680000102, -8.806123148999859 ], [ 116.810551013, -8.806062212999905 ], [ 116.810549347, -8.806021040999951 ], [ 116.810567678999973, -8.80592222599995 ], [ 116.810584344000176, -8.80576412399995 ], [ 116.810584344000176, -8.805619195999896 ], [ 116.810584344000176, -8.805543437999859 ], [ 116.810554347000107, -8.805424860999892 ], [ 116.810524349000161, -8.805220644999906 ], [ 116.810517681999954, -8.805111948999865 ], [ 116.810494351000102, -8.805016427999874 ], [ 116.810447686999964, -8.804855030999931 ], [ 116.81039435799994, -8.804775979999874 ], [ 116.810274366000158, -8.804693633999875 ], [ 116.810091046000025, -8.804568468999946 ], [ 116.809901060000129, -8.804416952999929 ], [ 116.809795617000077, -8.804331698999874 ], [ 116.809730520000016, -8.804212569999891 ], [ 116.80956269, -8.803895 ], [ 116.80944063000004, -8.803627979999931 ], [ 116.809364319999986, -8.803318989999923 ], [ 116.8094635, -8.802907929999947 ], [ 116.809585589999983, -8.802716259999897 ], [ 116.80968477, -8.802527419999876 ], [ 116.80989838000005, -8.801938059999884 ], [ 116.810058610000056, -8.801762589999953 ], [ 116.81014252, -8.801614779999909 ], [ 116.810279830000013, -8.801303849999897 ], [ 116.810438045000069, -8.801000625999961 ], [ 116.810654339000052, -8.800747618999878 ], [ 116.810927653000135, -8.800457759999915 ], [ 116.811120973000129, -8.800194250999937 ], [ 116.811247630000025, -8.799825338999881 ], [ 116.811260963, -8.799654057999931 ], [ 116.81131429200002, -8.799123745999907 ], [ 116.811274294999976, -8.798975521999921 ], [ 116.811170969000159, -8.798824003999925 ], [ 116.811070976, -8.798656015999939 ], [ 116.81104097900004, -8.79842873899986 ], [ 116.811034311999947, -8.798290395999913 ], [ 116.811070976, -8.798125701999936 ], [ 116.811187635000124, -8.798010416999887 ], [ 116.811370955000029, -8.797918187999926 ], [ 116.811527610999974, -8.797756787999958 ], [ 116.811607605000063, -8.797625032999917 ], [ 116.811650935000102, -8.797483395999905 ], [ 116.811717597000097, -8.797177064999858 ], [ 116.811787592000087, -8.796933316999855 ], [ 116.811807591000047, -8.796595693999905 ], [ 116.811812590000045, -8.796465584999908 ], [ 116.81180925700005, -8.796383237999919 ], [ 116.811795924999956, -8.796305830999927 ], [ 116.81176592700001, -8.796249834999912 ], [ 116.811747595000043, -8.796223483999938 ], [ 116.811624270000038, -8.79624654099996 ], [ 116.811517611, -8.796267950999891 ], [ 116.811429284000155, -8.796261363999861 ], [ 116.81138762, -8.796249834999912 ], [ 116.811352623000062, -8.796208660999866 ], [ 116.811327910000045, -8.796141857999942 ], [ 116.811355559000162, -8.796064223999906 ], [ 116.811356789000115, -8.796062905999861 ], [ 116.811405119000142, -8.795992087999878 ], [ 116.811435116999974, -8.795941031999917 ], [ 116.811478447000013, -8.795853743999885 ], [ 116.811482048000016, -8.795826288999933 ], [ 116.811490113000104, -8.795764808999934 ], [ 116.811530110000149, -8.795613288999903 ], [ 116.811563440999976, -8.795514471999923 ], [ 116.811710098000049, -8.795422242999905 ], [ 116.811896750999949, -8.795330013999887 ], [ 116.812050073000023, -8.795106028999953 ], [ 116.812156731999949, -8.794829340999854 ], [ 116.812250059000121, -8.794341841999938 ], [ 116.812303389000022, -8.793775288999882 ], [ 116.81226253, -8.793563607999943 ], [ 116.812083404000077, -8.792635592999886 ], [ 116.812003409999988, -8.792266672999915 ], [ 116.811816756999974, -8.791792346999955 ], [ 116.811790092000138, -8.791403662999926 ], [ 116.811670100000129, -8.790863456999944 ], [ 116.811623437000094, -8.790395716999853 ], [ 116.811483447000114, -8.789829157999861 ], [ 116.810496851000153, -8.787371861999929 ], [ 116.810396858, -8.78718081199986 ], [ 116.810310197000149, -8.786884353999938 ], [ 116.81021687100008, -8.786686715999906 ], [ 116.809916892000047, -8.786186029999953 ], [ 116.809610247000137, -8.785593112999948 ], [ 116.809270271000059, -8.784934314999873 ], [ 116.808936961999962, -8.784334806999937 ], [ 116.808330338000019, -8.783511306999912 ], [ 116.807757046, -8.782536279999874 ], [ 116.807220417000167, -8.781696304999912 ], [ 116.807167088000028, -8.781607365999946 ], [ 116.807010432000084, -8.781419606999862 ], [ 116.806743784999981, -8.781123143999935 ], [ 116.805880513000147, -8.779868117999911 ], [ 116.805207226999983, -8.778703672999939 ], [ 116.805120567000131, -8.778543911999861 ], [ 116.80503890600005, -8.778390737999871 ], [ 116.804988910000134, -8.778300151999929 ], [ 116.804952245999971, -8.778272151999943 ], [ 116.804910582000048, -8.778255681999894 ], [ 116.804863918000137, -8.778255681999894 ], [ 116.804840587000058, -8.778273798999919 ], [ 116.804813922000108, -8.778306739999948 ], [ 116.804783924000049, -8.778336385999921 ], [ 116.80472559500015, -8.778384149999908 ], [ 116.804630601999975, -8.778435207999848 ], [ 116.804487279000114, -8.778443442999901 ], [ 116.804360621000114, -8.778423678999957 ], [ 116.80425062900008, -8.778374267999936 ], [ 116.804140637000046, -8.778249093999875 ], [ 116.804120638000086, -8.778097566999861 ], [ 116.804120638000086, -8.777977333999956 ], [ 116.804122304999964, -8.777913099999921 ], [ 116.804137304000051, -8.777832395999951 ], [ 116.804145636000044, -8.777769808999949 ], [ 116.804175633999989, -8.777728632999924 ], [ 116.804220631000135, -8.777657810999926 ], [ 116.80429395900012, -8.777596870999957 ], [ 116.804327289999947, -8.777555694999876 ], [ 116.804382286000077, -8.777501342999926 ], [ 116.804407284000149, -8.777455225999915 ], [ 116.804374050000092, -8.777389534999941 ], [ 116.804337289000159, -8.777316875999929 ], [ 116.804137304000051, -8.777073114999951 ], [ 116.803910653, -8.776835941999934 ], [ 116.803537345999985, -8.776440653999941 ], [ 116.802869090000058, -8.775835256999926 ], [ 116.802413960000081, -8.7751607699999 ], [ 116.801643370000079, -8.774315829999864 ], [ 116.80120850000003, -8.773834249999936 ], [ 116.80078125, -8.773253449999913 ], [ 116.800235840000141, -8.77269951999989 ], [ 116.79993184, -8.772390768999855 ], [ 116.799194329999978, -8.771641729999942 ], [ 116.79838564, -8.77078532999991 ], [ 116.798324590000107, -8.770727149999857 ], [ 116.798307089, -8.770711005999942 ], [ 116.79738778400008, -8.769821162999961 ], [ 116.7971728, -8.769597161999911 ], [ 116.79692615099998, -8.769350101999919 ], [ 116.796771162000027, -8.769187042999874 ], [ 116.796547843999974, -8.769010805999869 ], [ 116.796381189000158, -8.768847746999882 ], [ 116.796174536999956, -8.768646803999957 ], [ 116.795811230000027, -8.768366801999889 ], [ 116.795417925000038, -8.768057152999916 ], [ 116.794701308999947, -8.767635501999848 ], [ 116.794138719000102, -8.767250135999859 ], [ 116.793809706000161, -8.767039260999923 ], [ 116.793203082, -8.76663407999996 ], [ 116.792593126000043, -8.766238780999856 ], [ 116.792147120999971, -8.765983010999946 ], [ 116.79076385999997, -8.765439049999941 ], [ 116.790397650000045, -8.765341779999915 ], [ 116.789863600000103, -8.765288359999886 ], [ 116.788940440000147, -8.765359879999949 ], [ 116.787712110000143, -8.765528679999875 ], [ 116.787452690000123, -8.76560590999992 ], [ 116.787341517000073, -8.765682153999876 ], [ 116.787321654000152, -8.765695777999952 ], [ 116.787321460000044, -8.765695909999863 ], [ 116.787185670000099, -8.765789029999951 ], [ 116.787040710000156, -8.765949239999884 ], [ 116.78691101000004, -8.766279219999888 ], [ 116.786766049999983, -8.766632079999908 ], [ 116.78657533, -8.76705168999996 ], [ 116.786460880000163, -8.767310119999934 ], [ 116.78627014999995, -8.767567639999925 ], [ 116.785217300000113, -8.768419269999868 ], [ 116.784896839999988, -8.768707279999887 ], [ 116.784400940000069, -8.769283289999862 ], [ 116.784111030000076, -8.769693369999857 ], [ 116.783866880000119, -8.770133979999912 ], [ 116.783546450000017, -8.770706189999942 ], [ 116.783218380000108, -8.771368979999863 ], [ 116.782821670000089, -8.772741319999909 ], [ 116.782562269999971, -8.773445119999849 ], [ 116.782356260000142, -8.773783689999902 ], [ 116.781951900000081, -8.774382589999902 ], [ 116.781784040000048, -8.77462482999988 ], [ 116.781654340000159, -8.774737359999961 ], [ 116.78154754000002, -8.77476216999986 ], [ 116.781417840000131, -8.774681089999888 ], [ 116.781341549999979, -8.774553299999923 ], [ 116.781044, -8.77409076999993 ], [ 116.780838010000139, -8.773759849999919 ], [ 116.780761719999987, -8.773548129999938 ], [ 116.780685439999957, -8.773238189999915 ], [ 116.780548100000146, -8.773015979999911 ], [ 116.780410780000125, -8.772803289999956 ], [ 116.780342110000106, -8.772276879999936 ], [ 116.780303949999961, -8.772081359999902 ], [ 116.77978518000009, -8.771086679999939 ], [ 116.779388440000048, -8.770025259999954 ], [ 116.779052729999989, -8.769227989999933 ], [ 116.778892510000105, -8.768951389999927 ], [ 116.778503409999985, -8.76858521999992 ], [ 116.778190620000146, -8.768367769999884 ], [ 116.777969360000043, -8.768210409999938 ], [ 116.777824399999986, -8.768040669999891 ], [ 116.777763370000116, -8.76785754999986 ], [ 116.777778630000057, -8.767693519999852 ], [ 116.777938840000047, -8.7674179199999 ], [ 116.778045669999983, -8.767268169999852 ], [ 116.7780838, -8.767122269999959 ], [ 116.778045669999983, -8.767004009999937 ], [ 116.77790068000013, -8.766898149999861 ], [ 116.777702340000019, -8.766798960000017 ], [ 116.777613359000043, -8.766793022999877 ], [ 116.777556697000136, -8.766794669999911 ], [ 116.777446705000102, -8.766760081999905 ], [ 116.777396707999969, -8.766730433999953 ], [ 116.777343379000058, -8.766605255999877 ], [ 116.777316714000108, -8.766511372999958 ], [ 116.777308381000012, -8.766402665999919 ], [ 116.777346712000053, -8.766275839999878 ], [ 116.777393374999974, -8.766209956999944 ], [ 116.777445038, -8.766158897999901 ], [ 116.777486702000147, -8.766081484999916 ], [ 116.777501701, -8.766017248999901 ], [ 116.7775067, -8.76593160099992 ], [ 116.777493368000137, -8.765829481999901 ], [ 116.777468370000065, -8.765768538999851 ], [ 116.777448371000105, -8.765664772999855 ], [ 116.77745837000009, -8.765579124999874 ], [ 116.777485035000041, -8.765475358999936 ], [ 116.777553364000141, -8.765397945999894 ], [ 116.777640024, -8.765355121999903 ], [ 116.777733351000165, -8.765323826999918 ], [ 116.777820011000017, -8.765302414999894 ], [ 116.77783918, -8.765288438999903 ], [ 116.777870840999981, -8.765265355999873 ], [ 116.777890006000121, -8.765244766999956 ], [ 116.777925004000167, -8.765200295999932 ], [ 116.777938336000034, -8.765144294999914 ], [ 116.777945246000058, -8.765080649999959 ], [ 116.777948752000157, -8.765048351999951 ], [ 116.777954584999975, -8.765010880999853 ], [ 116.777974167000025, -8.764968056999862 ], [ 116.778008718000137, -8.764926044999868 ], [ 116.778084575999969, -8.764887349999924 ], [ 116.778144571999974, -8.764844524999944 ], [ 116.778187902000013, -8.764785229999916 ], [ 116.778197901000112, -8.764702875999944 ], [ 116.778204567000103, -8.764597461999927 ], [ 116.778257897000117, -8.764419576999956 ], [ 116.778326664000019, -8.764228897999885 ], [ 116.778503409999985, -8.764021879999916 ], [ 116.778937269000153, -8.763743764999901 ], [ 116.778999510999938, -8.763729445999957 ], [ 116.779116169000076, -8.763686621999909 ], [ 116.779221162000113, -8.763653679999948 ], [ 116.7793594850001, -8.763586148999934 ], [ 116.779431146999968, -8.763536736999924 ], [ 116.779562803999966, -8.763465911999958 ], [ 116.779717030000143, -8.763372905999859 ], [ 116.779846180000163, -8.763315199999909 ], [ 116.780090330000121, -8.763158809999936 ], [ 116.780105328000104, -8.763143904999936 ], [ 116.780149429000062, -8.763143904999936 ], [ 116.78017442700002, -8.76315708199985 ], [ 116.78022442300005, -8.763160375999973 ], [ 116.780301085000019, -8.763143904999936 ], [ 116.780369413000017, -8.763112609999894 ], [ 116.780436075000011, -8.763051667999946 ], [ 116.780456073999972, -8.762992371999928 ], [ 116.780491071000142, -8.76292978299989 ], [ 116.780509403, -8.762885310999934 ], [ 116.780559400000016, -8.762849074999849 ], [ 116.780629395, -8.762816132999887 ], [ 116.780692723000129, -8.762761778999959 ], [ 116.78075271900002, -8.762681070999918 ], [ 116.780796048999946, -8.762583068999959 ], [ 116.780846046000079, -8.762508949999869 ], [ 116.780863544999988, -8.762428241999942 ], [ 116.780867711000155, -8.762356592999879 ], [ 116.780836880000038, -8.762244178999936 ], [ 116.780826880999939, -8.762217824999937 ], [ 116.78081563100011, -8.762200942999868 ], [ 116.780800215999989, -8.762183235999942 ], [ 116.780788132999987, -8.762176647999922 ], [ 116.780760634999979, -8.762175000999946 ], [ 116.780742303000125, -8.762182412999948 ], [ 116.780727720999948, -8.762193530999923 ], [ 116.780710639000176, -8.762207118999868 ], [ 116.780692307000095, -8.762212883999894 ], [ 116.780667309000137, -8.762209177999864 ], [ 116.780655226000135, -8.762196412999856 ], [ 116.780648560000031, -8.762180765999915 ], [ 116.780644394000092, -8.762171294999916 ], [ 116.780642726999986, -8.762156470999855 ], [ 116.780638633999956, -8.762137555999914 ], [ 116.780639670000028, -8.76212978999996 ], [ 116.78066253999998, -8.76197051999992 ], [ 116.780693124999971, -8.761830412999871 ], [ 116.780717305000167, -8.761816756999906 ], [ 116.780753968999989, -8.761777226999925 ], [ 116.780788967000035, -8.761734401999945 ], [ 116.780812298000114, -8.761673458999951 ], [ 116.780822298000089, -8.761628987999927 ], [ 116.780820630999983, -8.76154333799991 ], [ 116.780807299, -8.761487336999892 ], [ 116.780807299, -8.761424746999865 ], [ 116.780822298000089, -8.761373686999946 ], [ 116.780843963000166, -8.76131933299996 ], [ 116.780857295000033, -8.761260036999943 ], [ 116.780883959999983, -8.761195799999939 ], [ 116.780883959999983, -8.761141444999907 ], [ 116.780886593, -8.761103713999887 ], [ 116.780895626000074, -8.761080502999903 ], [ 116.780937289000121, -8.760933910999938 ], [ 116.780963954000072, -8.760861437999893 ], [ 116.780953954999973, -8.76079225999996 ], [ 116.780983953000032, -8.760716492999904 ], [ 116.781030616000066, -8.760627548999935 ], [ 116.781103944000051, -8.760551781999936 ], [ 116.781173939000155, -8.760403542999939 ], [ 116.78118393800014, -8.760258596999961 ], [ 116.781147273999977, -8.760067532999926 ], [ 116.781050615000026, -8.759855055999935 ], [ 116.781025615999965, -8.759800701999893 ], [ 116.780983953000032, -8.759747993999952 ], [ 116.780958953999971, -8.759721639999952 ], [ 116.780868961000124, -8.759649167999953 ], [ 116.780817297999988, -8.759598106999931 ], [ 116.780783967000161, -8.759527280999919 ], [ 116.78075480200016, -8.759469632999924 ], [ 116.780728138000086, -8.759411983999883 ], [ 116.780688973999986, -8.759349393999855 ], [ 116.780635644000085, -8.759302450999883 ], [ 116.780585131999942, -8.759286453999891 ], [ 116.780528152000102, -8.759287626999878 ], [ 116.780504820000033, -8.759261272999936 ], [ 116.780481487999964, -8.759225036999851 ], [ 116.780464823000102, -8.759192094999889 ], [ 116.780491488000052, -8.759154210999952 ], [ 116.780536484999971, -8.759108091999849 ], [ 116.780594814000096, -8.759035618999917 ], [ 116.780654118000029, -8.758938906999902 ], [ 116.780661476000091, -8.7589269099999 ], [ 116.780701473000136, -8.75883961299985 ], [ 116.78069814000014, -8.758739138999886 ], [ 116.780676475000178, -8.758656782999935 ], [ 116.780653143, -8.758525013999929 ], [ 116.780536484999971, -8.758257357999923 ], [ 116.780511919, -8.75820594399994 ], [ 116.780508153000142, -8.758198061999906 ], [ 116.780493154000055, -8.758163471999865 ], [ 116.780518986000175, -8.758108293999953 ], [ 116.780557284, -8.758078385999852 ], [ 116.780586481, -8.758055585999898 ], [ 116.780616478999946, -8.758001230999866 ], [ 116.780649047, -8.757929496999907 ], [ 116.780674807999958, -8.75787275599987 ], [ 116.780764802000135, -8.757788752999943 ], [ 116.780799469000044, -8.757763 ], [ 116.780892293000079, -8.757694043999948 ], [ 116.780954788000031, -8.757632276999914 ], [ 116.781035616000167, -8.757540037999888 ], [ 116.781083946000081, -8.757468388999939 ], [ 116.781210602999977, -8.757334147999927 ], [ 116.781303096999977, -8.757249321999893 ], [ 116.781400133000034, -8.757177871999943 ], [ 116.781458044000033, -8.757135231999882 ], [ 116.781492153000158, -8.75711596799988 ], [ 116.781539553000016, -8.757088823999936 ], [ 116.78157897799997, -8.757068683999876 ], [ 116.781632579000075, -8.757048543999929 ], [ 116.781682193000051, -8.757035409999958 ], [ 116.781728263, -8.757027528999856 ], [ 116.781768810000017, -8.757033329999899 ], [ 116.781840781000028, -8.757053797999902 ], [ 116.781893939000156, -8.757064305999961 ], [ 116.781945325000152, -8.757050295999875 ], [ 116.782017974000041, -8.757024025999897 ], [ 116.782056956000019, -8.756987249999895 ], [ 116.78208885100014, -8.75694872199989 ], [ 116.782142895, -8.75685677999985 ], [ 116.78219250899997, -8.756765712999936 ], [ 116.782217316000015, -8.756664138999895 ], [ 116.782241237, -8.756460114999868 ], [ 116.782230606000098, -8.756318261999866 ], [ 116.782161500000029, -8.75613087499994 ], [ 116.782079992000035, -8.755913715999895 ], [ 116.782053413000085, -8.755757851999874 ], [ 116.782051641000066, -8.755675541999892 ], [ 116.782110114000034, -8.755528433999928 ], [ 116.782230606000098, -8.755300766999881 ], [ 116.782351096999946, -8.75508185699988 ], [ 116.782414886999959, -8.754990789999908 ], [ 116.782487535999962, -8.754943504999915 ], [ 116.782581447999974, -8.75489622099991 ], [ 116.782704469000123, -8.754843682999933 ], [ 116.783355700000016, -8.75468538999985 ], [ 116.783828729999982, -8.754580499999918 ], [ 116.784103390000155, -8.754470819999881 ], [ 116.78427089000013, -8.754359449999924 ], [ 116.78435206600011, -8.754249775999881 ], [ 116.784362810000061, -8.754235259999916 ], [ 116.784393320000163, -8.754066459999933 ], [ 116.784385680000014, -8.754010219999941 ], [ 116.784340575000101, -8.753659089999928 ], [ 116.784268326000074, -8.753565240999933 ], [ 116.78418681800008, -8.75344965599993 ], [ 116.784052151000083, -8.753235997999923 ], [ 116.783892677000154, -8.752899749999926 ], [ 116.783770413999946, -8.752528474999906 ], [ 116.783717256000159, -8.752339334999931 ], [ 116.783649922000109, -8.752139686999897 ], [ 116.783550694000041, -8.751899758999855 ], [ 116.783437291000155, -8.75160203799993 ], [ 116.783100624000099, -8.750943548999885 ], [ 116.782926975, -8.750607297999863 ], [ 116.782746238000072, -8.750313078999852 ], [ 116.782576132000031, -8.750050382999859 ], [ 116.782384763999971, -8.749721135999891 ], [ 116.782232378, -8.749432169999807 ], [ 116.782123558999956, -8.749248179999938 ], [ 116.781932972000163, -8.748893451999891 ], [ 116.781633038, -8.748419476999857 ], [ 116.781391574000054, -8.748082723999858 ], [ 116.780990121000173, -8.747605413999906 ], [ 116.779944270000101, -8.746360888999959 ], [ 116.779268762000129, -8.745599529999936 ], [ 116.778077736, -8.74438135399987 ], [ 116.777594807000128, -8.743883539999899 ], [ 116.777331122999954, -8.743857184999911 ], [ 116.777061512000159, -8.74370198399987 ], [ 116.776854120000166, -8.743435506999958 ], [ 116.776821529000017, -8.743391581999958 ], [ 116.776711907000049, -8.74335937099994 ], [ 116.776572657999964, -8.743365226999913 ], [ 116.776483776000077, -8.743467717999863 ], [ 116.776439333999974, -8.743537997999908 ], [ 116.776326750000067, -8.743581922999908 ], [ 116.776211202000127, -8.74351164299992 ], [ 116.776184538000052, -8.743435506999958 ], [ 116.776196389, -8.743362298999955 ], [ 116.776270457000123, -8.743256878999887 ], [ 116.776386005000063, -8.743130960999906 ], [ 116.776430445999949, -8.743025541999941 ], [ 116.776394893000088, -8.742931834999922 ], [ 116.775895668999965, -8.742573114999914 ], [ 116.774894710000012, -8.742010119999861 ], [ 116.77452087000006, -8.741770739999879 ], [ 116.773971169999982, -8.741363759999956 ], [ 116.773628230000099, -8.741109859999881 ], [ 116.773162839999941, -8.740768439999897 ], [ 116.77272797, -8.740454659999955 ], [ 116.77246857, -8.740283009999871 ], [ 116.772148140000013, -8.740157129999943 ], [ 116.771872833000089, -8.740107726999952 ], [ 116.771377550000011, -8.740018849999956 ], [ 116.771034230000055, -8.740004529999908 ], [ 116.77066802000013, -8.740105630000016 ], [ 116.770622250000088, -8.740127559999905 ], [ 116.77062987, -8.740264899999886 ], [ 116.77066802000013, -8.740488049999954 ], [ 116.770652770000083, -8.740648269999895 ], [ 116.770545970000171, -8.74076749999989 ], [ 116.770446780000043, -8.740889559999857 ], [ 116.770225510000046, -8.741013529999918 ], [ 116.769813540000087, -8.741123209999955 ], [ 116.769645680000053, -8.741150869999899 ], [ 116.76950073, -8.741253849999907 ], [ 116.769409180000025, -8.741413119999947 ], [ 116.769271840000101, -8.741933829999937 ], [ 116.76918030000013, -8.74217509999994 ], [ 116.768676750000054, -8.742705329999922 ], [ 116.768463150000116, -8.742898939999861 ], [ 116.768264779999981, -8.743012409999949 ], [ 116.767997740000169, -8.743062029999862 ], [ 116.767662050000126, -8.743018169999857 ], [ 116.766586320000101, -8.742638569999826 ], [ 116.766204840000114, -8.742490759999953 ], [ 116.766006470000093, -8.742362009999852 ], [ 116.765846249999981, -8.742189409999867 ], [ 116.765754679999986, -8.741976719999855 ], [ 116.765563980000024, -8.741217629999937 ], [ 116.765533440000013, -8.740918159999921 ], [ 116.765563980000024, -8.740763649999849 ], [ 116.765594490000126, -8.740660649999938 ], [ 116.765708910000171, -8.740411769999866 ], [ 116.765914920000114, -8.740165709999928 ], [ 116.766212480000036, -8.739919659999941 ], [ 116.766464240000118, -8.739786139999865 ], [ 116.767013550000115, -8.739658349999956 ], [ 116.767555219999963, -8.739618309999855 ], [ 116.767799370000034, -8.739615459999868 ], [ 116.767997740000169, -8.739543929999911 ], [ 116.768150340000147, -8.739422789999935 ], [ 116.768333429999984, -8.739063259999853 ], [ 116.768356319999953, -8.738956459999883 ], [ 116.76837920000014, -8.738877299999899 ], [ 116.768363960000102, -8.738718989999882 ], [ 116.768280010000012, -8.738564479999866 ], [ 116.768196110000076, -8.738496779999878 ], [ 116.768096920000175, -8.738503449999882 ], [ 116.767913830000111, -8.738617899999952 ], [ 116.767570510000155, -8.738700859999881 ], [ 116.767181380000125, -8.738739009999961 ], [ 116.766899110000054, -8.738694179999868 ], [ 116.766654970000104, -8.738604549999934 ], [ 116.766349790000049, -8.738360409999871 ], [ 116.76604462, -8.737963669999885 ], [ 116.76593782000009, -8.737492569999915 ], [ 116.765975949999984, -8.737282739999955 ], [ 116.765914920000114, -8.737101539999912 ], [ 116.766052240000135, -8.736832609999851 ], [ 116.766143810000017, -8.736660959999938 ], [ 116.766151420000142, -8.736563659999888 ], [ 116.76582335, -8.736690510000017 ], [ 116.76549531, -8.736763939999946 ], [ 116.76519774999997, -8.736745829999961 ], [ 116.764823910000132, -8.736729609999941 ], [ 116.764404300000024, -8.736832609999851 ], [ 116.764205920000109, -8.736856449999948 ], [ 116.763923650000038, -8.736780169999861 ], [ 116.76361848, -8.736758239999915 ], [ 116.763458240000091, -8.736751559999902 ], [ 116.763290410000081, -8.736683859999914 ], [ 116.763191219999953, -8.736598 ], [ 116.763168350000115, -8.736504569999909 ], [ 116.763229349999961, -8.736395829999935 ], [ 116.76336670000012, -8.736284239999861 ], [ 116.763565060000019, -8.736269009999944 ], [ 116.763847360000113, -8.736207949999937 ], [ 116.764793390000023, -8.736060139999893 ], [ 116.765228269999966, -8.735962869999923 ], [ 116.765480030000049, -8.735867499999927 ], [ 116.765640260000168, -8.735093099999915 ], [ 116.765708910000171, -8.734916689999864 ], [ 116.765815740000107, -8.734801299999901 ], [ 116.765930179999941, -8.734754559999942 ], [ 116.76604462, -8.734775549999938 ], [ 116.766197200000079, -8.734925269999849 ], [ 116.76628876999996, -8.73502730999985 ], [ 116.76645659999997, -8.735077869999884 ], [ 116.766662610000026, -8.73505114999989 ], [ 116.767059320000158, -8.734865209999953 ], [ 116.76770018000002, -8.734581939999885 ], [ 116.767822270000011, -8.734474169999942 ], [ 116.768005360000075, -8.734051699999952 ], [ 116.76853944000004, -8.732008929999893 ], [ 116.768585180000059, -8.731638909999901 ], [ 116.768554670000071, -8.731387149999932 ], [ 116.768478380000147, -8.731200209999827 ], [ 116.768287679999958, -8.731025679999959 ], [ 116.768096920000175, -8.730948449999914 ], [ 116.767799370000034, -8.730899809999869 ], [ 116.767646790000072, -8.730814929999951 ], [ 116.76753235000001, -8.730657569999892 ], [ 116.767425530000082, -8.730490689999954 ], [ 116.766235349999988, -8.730174050000016 ], [ 116.765983570000117, -8.730095849999941 ], [ 116.765846249999981, -8.730012889999955 ], [ 116.765747070000089, -8.729866029999869 ], [ 116.765716550000093, -8.72964286999985 ], [ 116.76569368000014, -8.729477889999885 ], [ 116.765609730000051, -8.729165079999859 ], [ 116.765617369999973, -8.729006779999906 ], [ 116.765754679999986, -8.728725439999891 ], [ 116.76585387, -8.728605269999889 ], [ 116.765968330000078, -8.728547099999957 ], [ 116.76630402, -8.728608119999876 ], [ 116.766960140000037, -8.728771219999942 ], [ 116.767486579999968, -8.728788379999855 ], [ 116.76794435, -8.728779779999854 ], [ 116.768615719999957, -8.728944779999949 ], [ 116.768798840000159, -8.728981019999935 ], [ 116.769027700000152, -8.728915209999911 ], [ 116.769248970000149, -8.728709219999871 ], [ 116.769523620000086, -8.728323939999882 ], [ 116.769851670000094, -8.727767949999929 ], [ 116.770156840000141, -8.727345459999924 ], [ 116.770241774000056, -8.727247796999961 ], [ 116.770538350000038, -8.726906769999857 ], [ 116.770790110000121, -8.726652159999958 ], [ 116.77127837, -8.726185799999939 ], [ 116.771507250000127, -8.725855839999952 ], [ 116.771583540000051, -8.72573661999985 ], [ 116.771759009999982, -8.7256660299999 ], [ 116.771881099999973, -8.725677469999937 ], [ 116.772239680000098, -8.725942599999939 ], [ 116.772766120000142, -8.726568229999941 ], [ 116.772964490000049, -8.726782800000024 ], [ 116.7731781, -8.726919169999917 ], [ 116.7735672, -8.727042199999914 ], [ 116.774063120000051, -8.727093699999898 ], [ 116.774353010000027, -8.727055549999932 ], [ 116.774772650000045, -8.726960179999935 ], [ 116.775482160000024, -8.727014559999816 ], [ 116.775703430000021, -8.727034559999879 ], [ 116.775871280000047, -8.726985929999955 ], [ 116.776130660000035, -8.726801849999902 ], [ 116.776290900000163, -8.726595869999926 ], [ 116.77640534, -8.726429919999873 ], [ 116.776519780000058, -8.726347929999918 ], [ 116.776657100000079, -8.726329819999933 ], [ 116.77691649999997, -8.726486209999905 ], [ 116.777046200000086, -8.726567259999854 ], [ 116.777175899999975, -8.726577749999933 ], [ 116.777336140000102, -8.726451869999892 ], [ 116.777519220000158, -8.726255419999916 ], [ 116.777748110000061, -8.726115219999826 ], [ 116.777961740000023, -8.726054189999957 ], [ 116.778160110000044, -8.726070419999871 ], [ 116.77844238, -8.726187689999961 ], [ 116.778686519999951, -8.726354599999922 ], [ 116.779052729999989, -8.726894389999927 ], [ 116.779823309999983, -8.727505679999865 ], [ 116.78012848000003, -8.727735529999961 ], [ 116.780265820000068, -8.727879519999874 ], [ 116.780342110000106, -8.728217139999856 ], [ 116.780380240000113, -8.728344929999935 ], [ 116.780494679999947, -8.728453639999884 ], [ 116.780624380000063, -8.728482249999956 ], [ 116.780876170000056, -8.728384969999865 ], [ 116.781211849999977, -8.728129389999879 ], [ 116.781372070000089, -8.727971089999926 ], [ 116.781364449999955, -8.727430359999858 ], [ 116.781394970000065, -8.72719764999988 ], [ 116.78146363999997, -8.727016449999894 ], [ 116.781608570000117, -8.726861 ], [ 116.781951900000081, -8.726721769999926 ], [ 116.782004450000159, -8.726699579999888 ], [ 116.782096860000024, -8.726659769999856 ], [ 116.782173170000078, -8.726536769999939 ], [ 116.782150269999988, -8.72608946999992 ], [ 116.782112139999981, -8.725730909999925 ], [ 116.782150269999988, -8.72544 ], [ 116.7825775, -8.724596029999816 ], [ 116.7827072, -8.724346159999925 ], [ 116.78279877, -8.72366905999985 ], [ 116.782867440000018, -8.723382939999908 ], [ 116.782966620000025, -8.723171239999886 ], [ 116.783729540000081, -8.722392079999906 ], [ 116.784080489999951, -8.722058279999885 ], [ 116.784484870000028, -8.721788409999874 ], [ 116.785003640000014, -8.721528059999912 ], [ 116.785237560000155, -8.721410679999906 ], [ 116.785430899999938, -8.721313489999943 ], [ 116.785675040000115, -8.721191410000017 ], [ 116.785797130000105, -8.721076019999884 ], [ 116.785873410000022, -8.720795609999868 ], [ 116.785886357000095, -8.720460243999923 ], [ 116.785903930000018, -8.720005029999925 ], [ 116.785896310000112, -8.719790459999956 ], [ 116.785789479999949, -8.719587329999911 ], [ 116.785491950000051, -8.719274509999877 ], [ 116.78529967999998, -8.719141889999946 ], [ 116.785285970000132, -8.719132429999945 ], [ 116.784751089, -8.71896126099989 ], [ 116.784523, -8.718888269999923 ], [ 116.783897400000114, -8.718708029999902 ], [ 116.783401499999968, -8.718530649999877 ], [ 116.783111579999968, -8.718376139999918 ], [ 116.782884795999962, -8.718140379999909 ], [ 116.78279877, -8.718050949999906 ], [ 116.782661449999978, -8.717845929999896 ], [ 116.782569880000096, -8.71759032999995 ], [ 116.78255463000005, -8.717429169999946 ], [ 116.782829279999987, -8.717020989999924 ], [ 116.782913210000061, -8.716900819999864 ], [ 116.782920829999966, -8.716793049999922 ], [ 116.782852159999948, -8.71669198 ], [ 116.78108979000001, -8.716590879999956 ], [ 116.781013800999972, -8.716581638999912 ], [ 116.780772259000059, -8.716613728999903 ], [ 116.780602295999984, -8.716629001999934 ], [ 116.780416880999951, -8.716679910999858 ], [ 116.780195413, -8.716651910999872 ], [ 116.780035750000025, -8.716565364999894 ], [ 116.779855485999974, -8.716522091999877 ], [ 116.779670071000055, -8.716527182999926 ], [ 116.779541311, -8.716522091999877 ], [ 116.779435726999964, -8.716448273999902 ], [ 116.779368772, -8.716290454999921 ], [ 116.779373922000104, -8.71600027199986 ], [ 116.779415126, -8.715720270999952 ], [ 116.77959538999994, -8.715228994999904 ], [ 116.779811708000125, -8.714864991999889 ], [ 116.779984246000026, -8.714674080999941 ], [ 116.780082104000144, -8.714630807999868 ], [ 116.780146483999943, -8.714674080999941 ], [ 116.780182536999973, -8.714750445999925 ], [ 116.780174812000155, -8.714847173999942 ], [ 116.780174812000155, -8.714910810999868 ], [ 116.780174812000155, -8.715002447999893 ], [ 116.780146483999943, -8.715183175999925 ], [ 116.780123307000054, -8.715292631999944 ], [ 116.780409155000029, -8.715343540999868 ], [ 116.780834064000146, -8.715396995999868 ], [ 116.78109496400009, -8.715414259999875 ], [ 116.78148651000015, -8.715386389999878 ], [ 116.781974800000057, -8.715333919999864 ], [ 116.782379150000111, -8.715295789999914 ], [ 116.782836920000136, -8.715298639999901 ], [ 116.783302310000067, -8.71534537999986 ], [ 116.783569329999978, -8.715335829999958 ], [ 116.78373718, -8.715275769999948 ], [ 116.783920300000091, -8.715093599999875 ], [ 116.784019480000097, -8.714898129999881 ], [ 116.784028750000175, -8.71480253999988 ], [ 116.784042360000058, -8.71465013999989 ], [ 116.784042360000058, -8.714303959999938 ], [ 116.784088150000116, -8.714107499999955 ], [ 116.784278860000086, -8.713809029999936 ], [ 116.784454330000017, -8.713642119999861 ], [ 116.78495025999996, -8.713444709999919 ], [ 116.785285970000132, -8.713358869999922 ], [ 116.785560620000069, -8.713343619999876 ], [ 116.785774230000015, -8.713388449999854 ], [ 116.786025989999985, -8.713484759999915 ], [ 116.786109940000074, -8.713484759999915 ], [ 116.786201480000159, -8.713394149999885 ], [ 116.78635406, -8.712965009999891 ], [ 116.786384600000019, -8.712807649999945 ], [ 116.786367560000031, -8.71273354799996 ], [ 116.786346440000102, -8.712641699999892 ], [ 116.786241619000066, -8.712508797999931 ], [ 116.786195676000034, -8.712473992999946 ], [ 116.786118644999988, -8.712434456999858 ], [ 116.78600457899995, -8.712364171999923 ], [ 116.78594680499998, -8.712317313999961 ], [ 116.785880142999986, -8.712261671999954 ], [ 116.785834221000073, -8.712216278999961 ], [ 116.785782371999971, -8.712162099999887 ], [ 116.785712748000037, -8.712081564999892 ], [ 116.785680158, -8.712044957999922 ], [ 116.785644605000016, -8.711993707999909 ], [ 116.785607570000025, -8.711949778999951 ], [ 116.785569054, -8.711929278999889 ], [ 116.785493503999987, -8.711889743999848 ], [ 116.785419435, -8.711847278999869 ], [ 116.785332034000021, -8.711794564999877 ], [ 116.78524167, -8.711731600999883 ], [ 116.785157232000074, -8.711665707999941 ], [ 116.785079950000068, -8.711591719999944 ], [ 116.784179670000071, -8.710603719999938 ], [ 116.783752440000058, -8.710108759999912 ], [ 116.783391380000012, -8.709709849999854 ], [ 116.78299714000002, -8.709274289999883 ], [ 116.782661449999978, -8.708924289999857 ], [ 116.782654655000101, -8.708913656999869 ], [ 116.782603340000151, -8.708868179999854 ], [ 116.782424093000145, -8.708679285999949 ], [ 116.782289288000129, -8.708515284999862 ], [ 116.782192999000017, -8.708364461999906 ], [ 116.782075970000051, -8.708193138999945 ], [ 116.782012270999985, -8.708095030999914 ], [ 116.781834506, -8.707828527999879 ], [ 116.781633038, -8.70754591799988 ], [ 116.781481937999956, -8.707358487999898 ], [ 116.781324912000059, -8.707178377999924 ], [ 116.781093818000159, -8.706923589999917 ], [ 116.780979752000121, -8.706803516999912 ], [ 116.780844946, -8.7066702649999 ], [ 116.780671624999968, -8.706516512999883 ], [ 116.780389367, -8.706256072999906 ], [ 116.779930110000123, -8.705911619999938 ], [ 116.779579170000034, -8.705622669999912 ], [ 116.77931215000001, -8.705309879999959 ], [ 116.779231053000103, -8.705173197999954 ], [ 116.779159326000126, -8.705082039999922 ], [ 116.779052667000087, -8.704987591999952 ], [ 116.778937119000148, -8.704912911999884 ], [ 116.778723801000069, -8.704741586999944 ], [ 116.778603810000163, -8.70462078099996 ], [ 116.77855936800006, -8.704521939999893 ], [ 116.778548258, -8.704403330999924 ], [ 116.778566035000154, -8.704212237999911 ], [ 116.77859047700008, -8.704016751999916 ], [ 116.77857270100003, -8.703823461999889 ], [ 116.778542380999966, -8.703627752999864 ], [ 116.778494928999976, -8.703478614999881 ], [ 116.778419377999967, -8.703373184999862 ], [ 116.778301608999982, -8.703274342999919 ], [ 116.778109399999948, -8.703237002999856 ], [ 116.777997186000107, -8.70323260999993 ], [ 116.777887194000073, -8.703215037999939 ], [ 116.777808310999944, -8.703195269999867 ], [ 116.777746093000019, -8.703179894999948 ], [ 116.777682764000019, -8.703155732999903 ], [ 116.777650544000153, -8.703138161999959 ], [ 116.77764054499994, -8.703098624999882 ], [ 116.777634990000138, -8.703048105999869 ], [ 116.777642766999975, -8.702996488999872 ], [ 116.777646867000158, -8.702952582999956 ], [ 116.777730045000112, -8.702893658999869 ], [ 116.777846085999954, -8.702916316999961 ], [ 116.777963855000053, -8.70294047799996 ], [ 116.778103845000146, -8.702947067999958 ], [ 116.778219393000086, -8.702892155999848 ], [ 116.778312719000155, -8.702804296999943 ], [ 116.778314390999981, -8.702797902999862 ], [ 116.778363827000135, -8.702608809999958 ], [ 116.778374936999967, -8.702463841999929 ], [ 116.7783616050001, -8.70236609899996 ], [ 116.778366048999942, -8.702036625999938 ], [ 116.778312719000155, -8.701601721999907 ], [ 116.77825939000013, -8.701228318999938 ], [ 116.778206060000116, -8.700775841999871 ], [ 116.778179395000166, -8.70045515399994 ], [ 116.778117178, -8.699971924999886 ], [ 116.778046072000052, -8.699501873999907 ], [ 116.777997186000107, -8.699031822999927 ], [ 116.777943856999968, -8.698539805999872 ], [ 116.777917192000018, -8.698135648999937 ], [ 116.777890527000068, -8.697757848999856 ], [ 116.777881639000043, -8.697639237999908 ], [ 116.777837198000157, -8.69748108899995 ], [ 116.77777498, -8.697314153999912 ], [ 116.777730539000117, -8.697028606999936 ], [ 116.777694986000142, -8.696765025999866 ], [ 116.777659433000053, -8.696584910999945 ], [ 116.777610547, -8.696365259999936 ], [ 116.777450560000148, -8.695831289999944 ], [ 116.77738953000005, -8.695656789999816 ], [ 116.777290570000105, -8.695187923999924 ], [ 116.777270571000031, -8.695036363999918 ], [ 116.77725057300006, -8.694876017999889 ], [ 116.7772305740001, -8.694704687999945 ], [ 116.777219464000041, -8.694593763999876 ], [ 116.77719279900009, -8.69447185599995 ], [ 116.777062807999982, -8.694213763999869 ], [ 116.776958370999978, -8.69405341699985 ], [ 116.776785844999949, -8.693853912999941 ], [ 116.776781716999949, -8.693849139999941 ], [ 116.776718149999965, -8.693859099999941 ], [ 116.776698146000058, -8.693855295999867 ], [ 116.776636172000053, -8.693871104999857 ], [ 116.776476183000113, -8.693878792999953 ], [ 116.776382857000158, -8.6939155849999 ], [ 116.776293419000012, -8.693942492999895 ], [ 116.776211202000127, -8.694043532999899 ], [ 116.776155651000067, -8.694100642999956 ], [ 116.776040103000014, -8.69420168299996 ], [ 116.775935666, -8.694241220999857 ], [ 116.775837896000098, -8.694247809999865 ], [ 116.775749013, -8.694212665999885 ], [ 116.775713460000134, -8.69417532499989 ], [ 116.775675685000124, -8.694091856999933 ], [ 116.775682351000114, -8.693997405999937 ], [ 116.775697906000119, -8.693896364999944 ], [ 116.775733459000094, -8.693810700999961 ], [ 116.775751235000143, -8.693751393999889 ], [ 116.77578456599997, -8.693652549999911 ], [ 116.77582551, -8.693547249999881 ], [ 116.775895387, -8.693334878999906 ], [ 116.775980108, -8.693211046999863 ], [ 116.776000106000083, -8.693059485999868 ], [ 116.775986773999989, -8.692923299999961 ], [ 116.775941222000142, -8.692791507999914 ], [ 116.775897891, -8.692739888999881 ], [ 116.775811231000148, -8.692654223999909 ], [ 116.775771234000104, -8.692570755999952 ], [ 116.775655685999936, -8.69249277799986 ], [ 116.775601246000065, -8.692452141999865 ], [ 116.77556124900002, -8.692376361999891 ], [ 116.77552014000014, -8.692284106999921 ], [ 116.775501253000016, -8.692208325999957 ], [ 116.775512700000036, -8.69207192999994 ], [ 116.775627140000097, -8.691919329999848 ], [ 116.775833130000024, -8.691772459999868 ], [ 116.776107780000075, -8.691621769999927 ], [ 116.776222230000144, -8.691520699999899 ], [ 116.776268, -8.691353809999953 ], [ 116.77628325, -8.691093449999926 ], [ 116.776316279999946, -8.690916409999886 ], [ 116.776336669999978, -8.690803529999926 ], [ 116.776329030000056, -8.690523139999868 ], [ 116.775928376000138, -8.689743458999942 ], [ 116.775657649999971, -8.689216619999854 ], [ 116.774658190000082, -8.687876699999947 ], [ 116.77454377000015, -8.687752729999886 ], [ 116.774238589999982, -8.687697409999942 ], [ 116.774002070000051, -8.687740319999932 ], [ 116.773880009999971, -8.687810909999939 ], [ 116.773757929999988, -8.688107489999936 ], [ 116.773704510000016, -8.688235279999958 ], [ 116.773529040000085, -8.688371659999859 ], [ 116.773216250000132, -8.688485159999914 ], [ 116.772911080000085, -8.688488979999875 ], [ 116.772712709999951, -8.688425069999937 ], [ 116.772483820000048, -8.688251509999873 ], [ 116.77204895, -8.687619209999866 ], [ 116.77195738, -8.6874360999999 ], [ 116.771896350000134, -8.687120449999895 ], [ 116.771873480000068, -8.686947829999895 ], [ 116.772491459999969, -8.685376149999911 ], [ 116.772834770000145, -8.684695249999947 ], [ 116.77305601, -8.684115419999955 ], [ 116.77317048000009, -8.683797819999938 ], [ 116.773315440000147, -8.683580399999926 ], [ 116.773590089999971, -8.683360099999959 ], [ 116.773773180000148, -8.68324279999996 ], [ 116.773918160000107, -8.683024409999916 ], [ 116.774070739999956, -8.682429299999967 ], [ 116.77413176999994, -8.68205547999986 ], [ 116.774070739999956, -8.681540479999853 ], [ 116.774063120000051, -8.681395539999869 ], [ 116.77433778, -8.680885329999853 ], [ 116.774414070000034, -8.680709859999922 ], [ 116.774353010000027, -8.679921159999935 ], [ 116.77424621, -8.679360389999886 ], [ 116.774063120000051, -8.678318019999949 ], [ 116.773994450000032, -8.677638059999936 ], [ 116.774002070000051, -8.677415849999932 ], [ 116.774086020000141, -8.677120209999885 ], [ 116.774253830000134, -8.676717759999917 ], [ 116.774307239999985, -8.676486969999928 ], [ 116.774253830000134, -8.676198959999851 ], [ 116.774101250000172, -8.675862329999916 ], [ 116.773811339999952, -8.67541217999991 ], [ 116.773712180000075, -8.675200459999928 ], [ 116.773674000000142, -8.674945819999948 ], [ 116.773658739999973, -8.674729339999942 ], [ 116.773124680000137, -8.673755649999862 ], [ 116.772956830000112, -8.673549659999878 ], [ 116.772955170000159, -8.673547689999907 ], [ 116.772880540000074, -8.673459039999955 ], [ 116.772796640000024, -8.673359849999883 ], [ 116.7725067, -8.673130989999947 ], [ 116.772193910000055, -8.672957429999883 ], [ 116.771804810000049, -8.672819139999945 ], [ 116.77108, -8.672679889999927 ], [ 116.770332340000095, -8.672622679999904 ], [ 116.770331513999963, -8.672622705999913 ], [ 116.769834002000039, -8.672584696999877 ], [ 116.76940736600011, -8.672694041999875 ], [ 116.768937276000088, -8.672869773999935 ], [ 116.768775312, -8.672988881999913 ], [ 116.768668652999963, -8.67311970499992 ], [ 116.76860096900009, -8.673188574999926 ], [ 116.768432620999988, -8.673359871999878 ], [ 116.768312134999974, -8.673489718999917 ], [ 116.76814029600007, -8.673698644999945 ], [ 116.76790760200015, -8.673932312999909 ], [ 116.767763038999988, -8.674032534999867 ], [ 116.767415409000023, -8.674212171999898 ], [ 116.767136909999977, -8.674264891999883 ], [ 116.76675767800009, -8.674270749999948 ], [ 116.766441651000036, -8.674245365999866 ], [ 116.766232283000022, -8.674216077999858 ], [ 116.765642685999978, -8.67418335799988 ], [ 116.765592329000015, -8.674182883999947 ], [ 116.765556776000153, -8.674342994999961 ], [ 116.765319756000054, -8.67447967499993 ], [ 116.764987927999982, -8.674680789999854 ], [ 116.764778560000082, -8.674737414999925 ], [ 116.764596844000152, -8.674792086999901 ], [ 116.764363775000106, -8.674822351999921 ], [ 116.764252178, -8.674867748999873 ], [ 116.764176627000097, -8.674895084999889 ], [ 116.76411194100001, -8.674903871999902 ], [ 116.764036884, -8.674888250999857 ], [ 116.763973678999946, -8.674901918999922 ], [ 116.763483836999967, -8.674948780999898 ], [ 116.763136208000105, -8.674978069999952 ], [ 116.762657228999956, -8.674967329999959 ], [ 116.762450823999984, -8.674957567999911 ], [ 116.762346140000091, -8.674979045999919 ], [ 116.76224244399998, -8.675012239999944 ], [ 116.762077518000069, -8.675069839999878 ], [ 116.761876483000037, -8.675117541999953 ], [ 116.761695850000137, -8.675104129999909 ], [ 116.760017390000144, -8.674716939999939 ], [ 116.75907136, -8.674520479999899 ], [ 116.759002689999988, -8.674510009999949 ], [ 116.758949280000024, -8.6744680299999 ], [ 116.758813774000032, -8.674341435999906 ], [ 116.75873257100011, -8.674225840999952 ], [ 116.758629862000021, -8.674114543999906 ], [ 116.75855875600007, -8.673991530999956 ], [ 116.75849555100001, -8.673829466999848 ], [ 116.75844617100006, -8.673714264999887 ], [ 116.758390867000116, -8.67364592499996 ], [ 116.758345438, -8.673548295999922 ], [ 116.758274332000155, -8.673370610999882 ], [ 116.758242729000131, -8.673276887999862 ], [ 116.758191375000138, -8.673153874999912 ], [ 116.758134095000173, -8.673069913999882 ], [ 116.758035336000034, -8.672958616999892 ], [ 116.757932628000162, -8.67288637099989 ], [ 116.75766993000002, -8.672794599999918 ], [ 116.757423034, -8.67271649599985 ], [ 116.757091206000155, -8.672562241999913 ], [ 116.756932205, -8.672488043999863 ], [ 116.756762341000012, -8.672390414999882 ], [ 116.756609443, -8.672293611999862 ], [ 116.756544085000087, -8.672256174999859 ], [ 116.75652532100014, -8.672280093999916 ], [ 116.756495693000147, -8.672303524999961 ], [ 116.756393971999955, -8.672333789999925 ], [ 116.756271511000023, -8.672331836999945 ], [ 116.756154977000051, -8.672316216999945 ], [ 116.756061155999987, -8.672277164999912 ], [ 116.756007826999962, -8.672243970999943 ], [ 116.755938696000158, -8.67217758299995 ], [ 116.755871540000157, -8.672085810999931 ], [ 116.75578307000012, -8.67196080999986 ], [ 116.755630490000044, -8.671777729999917 ], [ 116.755432120000023, -8.671565069999872 ], [ 116.755142210000145, -8.671200749999855 ], [ 116.75438691, -8.670599929999867 ], [ 116.754310600000053, -8.670494069999904 ], [ 116.753936780000117, -8.67011164999991 ], [ 116.753753660000029, -8.669693939999888 ], [ 116.753654480000023, -8.669493680000016 ], [ 116.753471360000162, -8.669156059999864 ], [ 116.753288280000106, -8.668931019999889 ], [ 116.753067030000011, -8.668635379999955 ], [ 116.752830509999967, -8.668460849999917 ], [ 116.752662670000177, -8.668274879999956 ], [ 116.75228883, -8.668066019999912 ], [ 116.752182009999956, -8.667989729999931 ], [ 116.752059920000079, -8.667423249999956 ], [ 116.751976020000029, -8.667207709999957 ], [ 116.751861579999968, -8.667118049999942 ], [ 116.751502990000176, -8.667057989999932 ], [ 116.751266490000148, -8.666892039999937 ], [ 116.751068120000014, -8.666751869999928 ], [ 116.750907880000113, -8.666704169999946 ], [ 116.75064089, -8.666739449999852 ], [ 116.750282280000079, -8.666676529999961 ], [ 116.750122060000081, -8.666640259999895 ], [ 116.750015260000168, -8.666707989999907 ], [ 116.74996187, -8.666741359999946 ], [ 116.749855050000065, -8.666819579999924 ], [ 116.749763500000086, -8.666825309999922 ], [ 116.749496460000046, -8.666650779999884 ], [ 116.749115, -8.666067129999931 ], [ 116.74900054, -8.665938369999935 ], [ 116.74861908000014, -8.665851589999932 ], [ 116.748367320000057, -8.665430069999957 ], [ 116.747726439999951, -8.664615619999893 ], [ 116.747520450000138, -8.664448729999947 ], [ 116.747283920000086, -8.664400109999917 ], [ 116.74702455, -8.664336199999866 ], [ 116.746757500000058, -8.664177899999913 ], [ 116.746559140000159, -8.663937569999916 ], [ 116.746376049999981, -8.663656239999909 ], [ 116.746246350000092, -8.663433069999826 ], [ 116.746177680000073, -8.663301479999859 ], [ 116.746162420000019, -8.662858019999874 ], [ 116.746200550000026, -8.662693989999866 ], [ 116.746307379999962, -8.662586219999923 ], [ 116.746597289999954, -8.662410749999879 ], [ 116.747070320000034, -8.66236970999995 ], [ 116.747451780000119, -8.662448899999958 ], [ 116.74777221, -8.662567139999851 ], [ 116.747993469999983, -8.662707329999932 ], [ 116.74858856000003, -8.663241389999882 ], [ 116.748703, -8.663521759999924 ], [ 116.748817450000161, -8.663718219999907 ], [ 116.749031050000099, -8.663908 ], [ 116.749137880000035, -8.66394997999987 ], [ 116.74932861000002, -8.663930899999912 ], [ 116.749366760000157, -8.663886069999933 ], [ 116.749557490000143, -8.663678169999855 ], [ 116.749717710000027, -8.663512229999924 ], [ 116.749832150000088, -8.663441669999941 ], [ 116.749992389999989, -8.663464549999958 ], [ 116.750205990000154, -8.663497919999884 ], [ 116.750617990000137, -8.663751609999906 ], [ 116.750808700000107, -8.663779269999907 ], [ 116.750907880000113, -8.663794529999905 ], [ 116.751045220000151, -8.663890839999908 ], [ 116.751380909999966, -8.663908 ], [ 116.751884450000034, -8.663730619999853 ], [ 116.752395630000137, -8.663530339999909 ], [ 116.752922050000166, -8.66326808999986 ], [ 116.753227219999985, -8.663045869999848 ], [ 116.753524780000134, -8.662678709999852 ], [ 116.753852850000044, -8.662229539999942 ], [ 116.754058840000084, -8.662014969999916 ], [ 116.754440319999958, -8.661733639999909 ], [ 116.754699690000166, -8.661549559999855 ], [ 116.754959090000057, -8.66134548999986 ], [ 116.755447379999964, -8.660981189999916 ], [ 116.755676270000095, -8.660827629999915 ], [ 116.755935660000091, -8.660743729999922 ], [ 116.756385789999968, -8.660665499999936 ], [ 116.756675710000081, -8.660564409999893 ], [ 116.756904589999976, -8.660499579999851 ], [ 116.75700378, -8.660480499999892 ], [ 116.757080070000143, -8.660365119999938 ], [ 116.757064830000104, -8.660161019999919 ], [ 116.757019040000046, -8.6599750499999 ], [ 116.757064830000104, -8.659785289999945 ], [ 116.757308950000038, -8.659537299999897 ], [ 116.757469189999938, -8.659404749999851 ], [ 116.757583609999983, -8.659363739999947 ], [ 116.757728570000154, -8.659384729999886 ], [ 116.758155819999956, -8.659586919999924 ], [ 116.758644109999977, -8.659271249999904 ], [ 116.75878906000014, -8.659128179999925 ], [ 116.758834839999963, -8.659027089999881 ], [ 116.7588729900001, -8.658757190000017 ], [ 116.759048460000031, -8.658603679999942 ], [ 116.759201040000107, -8.658546439999895 ], [ 116.759437560000151, -8.658547379999902 ], [ 116.759635930000172, -8.658609379999859 ], [ 116.759742739999979, -8.658655149999959 ], [ 116.759712220000097, -8.658364300000017 ], [ 116.759696960000042, -8.658168779999926 ], [ 116.759727480000151, -8.658040049999954 ], [ 116.759902950000082, -8.658076289999826 ], [ 116.75997924, -8.658086789999913 ], [ 116.760078420000013, -8.65790655 ], [ 116.760139480000134, -8.657797809999863 ], [ 116.760269180000023, -8.657755839999936 ], [ 116.760307310000144, -8.657755839999936 ], [ 116.760269180000023, -8.657546049999894 ], [ 116.760208120000129, -8.65735911999991 ], [ 116.760246280000047, -8.657205579999925 ], [ 116.760353079999959, -8.657019639999874 ], [ 116.76057435000007, -8.656760209999902 ], [ 116.760833719999937, -8.656430229999955 ], [ 116.760932910000065, -8.656204219999893 ], [ 116.760902399999964, -8.656081200000017 ], [ 116.760765080000169, -8.655877119999957 ], [ 116.760673530000076, -8.655684459999918 ], [ 116.760696410000151, -8.65554807999996 ], [ 116.76078034, -8.655407889999935 ], [ 116.760955810000155, -8.655264839999916 ], [ 116.761215210000159, -8.65513419999985 ], [ 116.761589050000111, -8.655037869999944 ], [ 116.761795040000152, -8.654867159999867 ], [ 116.76194764000013, -8.654647829999931 ], [ 116.762069690000089, -8.654370319999884 ], [ 116.762199389999978, -8.654158600000017 ], [ 116.762336740000023, -8.654062269999883 ], [ 116.76258852, -8.653964989999906 ], [ 116.76296997999998, -8.653877239999929 ], [ 116.763488780000102, -8.653850569999861 ], [ 116.763847360000113, -8.653800949999948 ], [ 116.764015200000131, -8.653729429999942 ], [ 116.764106740000102, -8.653575909999859 ], [ 116.76423646, -8.653260219999936 ], [ 116.764198309999983, -8.653162969999926 ], [ 116.763908369999967, -8.652627949999953 ], [ 116.763961809999955, -8.652358059999926 ], [ 116.76407622, -8.652137749999895 ], [ 116.764289849999955, -8.651840219999883 ], [ 116.764648439999974, -8.651491159999864 ], [ 116.764869583000063, -8.651391082999851 ], [ 116.764869679999947, -8.651391039999908 ], [ 116.764923090000138, -8.651340479999931 ], [ 116.764999380000063, -8.651157389999867 ], [ 116.765098570000077, -8.650837879999926 ], [ 116.76527404, -8.650229469999942 ], [ 116.765518179999958, -8.649474139999938 ], [ 116.765754679999986, -8.648819909999929 ], [ 116.76624728000013, -8.647188449999931 ], [ 116.766252200000167, -8.647172150000017 ], [ 116.766387949999967, -8.646721839999941 ], [ 116.766397210000036, -8.646612477999952 ], [ 116.766416962000108, -8.646512888999894 ], [ 116.766435726000054, -8.646419158999947 ], [ 116.766343880000136, -8.646386938999854 ], [ 116.766300427000147, -8.646378151999954 ], [ 116.766261911000129, -8.646370340999908 ], [ 116.766217470000129, -8.646359600999915 ], [ 116.766176979000079, -8.646338120999928 ], [ 116.766119699000114, -8.646307853999872 ], [ 116.766080195999962, -8.646288325999876 ], [ 116.76605649399994, -8.646253176999892 ], [ 116.766043654999976, -8.646199477999915 ], [ 116.766041576000134, -8.646036405999894 ], [ 116.766098009999951, -8.645829219999882 ], [ 116.766258229999949, -8.645256039999936 ], [ 116.766281120000031, -8.644935609999948 ], [ 116.766387949999967, -8.644718159999911 ], [ 116.76659394, -8.64445684999987 ], [ 116.766815179999981, -8.644284229999869 ], [ 116.76691437, -8.644177429999957 ], [ 116.766975400000092, -8.644014339999956 ], [ 116.767028810000056, -8.643672919999915 ], [ 116.767150870000023, -8.643455499999959 ], [ 116.767379750000032, -8.643175129999861 ], [ 116.767524710000089, -8.643111229999931 ], [ 116.767761240000141, -8.643057809999902 ], [ 116.767898550000155, -8.643011099999967 ], [ 116.76806568500001, -8.642868329999885 ], [ 116.76809190400013, -8.642815884999891 ], [ 116.768228191000162, -8.642610846999901 ], [ 116.768525947000057, -8.642191983999851 ], [ 116.768789632000107, -8.641915182999867 ], [ 116.769093313999974, -8.641578334999906 ], [ 116.769385145000115, -8.641313248999893 ], [ 116.769628090999959, -8.641177044999949 ], [ 116.769764378000104, -8.641109675999928 ], [ 116.769855482000025, -8.641086242999961 ], [ 116.769948068000076, -8.641070864999904 ], [ 116.770020656000042, -8.641043769999897 ], [ 116.770098428000097, -8.641011549999916 ], [ 116.770181028000138, -8.640984996999919 ], [ 116.770256030000155, -8.640901559999861 ], [ 116.770373329, -8.640607791999912 ], [ 116.770462040000098, -8.640385619999904 ], [ 116.77066041, -8.639574989999858 ], [ 116.771102900000074, -8.63738345999991 ], [ 116.771087660000035, -8.636983869999881 ], [ 116.771034230000055, -8.636509899999851 ], [ 116.770879015999981, -8.635958400999868 ], [ 116.770835880000163, -8.635805129999881 ], [ 116.77056, -8.634948659999907 ], [ 116.77055966, -8.634947599999919 ], [ 116.770408630000134, -8.634479529999908 ], [ 116.770156840000141, -8.632647499999848 ], [ 116.77014161000011, -8.63186357 ], [ 116.770210280000015, -8.629651079999917 ], [ 116.77027892000001, -8.629296289999957 ], [ 116.770423879999953, -8.628843309999922 ], [ 116.770698540000126, -8.628267279999875 ], [ 116.77111818000003, -8.627504359999932 ], [ 116.771270750000099, -8.627174379999872 ], [ 116.77146912000012, -8.626801479999926 ], [ 116.772018440000124, -8.625783919999947 ], [ 116.772384640000041, -8.625000939999893 ], [ 116.772781359999954, -8.624015809999946 ], [ 116.773039831, -8.623360242999865 ], [ 116.773254380000026, -8.62281607999995 ], [ 116.773483270000156, -8.622470839999892 ], [ 116.773757929999988, -8.621974 ], [ 116.77404783999998, -8.621444699999927 ], [ 116.77423095000006, -8.621207229999868 ], [ 116.774353010000027, -8.621140469999943 ], [ 116.77498628, -8.620823869999867 ], [ 116.776237509999987, -8.619817719999958 ], [ 116.777030940000031, -8.618919369999958 ], [ 116.777351370000133, -8.618470189999925 ], [ 116.777792394000016, -8.617883082999924 ], [ 116.777809140000159, -8.617860789999952 ], [ 116.778305039999964, -8.617315289999908 ], [ 116.778655990000061, -8.616951919999906 ], [ 116.779274, -8.616348269999946 ], [ 116.779335030000084, -8.616298659999927 ], [ 116.77989198, -8.615743639999891 ], [ 116.780349730000012, -8.615241039999887 ], [ 116.780784619999963, -8.614610669999877 ], [ 116.780918083000074, -8.614450606999867 ], [ 116.78091839800004, -8.61444933699994 ], [ 116.781088756000031, -8.614225242999851 ], [ 116.781185046000019, -8.614124180999852 ], [ 116.781278371999974, -8.614039230999936 ], [ 116.781394970000065, -8.613943089999907 ], [ 116.78146363999997, -8.613886849999915 ], [ 116.781512430000134, -8.613860540999895 ], [ 116.781635383999969, -8.613799024999935 ], [ 116.781807223999976, -8.613706750999938 ], [ 116.782058372000051, -8.613575560999948 ], [ 116.782464954000034, -8.613333260999866 ], [ 116.782734565000055, -8.613142853999932 ], [ 116.782947421000131, -8.612932322999939 ], [ 116.783119723000027, -8.612776686999894 ], [ 116.783294525000088, -8.612600925999857 ], [ 116.78348710399996, -8.612322638999899 ], [ 116.783617465000134, -8.612044350999895 ], [ 116.783718198999964, -8.611801214999957 ], [ 116.783919665999974, -8.611361811999927 ], [ 116.784121133000099, -8.610913620999952 ], [ 116.784328524999978, -8.610553309999887 ], [ 116.784586285000046, -8.610093400999858 ], [ 116.784740348000014, -8.609703795999849 ], [ 116.784944777999954, -8.609337624999853 ], [ 116.785156615000119, -8.608797155999923 ], [ 116.785198092999963, -8.608660939999936 ], [ 116.785233646000052, -8.608513006999942 ], [ 116.78524105300005, -8.608448560999932 ], [ 116.785335861000021, -8.608225927999911 ], [ 116.785460296999986, -8.60794177899993 ], [ 116.785516589000054, -8.607745509999916 ], [ 116.785667688999979, -8.60712155199991 ], [ 116.785738795000157, -8.60624273499991 ], [ 116.785863231, -8.605419574999928 ], [ 116.785854342999983, -8.605153 ], [ 116.785883969999986, -8.604895212999907 ], [ 116.78598197600013, -8.604547736999848 ], [ 116.786120990000086, -8.604159931999902 ], [ 116.7862632020001, -8.603869920999898 ], [ 116.786443930000132, -8.603486167999961 ], [ 116.786731316999976, -8.602791895999871 ], [ 116.786849827000083, -8.602510671999937 ], [ 116.786903156999983, -8.602241164999953 ], [ 116.786909082000079, -8.602033175999907 ], [ 116.786900194000054, -8.601617197999929 ], [ 116.78689130600003, -8.601268595999954 ], [ 116.786849827000083, -8.600580178999905 ], [ 116.786686875999976, -8.599291224999945 ], [ 116.786624658000051, -8.598954338999874 ], [ 116.786491333999948, -8.598415319999958 ], [ 116.786340234000136, -8.598016913999913 ], [ 116.786208392000049, -8.597644872999865 ], [ 116.786178991000156, -8.597559462999925 ], [ 116.786047661999987, -8.597173962999932 ], [ 116.785923227000126, -8.596781414999953 ], [ 116.785869897, -8.595832266999935 ], [ 116.785861008999973, -8.595419210999921 ], [ 116.785854879, -8.595264647999954 ], [ 116.785907491999978, -8.594912089999923 ], [ 116.785938040000019, -8.594788640999923 ], [ 116.785986925999964, -8.594587970999896 ], [ 116.78609506600003, -8.594229109999958 ], [ 116.786231353000062, -8.593775038999866 ], [ 116.786317273, -8.593517243999941 ], [ 116.786529108999957, -8.59286543199994 ], [ 116.786594290000153, -8.59266036799994 ], [ 116.786908342000061, -8.591916274999903 ], [ 116.787007594000102, -8.591714138999919 ], [ 116.787132028999963, -8.59149442599994 ], [ 116.787422378999963, -8.591132631999926 ], [ 116.787727543000074, -8.590763513999946 ], [ 116.787878643000113, -8.590505716999928 ], [ 116.788408976000028, -8.589940319999926 ], [ 116.788610443000039, -8.589761619999877 ], [ 116.788924494000071, -8.589509680999925 ], [ 116.789072632000057, -8.589386640999862 ], [ 116.789284469000108, -8.589281177999851 ], [ 116.789490379999961, -8.589177179999865 ], [ 116.789700735, -8.589081970999871 ], [ 116.790137740999967, -8.588721638999914 ], [ 116.790294766999978, -8.588572232999923 ], [ 116.790851763999967, -8.588078606999886 ], [ 116.790974719000133, -8.587957031999906 ], [ 116.791047306, -8.587888187999852 ], [ 116.791183593000028, -8.587814948999949 ], [ 116.791404318000104, -8.587690443999861 ], [ 116.791740590000018, -8.58747805299987 ], [ 116.791998349000096, -8.58731692799995 ], [ 116.792199817000096, -8.587179239999955 ], [ 116.792321289000142, -8.587088423999944 ], [ 116.792507943000146, -8.586965382999892 ], [ 116.792694596000047, -8.586886285999924 ], [ 116.792823800000065, -8.586818679999851 ], [ 116.792854309999939, -8.586797709999871 ], [ 116.794468887999983, -8.585632875999863 ], [ 116.794624320000025, -8.585520739999936 ], [ 116.794854600000122, -8.585355389999904 ], [ 116.794868140000176, -8.585345659999916 ], [ 116.794946134000043, -8.585289628999874 ], [ 116.795799260000081, -8.584676739999907 ], [ 116.796234150000032, -8.584411609999904 ], [ 116.796516430000111, -8.584291439999902 ], [ 116.796676639999987, -8.58422660999986 ], [ 116.796943660000125, -8.584055899999953 ], [ 116.79729463000001, -8.583852769999851 ], [ 116.798813570000107, -8.583114069999908 ], [ 116.800853380000149, -8.582263239999861 ], [ 116.802187519999961, -8.581698259999939 ], [ 116.802610371000128, -8.58161765299991 ], [ 116.803028119000032, -8.581567849999885 ], [ 116.803516974, -8.581532694999908 ], [ 116.804216183000108, -8.581494609999936 ], [ 116.804856137000115, -8.581447736999905 ], [ 116.805087232000119, -8.581427229999917 ], [ 116.805291661999945, -8.581384750999916 ], [ 116.805328696000174, -8.581374496999956 ], [ 116.805499239000028, -8.581334542999855 ], [ 116.805590900000084, -8.581317369999852 ], [ 116.805724224000073, -8.581269031999852 ], [ 116.805928654000127, -8.581189932999905 ], [ 116.806094568000162, -8.581138665999902 ], [ 116.806272333000038, -8.581121087999861 ], [ 116.80635007800015, -8.581134587999941 ], [ 116.806528257000082, -8.581222710999953 ], [ 116.806681932999936, -8.58135545499988 ], [ 116.806824145000064, -8.581447736999905 ], [ 116.806907102000082, -8.581516581999892 ], [ 116.807004873000096, -8.581586891999848 ], [ 116.807155233000117, -8.581630835999931 ], [ 116.807264855000085, -8.581663060999858 ], [ 116.80741759, -8.581673424999906 ], [ 116.807610017, -8.581642805999877 ], [ 116.807921881000084, -8.581566259999931 ], [ 116.808235956999965, -8.581515957999954 ], [ 116.808574363000048, -8.581511583999941 ], [ 116.80878669599997, -8.581513770999948 ], [ 116.809140584000147, -8.581432849999885 ], [ 116.809485626000082, -8.581314749999933 ], [ 116.809942567000121, -8.581197497999881 ], [ 116.810574730000098, -8.580930769999952 ], [ 116.8110653, -8.580769519999933 ], [ 116.811621049999985, -8.580866169999922 ], [ 116.811765994000098, -8.580833599999892 ], [ 116.811967267999989, -8.580757053999946 ], [ 116.812175177000086, -8.580654262999872 ], [ 116.812425111000039, -8.580509917999848 ], [ 116.812626385000158, -8.580415874999858 ], [ 116.812871895000058, -8.580391816999906 ], [ 116.813010546999976, -8.580396788999906 ], [ 116.813079805000029, -8.580413687999851 ], [ 116.813201454000023, -8.580472737999855 ], [ 116.813462447, -8.580481485999883 ], [ 116.813681415000019, -8.580426809999892 ], [ 116.813900383000032, -8.580324018999931 ], [ 116.814112715999954, -8.580302147999873 ], [ 116.814364862000161, -8.580365572999881 ], [ 116.814619218999951, -8.580328392999945 ], [ 116.814946566, -8.58021904099985 ], [ 116.815134568999952, -8.580135932999895 ], [ 116.815747239000075, -8.579950033999864 ], [ 116.816079008999964, -8.579761946999952 ], [ 116.816364331000159, -8.579580421999935 ], [ 116.816510825000023, -8.579475752999883 ], [ 116.816707160999954, -8.579335471999912 ], [ 116.817063261000044, -8.579137543999877 ], [ 116.817280018000133, -8.579055528999959 ], [ 116.81740387900004, -8.578992104999941 ], [ 116.817632600000024, -8.5787932799999 ], [ 116.817758873000116, -8.578673887999912 ], [ 116.817946876000065, -8.578470491999951 ], [ 116.818120503000159, -8.578273655999908 ], [ 116.818291917000124, -8.578082288999951 ], [ 116.818485450000026, -8.577875610999911 ], [ 116.818550697999967, -8.577817653999944 ], [ 116.818728748000126, -8.577694084999905 ], [ 116.818813902999977, -8.577643782999928 ], [ 116.819042824, -8.577489594999861 ], [ 116.819177743999944, -8.577371492999873 ], [ 116.819568519999962, -8.577052759999958 ], [ 116.819573030000015, -8.577047349999873 ], [ 116.819842053000116, -8.576798174999851 ], [ 116.820047830000021, -8.576607579999916 ], [ 116.820242880000023, -8.576426929999855 ], [ 116.820359280000048, -8.576315269999952 ], [ 116.820614640000031, -8.576047609999932 ], [ 116.820724480000081, -8.5759324899999 ], [ 116.821053476999964, -8.575546981999878 ], [ 116.821233741000015, -8.575354727999866 ], [ 116.821304559000168, -8.575274515999922 ], [ 116.821426882000083, -8.575172658999918 ], [ 116.82155177900006, -8.575103905999924 ], [ 116.821662512999978, -8.575064435999934 ], [ 116.82179384899996, -8.575054250999926 ], [ 116.821957374000135, -8.575014780999936 ], [ 116.822088710000116, -8.574892552999927 ], [ 116.822220045000108, -8.574780509999925 ], [ 116.82230502699997, -8.574627724999857 ], [ 116.822343654999941, -8.574520774999883 ], [ 116.822415761000116, -8.574441835999949 ], [ 116.822518769000112, -8.574357803999931 ], [ 116.822647530000154, -8.574273771999913 ], [ 116.82292107000012, -8.574123429999872 ], [ 116.82320763700011, -8.573910906999913 ], [ 116.823447130999966, -8.573709738999924 ], [ 116.823629971000059, -8.573534034999909 ], [ 116.823889760000156, -8.57321199099988 ], [ 116.824240295000095, -8.572810848999893 ], [ 116.824484939000058, -8.572502729999883 ], [ 116.82468323, -8.572204159999899 ], [ 116.824777225000048, -8.572027182999932 ], [ 116.824867358, -8.571861663999869 ], [ 116.824897490000012, -8.571819547999951 ], [ 116.825001268000051, -8.571674500999961 ], [ 116.825110714999937, -8.57152808 ], [ 116.825193120999984, -8.571447866999961 ], [ 116.825248487999943, -8.571424948999891 ], [ 116.825302567, -8.571413489999941 ], [ 116.825357934000067, -8.571402030999877 ], [ 116.825418452000122, -8.571362560999887 ], [ 116.825464805000138, -8.571302719999892 ], [ 116.825565237999967, -8.571167757999945 ], [ 116.825619318, -8.571099003999848 ], [ 116.825674685000081, -8.570969135999917 ], [ 116.825778980999985, -8.570724676999873 ], [ 116.82587426300006, -8.570561703999886 ], [ 116.826023625000175, -8.570261222999875 ], [ 116.826416330000029, -8.569510351999952 ], [ 116.826980590000062, -8.568489049999926 ], [ 116.82773592, -8.567538259999935 ], [ 116.828323360000127, -8.566715229999943 ], [ 116.828483600000027, -8.566394799999898 ], [ 116.828659069999958, -8.565760589999911 ], [ 116.82873536000011, -8.565309519999914 ], [ 116.828811650000034, -8.564625739999883 ], [ 116.828965110000127, -8.564102299999945 ], [ 116.829011446999971, -8.563943417999951 ], [ 116.829093920000105, -8.563660629999902 ], [ 116.829490660000033, -8.562494269999945 ], [ 116.829853125000113, -8.561552509999899 ], [ 116.830235071000061, -8.560594390999938 ], [ 116.830365432, -8.560213524999881 ], [ 116.830498755000121, -8.55998207399989 ], [ 116.830700223, -8.559797499999945 ], [ 116.830943167999976, -8.559607065999955 ], [ 116.831506076999972, -8.559264655999868 ], [ 116.831542960000093, -8.559245099999941 ], [ 116.831893909999962, -8.558994289999873 ], [ 116.832252489999973, -8.558733939999854 ], [ 116.832496640000045, -8.558570879999934 ], [ 116.832565310000064, -8.55850981999987 ], [ 116.832906478000041, -8.558112021999932 ], [ 116.833036342000014, -8.55786802699987 ], [ 116.833273758000132, -8.557423194999956 ], [ 116.833467440000163, -8.55686097399996 ], [ 116.833529651000049, -8.556513235999944 ], [ 116.833581499000047, -8.556236371999944 ], [ 116.833613347999972, -8.555608666999888 ], [ 116.83363705, -8.555251232999922 ], [ 116.833640013000149, -8.554908447999878 ], [ 116.833586148, -8.554266101999929 ], [ 116.833509652000089, -8.553625198999896 ], [ 116.833482987000139, -8.553270693999877 ], [ 116.833380772000055, -8.552784346999886 ], [ 116.833483728000033, -8.552752118999877 ], [ 116.833852806999971, -8.552683595999895 ], [ 116.834016282999983, -8.552656899999931 ], [ 116.833971841, -8.552012341999955 ], [ 116.833888883999975, -8.551502554999956 ], [ 116.833859256999972, -8.551233011999955 ], [ 116.833794076, -8.550749591999931 ], [ 116.833749635000117, -8.550453679999862 ], [ 116.833773337000139, -8.550069872999927 ], [ 116.833805926999958, -8.549715363999894 ], [ 116.833879995999951, -8.549073731999897 ], [ 116.833888883999975, -8.548684063999929 ], [ 116.833871108000153, -8.54840572899991 ], [ 116.83382370400011, -8.547904726999946 ], [ 116.833755561000089, -8.5475707249999 ], [ 116.83357779500011, -8.546782595999957 ], [ 116.833500764000064, -8.546395854999957 ], [ 116.833408919000021, -8.545979815999885 ], [ 116.833219301999975, -8.545244420999893 ], [ 116.833102274000112, -8.544837169999937 ], [ 116.83300018, -8.544501299999865 ], [ 116.832893380000087, -8.544161799999927 ], [ 116.832839970000123, -8.544031159999861 ], [ 116.83270691000007, -8.543617719999929 ], [ 116.832694012000047, -8.543577902999857 ], [ 116.832618720000028, -8.543345469999906 ], [ 116.831932090000123, -8.541352259999826 ], [ 116.831710820000126, -8.540779099999895 ], [ 116.831535349999967, -8.540265069999919 ], [ 116.831306420000033, -8.539644229999908 ], [ 116.830453110000121, -8.537748579999914 ], [ 116.830390900000111, -8.53761102999988 ], [ 116.829933180000126, -8.536783209999953 ], [ 116.829826349999962, -8.536578169999871 ], [ 116.829460150000045, -8.535755159999894 ], [ 116.828910830000041, -8.534357069999942 ], [ 116.82871246000002, -8.533949839999934 ], [ 116.828041090000056, -8.532769209999913 ], [ 116.827720640000166, -8.532159809999939 ], [ 116.827412720000098, -8.531588479999925 ], [ 116.827410989999976, -8.531585279999945 ], [ 116.827392590000045, -8.531551349999859 ], [ 116.826637260000098, -8.530181889999881 ], [ 116.826347350000106, -8.529677399999912 ], [ 116.825164790000031, -8.527757649999955 ], [ 116.824851979999949, -8.527133959999958 ], [ 116.824813850000169, -8.527044299999943 ], [ 116.824775690000024, -8.526959409999904 ], [ 116.824682019999955, -8.526695609999933 ], [ 116.824678009999957, -8.52668432999991 ], [ 116.824295050000046, -8.525608079999927 ], [ 116.824134830000162, -8.52514742999989 ], [ 116.823402410000085, -8.523576739999896 ], [ 116.823074339999948, -8.523177169999883 ], [ 116.82199096, -8.521965009999917 ], [ 116.821662920000108, -8.521512029999826 ], [ 116.820838950000052, -8.520338059999858 ], [ 116.820707670000047, -8.520140401999868 ], [ 116.820641699000021, -8.520041073999892 ], [ 116.820508511000071, -8.51984054299993 ], [ 116.81999208000002, -8.519062989999895 ], [ 116.819755549999968, -8.5187378 ], [ 116.819129920000137, -8.517900479999923 ], [ 116.818931580000026, -8.51745319999992 ], [ 116.818885799999975, -8.517200449999905 ], [ 116.818908700000065, -8.516995409999879 ], [ 116.819015509999986, -8.51677130999991 ], [ 116.819274899999982, -8.516400349999856 ], [ 116.81953431, -8.5161132799999 ], [ 116.819862380000131, -8.515860559999851 ], [ 116.820144649999975, -8.515726089999873 ], [ 116.820632930000102, -8.5155420399999 ], [ 116.82187652000016, -8.515193 ], [ 116.822593689999962, -8.515390379999872 ], [ 116.822937020000154, -8.515439029999925 ], [ 116.82338715000003, -8.515424719999942 ], [ 116.823455790000025, -8.515420899999924 ], [ 116.82386018, -8.515424719999942 ], [ 116.824172970000063, -8.515471459999901 ], [ 116.82434844, -8.51554012999992 ], [ 116.824432390000084, -8.515624029999913 ], [ 116.824537121000162, -8.515731886999959 ], [ 116.824612344, -8.515789747999861 ], [ 116.824793434999947, -8.515789747999861 ], [ 116.824974527000109, -8.515800769999885 ], [ 116.825161191, -8.51587240799995 ], [ 116.825300492999986, -8.515927513999884 ], [ 116.825423077999972, -8.515966087999914 ], [ 116.825651532000052, -8.515957821999905 ], [ 116.825899489, -8.515938534999918 ], [ 116.826317392999954, -8.515930268999853 ], [ 116.826679576000174, -8.515864141999884 ], [ 116.826963751, -8.515861386999859 ], [ 116.827456878000021, -8.515795258999958 ], [ 116.827972294, -8.515682290999848 ], [ 116.828624224, -8.515572078999924 ], [ 116.829025411999964, -8.515494929999932 ], [ 116.829529683000032, -8.515434312999957 ], [ 116.830117535, -8.51542880199986 ], [ 116.830783396000129, -8.515404003999947 ], [ 116.831114933000094, -8.515423291999923 ], [ 116.831329458000141, -8.515486663999923 ], [ 116.831413968, -8.5155389009999 ], [ 116.83143463, -8.515569322999852 ], [ 116.831442292000133, -8.515612719999865 ], [ 116.831417913999985, -8.515676780999854 ], [ 116.831370551000077, -8.515747040999884 ], [ 116.831319010000016, -8.515822811999954 ], [ 116.83118110199996, -8.516012928999942 ], [ 116.831174135999959, -8.516039792999948 ], [ 116.831172743000025, -8.516067345999943 ], [ 116.831171350000091, -8.516094209999949 ], [ 116.831156724000039, -8.516130717999943 ], [ 116.831150455000056, -8.516146560999914 ], [ 116.831143490000045, -8.516168603999859 ], [ 116.831140704000177, -8.516186512999923 ], [ 116.831127616, -8.516229505999945 ], [ 116.831123349999984, -8.516440389999957 ], [ 116.831203, -8.516651372999945 ], [ 116.831327367999961, -8.516882227999929 ], [ 116.831553036000173, -8.517298278999931 ], [ 116.831823281000084, -8.517692286999932 ], [ 116.831979299000068, -8.517934752999906 ], [ 116.832118600000058, -8.518113846999881 ], [ 116.832319193999979, -8.518328759999918 ], [ 116.83246964, -8.518488566999906 ], [ 116.83260415899997, -8.518656897999961 ], [ 116.832699139000056, -8.518811280999955 ], [ 116.832759037999949, -8.518928380999853 ], [ 116.832797442000128, -8.519009137999888 ], [ 116.83285062899995, -8.519129172999953 ], [ 116.832884061000073, -8.519277957999918 ], [ 116.832884061000073, -8.519437764999907 ], [ 116.832884061000073, -8.519543842999894 ], [ 116.832893811999952, -8.519604459999925 ], [ 116.832889633000036, -8.519667830999936 ], [ 116.832879882000043, -8.519709159999877 ], [ 116.832865952000134, -8.519783552999911 ], [ 116.832852022, -8.519824881999853 ], [ 116.832843664000052, -8.5198799879999 ], [ 116.832832520000011, -8.519933715999912 ], [ 116.832826948000047, -8.519975044999853 ], [ 116.832819983000149, -8.52001361899994 ], [ 116.832818590000102, -8.520037038999931 ], [ 116.832818590000102, -8.520075612999904 ], [ 116.832814410999958, -8.520121074999849 ], [ 116.83278097799996, -8.520236796999939 ], [ 116.832767005000164, -8.520300162999945 ], [ 116.832766700000093, -8.520301545999871 ], [ 116.83283235, -8.520384799999931 ], [ 116.832869594000044, -8.520433127999922 ], [ 116.832748487000117, -8.520565814999884 ], [ 116.832642418999967, -8.520641355999942 ], [ 116.832228835000024, -8.52098109699989 ], [ 116.832203900999957, -8.521000666999896 ], [ 116.83216194900001, -8.52114861799987 ], [ 116.832109706999972, -8.521369370999935 ], [ 116.832070920999968, -8.521517713999856 ], [ 116.831983851000018, -8.521857452999939 ], [ 116.831913403000044, -8.52214787499986 ], [ 116.831922902000088, -8.52219014699989 ], [ 116.831921318000127, -8.522255902999916 ], [ 116.831917361000023, -8.522301305999861 ], [ 116.831897572000116, -8.522338097999921 ], [ 116.831864326999948, -8.522378020999895 ], [ 116.831820792000144, -8.522457867999947 ], [ 116.83172430500008, -8.522681376999856 ], [ 116.831579704000092, -8.523015052999938 ], [ 116.831574358000012, -8.523027389999925 ], [ 116.831505632000017, -8.523243646999958 ], [ 116.831487154000115, -8.523266115999945 ], [ 116.831454503000145, -8.523293514999921 ], [ 116.831424424000033, -8.523310931999902 ], [ 116.831387746000019, -8.523331085999928 ], [ 116.831228911000153, -8.523401737999961 ], [ 116.831162421000158, -8.523432266999919 ], [ 116.831087224000044, -8.52350115399986 ], [ 116.831024692000028, -8.523577085999932 ], [ 116.830990655000051, -8.523667108999916 ], [ 116.830981062000092, -8.523788454999931 ], [ 116.830977990000065, -8.5238753349999 ], [ 116.830977613999949, -8.523881100999915 ], [ 116.831120992000137, -8.523908864999953 ], [ 116.831061306000038, -8.524263027999893 ], [ 116.830960942000047, -8.524257886999919 ], [ 116.830960458000163, -8.524278665999873 ], [ 116.830987065000159, -8.52449793999989 ], [ 116.831137012, -8.524936632999868 ], [ 116.831361933000039, -8.525449469999955 ], [ 116.831465276000017, -8.525798978999887 ], [ 116.831583682999963, -8.526164047999941 ], [ 116.831640795999988, -8.526374134999912 ], [ 116.831779544000142, -8.526406441999882 ], [ 116.831808173000013, -8.526413079999941 ], [ 116.831966891000093, -8.526449880999849 ], [ 116.831998846000147, -8.526457289999939 ], [ 116.832169996999937, -8.526527309999949 ], [ 116.832317846000024, -8.526598716999899 ], [ 116.832455297000138, -8.526691397999855 ], [ 116.832549014000165, -8.526784078999867 ], [ 116.832636482999987, -8.526969440999949 ], [ 116.832699807000154, -8.527120307999894 ], [ 116.832773933999988, -8.52729691299993 ], [ 116.83288639500006, -8.527649100999952 ], [ 116.832925658000022, -8.527748114999952 ], [ 116.833011350999982, -8.52796421499994 ], [ 116.833086324000078, -8.528137218999916 ], [ 116.833087873000068, -8.528141186999903 ], [ 116.833309923, -8.528710061999902 ], [ 116.833323394999979, -8.528744575999895 ], [ 116.833442448000028, -8.529016139999896 ], [ 116.83353428800001, -8.529276114999902 ], [ 116.833782953000082, -8.529980015999911 ], [ 116.833789030000048, -8.529996573999938 ], [ 116.833936023999968, -8.530397076999861 ], [ 116.834020368999973, -8.530616419999888 ], [ 116.834092219000013, -8.530857387999959 ], [ 116.8341359530001, -8.531002586999932 ], [ 116.834151572999986, -8.531089087999931 ], [ 116.834154174000105, -8.531170260999886 ], [ 116.83415069199998, -8.531219165999914 ], [ 116.834145833000093, -8.531284263999908 ], [ 116.834143913000048, -8.531296919999875 ], [ 116.834142334000035, -8.531307332999859 ], [ 116.834110294000084, -8.531381722999868 ], [ 116.834564219999947, -8.531803109999942 ], [ 116.83489991, -8.532058709999944 ], [ 116.834988990000056, -8.532075669999927 ], [ 116.83512706, -8.532080569999891 ], [ 116.83528901, -8.532044399999904 ], [ 116.83564757, -8.531970969999861 ], [ 116.835803270000156, -8.531998069999872 ], [ 116.835890980000158, -8.532008509999855 ], [ 116.836005730000011, -8.53207244999993 ], [ 116.836120599999958, -8.532123559999889 ], [ 116.83627682000008, -8.532223889999955 ], [ 116.836586040000043, -8.532410539999944 ], [ 116.836760410000124, -8.532642759999931 ], [ 116.836755039999957, -8.532735009999953 ], [ 116.83676909999997, -8.532775889999868 ], [ 116.836791990000052, -8.533234599999957 ], [ 116.836816020000128, -8.533507899999961 ], [ 116.836829859999966, -8.533590819999858 ], [ 116.83697356000016, -8.533712559999913 ], [ 116.83709768999995, -8.533756259999905 ], [ 116.837252831000114, -8.533726977999947 ], [ 116.837366938000173, -8.533708170999887 ], [ 116.837433500999964, -8.533694065999896 ], [ 116.837504816999967, -8.533679959999859 ], [ 116.837566626000012, -8.533686228999954 ], [ 116.837585643000125, -8.533712872999956 ], [ 116.837589382000147, -8.533753536999939 ], [ 116.837590397999975, -8.533764592999944 ], [ 116.837576134000074, -8.533817879999901 ], [ 116.837568209999972, -8.533872734999932 ], [ 116.837588813000025, -8.53391818599988 ], [ 116.837620508999976, -8.533955800999877 ], [ 116.837668054, -8.533974607999937 ], [ 116.837763143000075, -8.533998116999896 ], [ 116.837791102000097, -8.53400341199989 ], [ 116.837837630000081, -8.534012221999944 ], [ 116.837902608000149, -8.534034163999877 ], [ 116.837921626000025, -8.534076480999943 ], [ 116.837964416000091, -8.534131334999927 ], [ 116.838038902, -8.534162680999941 ], [ 116.838138746000141, -8.534186189999957 ], [ 116.838160934000143, -8.534211265999943 ], [ 116.838197385000058, -8.534283360999893 ], [ 116.838230666000072, -8.534357022999927 ], [ 116.838254438000035, -8.534424414999933 ], [ 116.83826739899996, -8.534467140999936 ], [ 116.838273456000024, -8.534487105999858 ], [ 116.838298812999938, -8.534551363999867 ], [ 116.838344773000017, -8.534620323999889 ], [ 116.838376468999968, -8.534665774999894 ], [ 116.838392966000015, -8.534691728999917 ], [ 116.838411335000046, -8.534720629999924 ], [ 116.838427184000011, -8.534761378999917 ], [ 116.838438277000137, -8.534819367999944 ], [ 116.838438277000137, -8.534911836999925 ], [ 116.838420425000095, -8.53499467599994 ], [ 116.83841767499996, -8.535007439999958 ], [ 116.838395486999957, -8.535082668999848 ], [ 116.838397072000021, -8.535182974999884 ], [ 116.838416090000123, -8.535291115999939 ], [ 116.838481067999965, -8.535380449999877 ], [ 116.838546045000157, -8.535436871999934 ], [ 116.838631626000051, -8.535513667999908 ], [ 116.838718791000019, -8.535573223999961 ], [ 116.838740978000033, -8.53563278099989 ], [ 116.838753657000098, -8.535704874999908 ], [ 116.838832897999964, -8.535748757999897 ], [ 116.838950175000036, -8.535748757999897 ], [ 116.839262657000063, -8.53576556299987 ], [ 116.839263910000113, -8.535765629999958 ], [ 116.839469900000154, -8.535837179999874 ], [ 116.839697839999985, -8.535972059999892 ], [ 116.839698780000049, -8.535972609999931 ], [ 116.83987424999998, -8.536162379999951 ], [ 116.840034490000107, -8.536467549999941 ], [ 116.840339660000154, -8.537084569999934 ], [ 116.840606709999975, -8.537420279999935 ], [ 116.840858460000049, -8.537747399999887 ], [ 116.840988160000165, -8.537758839999867 ], [ 116.84120177, -8.537714009999888 ], [ 116.841567990000158, -8.537649159999944 ], [ 116.841758750000167, -8.537706369999853 ], [ 116.842033410000113, -8.537845599999912 ], [ 116.84231568000007, -8.538078299999938 ], [ 116.842834479999965, -8.538567559999876 ], [ 116.843009950000123, -8.538616179999906 ], [ 116.843154890000164, -8.5385818499999 ], [ 116.843269350000014, -8.538466459999881 ], [ 116.84362791, -8.538114549999875 ], [ 116.843795770000042, -8.538065919999951 ], [ 116.84439088, -8.537978169999917 ], [ 116.845283519999953, -8.537565229999927 ], [ 116.84552764, -8.537355429999877 ], [ 116.845695500000033, -8.537130339999919 ], [ 116.845916740000121, -8.536827099999869 ], [ 116.84616852, -8.536600119999889 ], [ 116.846542369999952, -8.536334989999887 ], [ 116.846664420000138, -8.536322589999941 ], [ 116.84681702, -8.536383639999826 ], [ 116.846977210000091, -8.536519049999868 ], [ 116.847244250000131, -8.536847119999948 ], [ 116.847404470000129, -8.537031179999872 ], [ 116.847534190000147, -8.537048339999956 ], [ 116.847709670000086, -8.536997809999946 ], [ 116.847946170000114, -8.536808969999868 ], [ 116.84829711000009, -8.536556259999941 ], [ 116.848510739999938, -8.536469459999921 ], [ 116.84864805999996, -8.536494269999935 ], [ 116.848899840000172, -8.536623019999922 ], [ 116.849184759999957, -8.536800449999873 ], [ 116.84922422, -8.536825 ], [ 116.849998469999946, -8.537306799999953 ], [ 116.850100500000053, -8.537470879999944 ], [ 116.85011291, -8.537490829999911 ], [ 116.85033418, -8.537888539999926 ], [ 116.850456239999971, -8.537934309999912 ], [ 116.850639350000051, -8.537904739999931 ], [ 116.850904730000138, -8.537840729999914 ], [ 116.851184940000053, -8.537771129999896 ], [ 116.8512207, -8.537814239999932 ], [ 116.85144379999997, -8.53808322999987 ], [ 116.851565310000069, -8.538157899999931 ], [ 116.851860239999951, -8.538339149999899 ], [ 116.852195730000062, -8.538523669999904 ], [ 116.852409380000154, -8.538655279999944 ], [ 116.852541230000043, -8.538671759999886 ], [ 116.852718679999953, -8.538679789999946 ], [ 116.85298157, -8.538684849999925 ], [ 116.85324097, -8.538775449999946 ], [ 116.853495610000095, -8.538878599999862 ], [ 116.854740200000037, -8.539336969999852 ], [ 116.854827880000016, -8.539317149999931 ], [ 116.854909140000018, -8.539284419999944 ], [ 116.85544587000004, -8.539068219999933 ], [ 116.856262220000076, -8.538537039999937 ], [ 116.85672759, -8.538247099999921 ], [ 116.856803840000111, -8.538213969999958 ], [ 116.85704804, -8.53810787999987 ], [ 116.857194770000092, -8.538012299999878 ], [ 116.8572415000001, -8.537981859999945 ], [ 116.85747527, -8.537829399999907 ], [ 116.85798646000012, -8.537461289999953 ], [ 116.858482380000055, -8.537060719999943 ], [ 116.85904693000009, -8.536538129999826 ], [ 116.85953521, -8.536093699999924 ], [ 116.859893800000123, -8.535700809999923 ], [ 116.86017607000008, -8.535347929999944 ], [ 116.860519400000044, -8.534996989999854 ], [ 116.860595709999984, -8.534769039999958 ], [ 116.86053468, -8.534659389999945 ], [ 116.860328670000058, -8.534444819999919 ], [ 116.860191350000036, -8.534275049999906 ], [ 116.86019897000017, -8.534157759999914 ], [ 116.860275260000094, -8.534023269999864 ], [ 116.860427859999959, -8.53389073999989 ], [ 116.861457840000071, -8.533308979999902 ], [ 116.861610410000026, -8.533350009999936 ], [ 116.862297040000044, -8.533588419999944 ], [ 116.862411510000129, -8.533546450000017 ], [ 116.862533570000096, -8.533436769999923 ], [ 116.86269378999998, -8.533308009999928 ], [ 116.86286164, -8.533292779999897 ], [ 116.863647460000038, -8.533251769999879 ], [ 116.86408997, -8.532987599999956 ], [ 116.864608770000018, -8.532586099999946 ], [ 116.865249630000108, -8.532079679999924 ], [ 116.86550903, -8.531846049999956 ], [ 116.865951520000067, -8.531426419999946 ], [ 116.866363540000066, -8.531173709999905 ], [ 116.866531370000075, -8.53118990999991 ], [ 116.866973860000144, -8.5313024699999 ], [ 116.867057810000119, -8.531329139999912 ], [ 116.867134100000044, -8.531263369999863 ], [ 116.867584230000148, -8.530842769999879 ], [ 116.86805726, -8.530624399999908 ], [ 116.868247989999986, -8.530514719999928 ], [ 116.868568420000088, -8.530324929999949 ], [ 116.868728629999964, -8.530134179999948 ], [ 116.868804940000132, -8.529919609999865 ], [ 116.868965160000016, -8.529552439999861 ], [ 116.869384770000124, -8.528776169999958 ], [ 116.869453420000127, -8.528508189999911 ], [ 116.869552600000134, -8.528246879999926 ], [ 116.869689939999944, -8.528064729999869 ], [ 116.86987303, -8.527924539999901 ], [ 116.87005617, -8.527874949999898 ], [ 116.870165810000117, -8.527878349999924 ], [ 116.87019854000016, -8.527879259999906 ], [ 116.87035368, -8.527883529999883 ], [ 116.870521530000019, -8.527945509999881 ], [ 116.870651230000135, -8.528067589999921 ], [ 116.870780960000161, -8.528343209999946 ], [ 116.87090301000012, -8.528544439999848 ], [ 116.871208190000175, -8.528852459999939 ], [ 116.871345529999985, -8.528813359999901 ], [ 116.87164306000011, -8.528744689999826 ], [ 116.871688859999949, -8.528753279999933 ], [ 116.871841430000131, -8.528781899999956 ], [ 116.87217712000006, -8.528825769999855 ], [ 116.873374930000068, -8.528833379999867 ], [ 116.873863220000089, -8.528796189999923 ], [ 116.874366760000044, -8.528679839999882 ], [ 116.874847400000021, -8.528495789999909 ], [ 116.875, -8.528390869999953 ], [ 116.875167860000033, -8.528276449999908 ], [ 116.875968930000113, -8.527606 ], [ 116.876136790000146, -8.527374279999947 ], [ 116.876358030000119, -8.527070049999907 ], [ 116.876525860000129, -8.526979449999885 ], [ 116.876716620000138, -8.526953699999865 ], [ 116.877006530000131, -8.526884059999873 ], [ 116.877296450000131, -8.526750569999933 ], [ 116.877815250000026, -8.526410089999956 ], [ 116.87851716, -8.525948529999937 ], [ 116.87879182000006, -8.525857929999916 ], [ 116.879562380000039, -8.525760649999938 ], [ 116.879913340000144, -8.525806449999891 ], [ 116.88044793600011, -8.525853364999875 ], [ 116.88073692, -8.525841932999924 ], [ 116.880856503000132, -8.525845954999909 ], [ 116.881202350999956, -8.525857588999941 ], [ 116.881622320000133, -8.52591133999988 ], [ 116.881874079999989, -8.52591133999988 ], [ 116.883358200000089, -8.52591482999992 ], [ 116.883499150000148, -8.525915159999954 ], [ 116.883546160000151, -8.525922679999951 ], [ 116.883689880000134, -8.525945669999942 ], [ 116.884040840000011, -8.526000969999927 ], [ 116.884597780000149, -8.526159279999945 ], [ 116.884628290000137, -8.526166919999866 ], [ 116.885185250000063, -8.526289 ], [ 116.885765070000048, -8.526357649999852 ], [ 116.886282807000157, -8.526374327999918 ], [ 116.887138966000066, -8.526300653999954 ], [ 116.887661388999959, -8.526378933999922 ], [ 116.888055580000014, -8.526549584999941 ], [ 116.88833618000001, -8.52674006999996 ], [ 116.888329472000123, -8.526747726999872 ], [ 116.888160545000119, -8.526940556999932 ], [ 116.888152710000099, -8.526949499999887 ], [ 116.88814728, -8.526955689999852 ], [ 116.888059409999983, -8.527055989999894 ], [ 116.88764191000007, -8.527532559999884 ], [ 116.886871319999955, -8.528391839999927 ], [ 116.886609509999971, -8.528644409999856 ], [ 116.885520930000098, -8.52969456999989 ], [ 116.884651160000089, -8.530350679999913 ], [ 116.881790170000158, -8.532553669999857 ], [ 116.880752909999956, -8.533179079999911 ], [ 116.880752550000125, -8.533179299999915 ], [ 116.879188529999965, -8.534618379999927 ], [ 116.878180680000128, -8.535585069999854 ], [ 116.878067010000109, -8.535694109999895 ], [ 116.87804596, -8.535721309999929 ], [ 116.87725067000008, -8.536748879999948 ], [ 116.876494470000011, -8.538044719999959 ], [ 116.876464860000056, -8.538095469999917 ], [ 116.87644229, -8.538145409999856 ], [ 116.876205459999937, -8.538669589999927 ], [ 116.876182879999988, -8.538740139999959 ], [ 116.876091010000096, -8.539027209999915 ], [ 116.876014710000163, -8.539423849999935 ], [ 116.876014710000163, -8.539423949999957 ], [ 116.876014710000163, -8.539424109999914 ], [ 116.876027130000125, -8.539695779999875 ], [ 116.876037600000018, -8.539924619999908 ], [ 116.876297, -8.540552149999883 ], [ 116.876633690000176, -8.541159899999911 ], [ 116.876937860000112, -8.541708959999937 ], [ 116.877489630000127, -8.542388259999939 ], [ 116.878707889999987, -8.543888079999931 ], [ 116.879402160000041, -8.544582379999895 ], [ 116.880828860000065, -8.545856479999884 ], [ 116.882202150000126, -8.547031419999939 ], [ 116.882475940000063, -8.54729422999992 ], [ 116.883005369999978, -8.547802429999876 ], [ 116.88300541000001, -8.5478024599999 ], [ 116.883605969999962, -8.548378929999899 ], [ 116.88365457000009, -8.548435869999878 ], [ 116.883660169999985, -8.548442439999917 ], [ 116.884100319000027, -8.548957789999918 ], [ 116.884199113000022, -8.5490734629999 ], [ 116.884437560000151, -8.549352649999889 ], [ 116.88550318, -8.550542089999908 ], [ 116.885520930000098, -8.550561899999934 ], [ 116.885567079999987, -8.550609639999891 ], [ 116.88626862000001, -8.551335339999923 ], [ 116.886579270000084, -8.551646219999952 ], [ 116.88662776000001, -8.551694749999911 ], [ 116.887573230000044, -8.552640919999931 ], [ 116.888377910000031, -8.553347769999959 ], [ 116.88924408000014, -8.55410862999986 ], [ 116.890869149999958, -8.555322669999953 ], [ 116.890983180000148, -8.555390319999958 ], [ 116.891097580000064, -8.555458189999911 ], [ 116.893966670000054, -8.557160379999857 ], [ 116.896537790000025, -8.558615679999946 ], [ 116.896855956000081, -8.55882282999994 ], [ 116.89708249, -8.558970319999958 ], [ 116.897130880000077, -8.559001829999886 ], [ 116.89975794999998, -8.560712259999946 ], [ 116.901145940000106, -8.561615949999918 ], [ 116.904510490000121, -8.563930529999936 ], [ 116.907291672000042, -8.565586805999942 ], [ 116.907536892000053, -8.565732841999932 ], [ 116.907971979999957, -8.565991949999955 ], [ 116.909850170000141, -8.567110469999875 ], [ 116.909851070000059, -8.567111 ], [ 116.91003000000012, -8.567236919999857 ], [ 116.911385229999951, -8.568189329999882 ], [ 116.913696290000075, -8.5698137199999 ], [ 116.915532969999958, -8.571245649999923 ], [ 116.917366030000153, -8.572674759999927 ], [ 116.919491509999943, -8.574247779999951 ], [ 116.919769269999961, -8.574453339999934 ], [ 116.919769429999974, -8.574453479999931 ], [ 116.920162300000015, -8.574803029999885 ], [ 116.923072800000114, -8.577392579999923 ], [ 116.924025150000034, -8.578093419999902 ], [ 116.92480573, -8.578667849999931 ], [ 116.925311694000129, -8.579040190999933 ], [ 116.926727300000152, -8.580081939999957 ], [ 116.928529430000026, -8.581691 ], [ 116.93062591, -8.583562859999915 ], [ 116.931550830000106, -8.584425229999852 ], [ 116.932487479999963, -8.585298549999948 ], [ 116.93417093000005, -8.587269669999955 ], [ 116.93527221, -8.588559129999908 ], [ 116.93843439, -8.591659890000017 ], [ 116.93978882, -8.592988009999942 ], [ 116.940698290000114, -8.593788509999911 ], [ 116.940895080000018, -8.593961729999876 ], [ 116.941022570000086, -8.594109169999911 ], [ 116.941527700000165, -8.594693469999925 ], [ 116.941528329999983, -8.59469412999988 ], [ 116.942459670000176, -8.595388819999926 ], [ 116.944313060000013, -8.596771239999896 ], [ 116.946210380000025, -8.598070689999929 ], [ 116.948501589999978, -8.599639899999943 ], [ 116.949700250000092, -8.600600699999916 ], [ 116.95068359000004, -8.601388909999855 ], [ 116.95347715000014, -8.602943579999874 ], [ 116.955780040000036, -8.604225169999893 ], [ 116.957735420000063, -8.605050689999871 ], [ 116.958549510000012, -8.60539438 ], [ 116.959312100000147, -8.605802459999836 ], [ 116.96248626, -8.607501039999931 ], [ 116.964851380000141, -8.608891489999905 ], [ 116.967785800000115, -8.610438549999913 ], [ 116.968391410000095, -8.610757829999955 ], [ 116.970939630000089, -8.612545969999928 ], [ 116.97390747999998, -8.613665579999918 ], [ 116.975852980000013, -8.614458069999955 ], [ 116.976543020000122, -8.614698639999858 ], [ 116.978347770000028, -8.615327839999907 ], [ 116.97994694, -8.61581783999992 ], [ 116.98007202000008, -8.615856169999915 ], [ 116.98102313000004, -8.616192309999917 ], [ 116.982635510000023, -8.616762159999894 ], [ 116.9834052, -8.617174629999909 ], [ 116.98423004000017, -8.617616639999881 ], [ 116.985046370000077, -8.618054389999884 ], [ 116.98504744000013, -8.618054889999939 ], [ 116.985578770000075, -8.618300339999905 ], [ 116.98775483999998, -8.619305599999848 ], [ 116.990124500000093, -8.620336119999934 ], [ 116.992118840000103, -8.621203409999907 ], [ 116.993176880000078, -8.621625919999872 ], [ 116.995104500000025, -8.622395659999881 ], [ 116.995216360000086, -8.622440329999961 ], [ 116.997259419999978, -8.623161409999909 ], [ 116.998069760000021, -8.623447409999869 ], [ 117.000393290000147, -8.624934329999917 ], [ 117.000495900000033, -8.624999989999935 ], [ 117.004805509999983, -8.629625519999934 ], [ 117.007541619999984, -8.632562199999882 ], [ 117.01152801, -8.636840819999861 ], [ 117.014794384000083, -8.640622575999942 ], [ 117.016647340000077, -8.642767900000024 ], [ 117.017044468000108, -8.643191203999947 ], [ 117.01914241999998, -8.645427439999878 ], [ 117.019777306000037, -8.646104168999898 ], [ 117.021310640000138, -8.64773855999988 ], [ 117.02275996100002, -8.64928341399991 ], [ 117.024253697999939, -8.65087561099989 ], [ 117.025039659999948, -8.651713379999933 ], [ 117.026837350000164, -8.654632069999934 ], [ 117.027833912, -8.656250069999885 ], [ 117.029090880000126, -8.658290859999909 ], [ 117.029180630000042, -8.658419681999931 ], [ 117.029973827000049, -8.659558189999871 ], [ 117.03305816000011, -8.663985259999947 ], [ 117.036090840000043, -8.66735862999991 ], [ 117.03877602, -8.670345459999908 ], [ 117.038936873000011, -8.67052438099995 ], [ 117.039009100000044, -8.670604719999915 ], [ 117.039055928000039, -8.670616262999886 ], [ 117.039283760000103, -8.670672420000017 ], [ 117.039362089999941, -8.67071921999991 ], [ 117.039596569999958, -8.670859329999928 ], [ 117.039871230000017, -8.671166409999955 ], [ 117.040036160000113, -8.671423199999879 ], [ 117.040122989999986, -8.671558389999859 ], [ 117.040263940000159, -8.671665819999873 ], [ 117.040435780000166, -8.671796799999868 ], [ 117.041000380000014, -8.672120089999908 ], [ 117.041352520000146, -8.672290069999917 ], [ 117.04149628000016, -8.67235946999989 ], [ 117.041675400000031, -8.672425809999879 ], [ 117.04190825000012, -8.672512059999917 ], [ 117.042045590000157, -8.672529229999896 ], [ 117.04212952, -8.672512059999917 ], [ 117.042190730000016, -8.672482449999961 ], [ 117.042304990000048, -8.672427169999878 ], [ 117.042579650000107, -8.672223089999875 ], [ 117.042953489999945, -8.671916009999961 ], [ 117.04336547000014, -8.671626089999961 ], [ 117.043640120000077, -8.671506889999876 ], [ 117.043975830000136, -8.671464909999941 ], [ 117.044143670000153, -8.671470639999882 ], [ 117.044268850000094, -8.671498029999952 ], [ 117.044387810000103, -8.671524059999854 ], [ 117.044639589999974, -8.671583169999906 ], [ 117.04483031999996, -8.671654700000033 ], [ 117.044934710000121, -8.671671869999955 ], [ 117.044975280000017, -8.671678539999959 ], [ 117.045020280000017, -8.671684169999878 ], [ 117.04516601, -8.671702379999886 ], [ 117.045407250000039, -8.67173441999995 ], [ 117.045410149999952, -8.671734809999919 ], [ 117.045898440000087, -8.671504979999895 ], [ 117.046246670000073, -8.671210409999958 ], [ 117.046455390000119, -8.671033859999909 ], [ 117.046480510000038, -8.671004569999866 ], [ 117.046501160000048, -8.670980469999904 ], [ 117.04655458000002, -8.670957569999928 ], [ 117.046513549999986, -8.670839659999899 ], [ 117.046508779999954, -8.670825959999945 ], [ 117.046584459999963, -8.670743839999886 ], [ 117.047012320000022, -8.670279499999936 ], [ 117.047102800000062, -8.670208679999917 ], [ 117.047302260000038, -8.670052529999907 ], [ 117.047584189999952, -8.669938859999888 ], [ 117.047607410000069, -8.669929500000023 ], [ 117.04799169, -8.670000119999884 ], [ 117.048629750000146, -8.670117379999908 ], [ 117.048768559999985, -8.670125159999941 ], [ 117.048851020000143, -8.670129779999911 ], [ 117.048851949999971, -8.670129529999883 ], [ 117.048957820000055, -8.670101179999904 ], [ 117.048957920000021, -8.670101309999836 ], [ 117.048958160000097, -8.670101659999943 ], [ 117.048988340000051, -8.670145039999909 ], [ 117.049042010000107, -8.670262059999914 ], [ 117.049125680000088, -8.670444479999901 ], [ 117.049172730000123, -8.670544099999859 ], [ 117.049247760000071, -8.670702939999956 ], [ 117.049738199999979, -8.671257399999945 ], [ 117.04994201, -8.671487809999917 ], [ 117.050167520000173, -8.671726839999849 ], [ 117.050514220000082, -8.672094329999879 ], [ 117.050643899999955, -8.672263129999919 ], [ 117.051277170000162, -8.673176759999933 ], [ 117.051309950000018, -8.673215579999862 ], [ 117.051567080000154, -8.673520089999897 ], [ 117.05223084, -8.674181939999869 ], [ 117.052398690000018, -8.674303049999935 ], [ 117.052665710000042, -8.674507129999938 ], [ 117.052917470000125, -8.674832349999861 ], [ 117.052936580000051, -8.674875499999871 ], [ 117.053031909999959, -8.675090779999948 ], [ 117.05312797, -8.675272119999931 ], [ 117.053329470000108, -8.675652519999858 ], [ 117.05344686, -8.675747869999952 ], [ 117.053482059999965, -8.675776470000017 ], [ 117.053642260000061, -8.675819389999901 ], [ 117.05370586000015, -8.675834099999861 ], [ 117.053947450000123, -8.675889969999957 ], [ 117.054450989999964, -8.676166539999883 ], [ 117.055007930000102, -8.676674839999919 ], [ 117.055045029999974, -8.676710679999928 ], [ 117.055175780000127, -8.676836969999897 ], [ 117.055297920000044, -8.676954749999879 ], [ 117.055549619999965, -8.677197459999888 ], [ 117.055862410000032, -8.677406299999859 ], [ 117.056885350000016, -8.677783469999952 ], [ 117.057075510000118, -8.677853579999919 ], [ 117.057105200000024, -8.677857229999859 ], [ 117.057540900000049, -8.677910809999958 ], [ 117.057579049999958, -8.677914629999918 ], [ 117.057968130000063, -8.677878389999933 ], [ 117.058265679999977, -8.677828769999905 ], [ 117.058570880000161, -8.677774439999951 ], [ 117.059326179999971, -8.677519799999914 ], [ 117.059692380000115, -8.677338599999928 ], [ 117.060226440000065, -8.67698382999987 ], [ 117.06034972000009, -8.676855599999953 ], [ 117.060676569999941, -8.676515589999951 ], [ 117.06091754, -8.676183419999916 ], [ 117.060951230000114, -8.676136989999918 ], [ 117.061009150000132, -8.676033479999944 ], [ 117.06134033, -8.675441729999932 ], [ 117.061670629999981, -8.675101119999908 ], [ 117.061676040000066, -8.675095539999859 ], [ 117.061897280000039, -8.674961079999946 ], [ 117.062263479999956, -8.674835229999928 ], [ 117.062393200000088, -8.674824859999944 ], [ 117.062537250000105, -8.674813339999901 ], [ 117.062538140000015, -8.674813269999959 ], [ 117.062741940000137, -8.674844919999941 ], [ 117.062789899999984, -8.674852369999826 ], [ 117.062896730000148, -8.674856189999957 ], [ 117.063032750000048, -8.674886199999889 ], [ 117.063514710000163, -8.674992559999907 ], [ 117.06388091000008, -8.675044069999956 ], [ 117.0639172, -8.675052809999897 ], [ 117.06441497000003, -8.675172799999871 ], [ 117.064720169999987, -8.675288209999906 ], [ 117.065012089999982, -8.675435669999956 ], [ 117.065277100000117, -8.675569539999913 ], [ 117.065711970000052, -8.675869949999935 ], [ 117.065856060000101, -8.675949869999954 ], [ 117.066322339999942, -8.676208489999851 ], [ 117.06672669, -8.676444069999889 ], [ 117.067008970000074, -8.676683429999912 ], [ 117.067245490000118, -8.676911339999947 ], [ 117.06773376000001, -8.677368169999909 ], [ 117.068389870000146, -8.67782211999986 ], [ 117.068510960000026, -8.677878389999933 ], [ 117.06863404, -8.677935599999955 ], [ 117.068826560000161, -8.677974379999853 ], [ 117.069046039999989, -8.678018579999957 ], [ 117.069259640000155, -8.678008089999935 ], [ 117.069324439999946, -8.677988990000017 ], [ 117.069366440000067, -8.67797660999986 ], [ 117.069366540000033, -8.677976919999878 ], [ 117.069407070000011, -8.67810494999992 ], [ 117.069419880000055, -8.678145429999915 ], [ 117.069454727, -8.678234213999872 ], [ 117.06950923, -8.678373079999915 ], [ 117.069519059999948, -8.678398129999948 ], [ 117.069539879999979, -8.678421099999866 ], [ 117.069999710000047, -8.678928389999953 ], [ 117.070061209999949, -8.678985209999951 ], [ 117.070175179999978, -8.679090489999851 ], [ 117.070200190000151, -8.679114979999895 ], [ 117.070220950000021, -8.679135319999943 ], [ 117.070266700000161, -8.679195379999896 ], [ 117.070476880000115, -8.679480629999887 ], [ 117.070587160000173, -8.679630279999913 ], [ 117.070751920000134, -8.679835269999899 ], [ 117.070907580000039, -8.680028929999935 ], [ 117.07096864000016, -8.680125239999938 ], [ 117.071101550000094, -8.680373649999865 ], [ 117.071121210000115, -8.680410389999906 ], [ 117.071166990000052, -8.680526719999932 ], [ 117.071158230000037, -8.68075757999992 ], [ 117.07115173, -8.680929189999915 ], [ 117.07112236, -8.681021359999932 ], [ 117.071083059999978, -8.681144699999891 ], [ 117.070999150000148, -8.681319259999952 ], [ 117.0708644, -8.681562729999939 ], [ 117.070747389999951, -8.681774149999853 ], [ 117.07067766, -8.681875399999967 ], [ 117.070587160000173, -8.682006829999921 ], [ 117.070564260000083, -8.682482739999955 ], [ 117.070594909999954, -8.682695319999937 ], [ 117.070625309999969, -8.682906149999894 ], [ 117.07068087000016, -8.68303678999996 ], [ 117.070747389999951, -8.683193209999956 ], [ 117.070899970000141, -8.683381089999955 ], [ 117.071098340000049, -8.683531749999872 ], [ 117.070922350000046, -8.683769329999905 ], [ 117.070831300000123, -8.683892249999872 ], [ 117.070625309999969, -8.684205059999897 ], [ 117.070564260000083, -8.684513079999874 ], [ 117.07056673000011, -8.684581409999851 ], [ 117.0705719, -8.684723859999906 ], [ 117.070590210000091, -8.684774799999957 ], [ 117.07060241, -8.684808729999929 ], [ 117.07071980000012, -8.684937299999888 ], [ 117.07076263, -8.68498419999986 ], [ 117.071022050000124, -8.685207379999952 ], [ 117.071134120000124, -8.685334089999856 ], [ 117.071189880000134, -8.68539713999985 ], [ 117.071304329999975, -8.685597419999908 ], [ 117.071308489999979, -8.685610949999955 ], [ 117.07133905, -8.685710319999941 ], [ 117.071342459999983, -8.685721419999936 ], [ 117.071346429999949, -8.685732519999874 ], [ 117.07141113, -8.685913089999929 ], [ 117.071415290000118, -8.685939859999905 ], [ 117.071426380000162, -8.686011309999856 ], [ 117.07143082000016, -8.686090799999874 ], [ 117.071441639999989, -8.686285019999957 ], [ 117.071441639999989, -8.68642806999992 ], [ 117.071449280000138, -8.686460489999888 ], [ 117.071456900000044, -8.686584489999859 ], [ 117.071525570000063, -8.686773279999954 ], [ 117.071573320000084, -8.686855199999911 ], [ 117.071662889999971, -8.687008839999919 ], [ 117.071884150000074, -8.687314979999826 ], [ 117.071951530000092, -8.687373929999922 ], [ 117.072120680000012, -8.687521929999889 ], [ 117.072189330000015, -8.687567729999955 ], [ 117.072662360000095, -8.68781281999992 ], [ 117.072898880000139, -8.688012129999947 ], [ 117.073066710000148, -8.688243869999951 ], [ 117.07326506000004, -8.688676829999906 ], [ 117.073493969999959, -8.688993439999877 ], [ 117.073551540000153, -8.689051019999852 ], [ 117.073654179999949, -8.68915367999989 ], [ 117.07389425000008, -8.689283709999927 ], [ 117.074043279999955, -8.689364429999955 ], [ 117.074163559999988, -8.689409879999857 ], [ 117.07437897, -8.689491269999849 ], [ 117.074584960000038, -8.689654339999947 ], [ 117.074705240000071, -8.689877349999904 ], [ 117.074722299999962, -8.689908979999871 ], [ 117.074745200000166, -8.690341939999882 ], [ 117.074757220000038, -8.690467819999924 ], [ 117.074768070000118, -8.690581319999922 ], [ 117.074793980000095, -8.690651639999942 ], [ 117.074821480000082, -8.690726279999922 ], [ 117.075233460000049, -8.690930349999917 ], [ 117.075614920000135, -8.691139219999855 ], [ 117.076332090000164, -8.69146155999988 ], [ 117.076338670000155, -8.691463699999872 ], [ 117.076779230000056, -8.691607 ], [ 117.077003480000144, -8.691679949999923 ], [ 117.07703661000005, -8.691693759999907 ], [ 117.077049259999967, -8.691699029999938 ], [ 117.077203029999964, -8.691777299999899 ], [ 117.077682500000151, -8.69202136999985 ], [ 117.078437799999961, -8.69252015 ], [ 117.078781130000152, -8.692735659999869 ], [ 117.079986560000066, -8.693537719999881 ], [ 117.080673209999986, -8.693996439999921 ], [ 117.081245430000081, -8.694396979999851 ], [ 117.081543630000056, -8.694626459999938 ], [ 117.081733689999965, -8.694772729999954 ], [ 117.08219146, -8.695130349999943 ], [ 117.082657150000045, -8.695594159999871 ], [ 117.08267213, -8.695609079999883 ], [ 117.082695719999947, -8.695635349999918 ], [ 117.083091720000084, -8.696076399999924 ], [ 117.083496100000161, -8.696534149999934 ], [ 117.083976740000139, -8.697134019999908 ], [ 117.08444977, -8.697813039999915 ], [ 117.084945700000162, -8.698566429999858 ], [ 117.085139700000013, -8.698876289999816 ], [ 117.08535767, -8.699224449999861 ], [ 117.085609429999977, -8.699611669999854 ], [ 117.085665029999973, -8.699706509999885 ], [ 117.085738980000087, -8.699832659999913 ], [ 117.085739130000093, -8.699832909999941 ], [ 117.085739539999963, -8.699833739999917 ], [ 117.085735630000158, -8.699834039999928 ], [ 117.086256100000014, -8.700885609999943 ], [ 117.086395270000025, -8.701169009999944 ], [ 117.086522270000046, -8.701433079999902 ], [ 117.08679036, -8.701995609999926 ], [ 117.086927550000041, -8.702345289999926 ], [ 117.086948119999988, -8.702398599999867 ], [ 117.087226860000101, -8.703121179999869 ], [ 117.087762920000046, -8.70469028999986 ], [ 117.087836270000025, -8.704904989999932 ], [ 117.08792002000007, -8.705152129999874 ], [ 117.08799455999997, -8.705464279999944 ], [ 117.088009660000012, -8.705528229999913 ], [ 117.08822633, -8.706445699999961 ], [ 117.088485699999978, -8.707410809999885 ], [ 117.088867190000087, -8.70880413999987 ], [ 117.089082830000166, -8.709691139999904 ], [ 117.089087890000087, -8.709711969999944 ], [ 117.08919526000011, -8.710153589999891 ], [ 117.089477529999954, -8.711539249999873 ], [ 117.089698799999951, -8.712887780000017 ], [ 117.090057359999946, -8.714862829999902 ], [ 117.090209960000038, -8.715950969999938 ], [ 117.09031109, -8.716495579999901 ], [ 117.090402110000127, -8.716973659999951 ], [ 117.0904504, -8.717386179999949 ], [ 117.090545670000097, -8.718168239999898 ], [ 117.090590770000063, -8.719047509999939 ], [ 117.090592020000031, -8.71907186999988 ], [ 117.090608090000046, -8.719361549999917 ], [ 117.090574048000121, -8.720480658999918 ], [ 117.090562139999975, -8.720872109999902 ], [ 117.09056304000012, -8.72131093999991 ], [ 117.090565350000134, -8.722427879999941 ], [ 117.090534140000045, -8.723423599999876 ], [ 117.090533700000151, -8.723436219999883 ], [ 117.090515130000085, -8.723971349999943 ], [ 117.090506350000055, -8.724629219999827 ], [ 117.090506020000021, -8.724654019999946 ], [ 117.090498660000094, -8.725114329999883 ], [ 117.09047479000003, -8.725816739999914 ], [ 117.090474680000057, -8.725819849999937 ], [ 117.090589799999975, -8.729122139999959 ], [ 117.090637190000166, -8.730510709999919 ], [ 117.090011590000131, -8.739461889999859 ], [ 117.08909581, -8.74525629999988 ], [ 117.089029700000083, -8.745674619999932 ], [ 117.08874078600013, -8.747502672999929 ], [ 117.088592530000142, -8.748440739999921 ], [ 117.088007090000019, -8.749936369999944 ], [ 117.08798218000004, -8.749999989999878 ], [ 117.087973960000113, -8.750018029999865 ], [ 117.087783820000027, -8.750434879999887 ], [ 117.087567650000096, -8.750891949999868 ], [ 117.087333690000037, -8.751386649999858 ], [ 117.086830139999961, -8.752169609999896 ], [ 117.086805130000016, -8.752203789999953 ], [ 117.086395270000025, -8.752763749999929 ], [ 117.084918440000024, -8.754975449999961 ], [ 117.084800720000089, -8.755151739999917 ], [ 117.084747260000086, -8.755236 ], [ 117.084350589999985, -8.755861299999935 ], [ 117.083923349999964, -8.757042889999866 ], [ 117.083855350000022, -8.757229859999882 ], [ 117.083823750000079, -8.757316739999908 ], [ 117.083811310000101, -8.757352979999951 ], [ 117.083758699999976, -8.757468549999942 ], [ 117.08361901, -8.757777289999922 ], [ 117.08347622000008, -8.758185209999908 ], [ 117.083410579999963, -8.758337659999881 ], [ 117.083325240000022, -8.758541269999853 ], [ 117.083206190000169, -8.758825319999914 ], [ 117.08321474000013, -8.758995409999955 ], [ 117.083232100000146, -8.759270679999929 ], [ 117.083276480000109, -8.759388269999874 ], [ 117.083328489999985, -8.759578199999851 ], [ 117.08346465, -8.759840489999874 ], [ 117.083550800000012, -8.760111829999857 ], [ 117.0835912, -8.760310819999916 ], [ 117.08361109000009, -8.760383149999939 ], [ 117.083677250000051, -8.760623209999892 ], [ 117.083686830000147, -8.76065634999992 ], [ 117.08369611, -8.760677229999942 ], [ 117.083763210000029, -8.760826349999945 ], [ 117.083817270000054, -8.760887959999877 ], [ 117.08386966, -8.76094594999995 ], [ 117.084098540000127, -8.761088569999856 ], [ 117.084304, -8.761224219999917 ], [ 117.084401190000108, -8.761314649999917 ], [ 117.08454157999995, -8.761486469999909 ], [ 117.084541319999971, -8.761499139999898 ], [ 117.084541319999971, -8.761504819999857 ], [ 117.084541319999971, -8.761631009999917 ], [ 117.084541319999971, -8.761702529999866 ], [ 117.084497342000077, -8.761873384999888 ], [ 117.084442150000086, -8.762087809999855 ], [ 117.084358200000111, -8.76220321999989 ], [ 117.084266660000139, -8.762430179999853 ], [ 117.084224800000015, -8.762583799999959 ], [ 117.08418337, -8.762735869999915 ], [ 117.084205249999968, -8.763033269999937 ], [ 117.084207950000064, -8.763059799999894 ], [ 117.084251399999971, -8.763455369999861 ], [ 117.084188700000027, -8.763603759999853 ], [ 117.084154809999973, -8.763683949999859 ], [ 117.084147420000022, -8.763702629999955 ], [ 117.08414558000004, -8.763705799999912 ], [ 117.084144599999945, -8.763708119999876 ], [ 117.083656310000038, -8.764553079999928 ], [ 117.083563780000077, -8.764618739999946 ], [ 117.08341981, -8.764720909999937 ], [ 117.083269, -8.76480978 ], [ 117.08315276999997, -8.764878269999883 ], [ 117.082938940000076, -8.764974319999851 ], [ 117.08290863000002, -8.764987929999904 ], [ 117.082458500000143, -8.765136729999881 ], [ 117.082115169999952, -8.765361769999856 ], [ 117.082092370000169, -8.765394549999883 ], [ 117.08202537, -8.765490879999959 ], [ 117.081998259999978, -8.765584989999923 ], [ 117.081972840000049, -8.765676789999873 ], [ 117.081954959999962, -8.76574133999992 ], [ 117.08192, -8.765849289999949 ], [ 117.081887550000147, -8.765949479999904 ], [ 117.081879990000175, -8.765973459999941 ], [ 117.081879709999953, -8.765973699999961 ], [ 117.081878670000037, -8.765976899999941 ], [ 117.081695560000071, -8.766137119999883 ], [ 117.081657280000059, -8.766144439999948 ], [ 117.081565859999955, -8.766161929999896 ], [ 117.081564070000013, -8.766161359999955 ], [ 117.081321799999955, -8.766084669999884 ], [ 117.08132172, -8.766084649999868 ], [ 117.08048248, -8.765737519999959 ], [ 117.080177309999954, -8.765669819999857 ], [ 117.080111910000142, -8.765636689999951 ], [ 117.080032360000132, -8.765596389999928 ], [ 117.079765319999979, -8.765459039999882 ], [ 117.079536420000068, -8.76544 ], [ 117.079383860000121, -8.765516279999929 ], [ 117.07915497, -8.765738489999933 ], [ 117.079077330000132, -8.765792119999958 ], [ 117.079010010000047, -8.765838619999954 ], [ 117.07878874000005, -8.765936839999938 ], [ 117.078491190000136, -8.766093259999877 ], [ 117.078434950000087, -8.766147519999947 ], [ 117.078247069999975, -8.766328819999956 ], [ 117.078178399999956, -8.766476629999886 ], [ 117.077964770000108, -8.766948709999951 ], [ 117.077800420000131, -8.767057659999921 ], [ 117.077713010000025, -8.767115599999954 ], [ 117.077605970000036, -8.767129959999863 ], [ 117.07750703, -8.767143239999882 ], [ 117.077268620000041, -8.767180649999887 ], [ 117.077148439999974, -8.767199499999947 ], [ 117.077032560000021, -8.767218389999925 ], [ 117.076721210000073, -8.767269139999939 ], [ 117.076719610000055, -8.76726871999989 ], [ 117.07670523000013, -8.767264969999928 ], [ 117.076545710000119, -8.767223369999954 ], [ 117.07637788, -8.767083169999921 ], [ 117.076179509999974, -8.766824719999931 ], [ 117.075973530000169, -8.766573899999855 ], [ 117.07569887, -8.766362209999954 ], [ 117.0755696, -8.766340229999912 ], [ 117.075508109999987, -8.766329779999921 ], [ 117.075248710000096, -8.766412739999851 ], [ 117.074865060000093, -8.766564609999875 ], [ 117.074653630000057, -8.766648299999872 ], [ 117.074066160000029, -8.767066009999894 ], [ 117.073771810000039, -8.767436619999955 ], [ 117.073646540000027, -8.767594359999919 ], [ 117.073533090000069, -8.767879849999929 ], [ 117.073557310000069, -8.768109859999925 ], [ 117.073717050000141, -8.768354039999906 ], [ 117.074093329999982, -8.768851439999935 ], [ 117.07409335, -8.768851709999865 ], [ 117.074096700000155, -8.768856049999954 ], [ 117.074102140000036, -8.768971299999919 ], [ 117.074105300000156, -8.769014249999884 ], [ 117.074143820000131, -8.769226519999961 ], [ 117.07416534000015, -8.769340519999901 ], [ 117.074174309999989, -8.76941445999995 ], [ 117.074197760000175, -8.769584099999918 ], [ 117.074184020000075, -8.769669299999919 ], [ 117.07416534000015, -8.769790649999948 ], [ 117.074112310000032, -8.769903689999865 ], [ 117.074020379999979, -8.770099639999898 ], [ 117.07379914, -8.770348549999881 ], [ 117.073712730000011, -8.770472059999918 ], [ 117.073663239999973, -8.770542799999987 ], [ 117.073626839999974, -8.770597259999874 ], [ 117.073565790000089, -8.770740929999931 ], [ 117.073518300000046, -8.770857109999952 ], [ 117.073501979999946, -8.770973709999851 ], [ 117.07348829, -8.771077820000016 ], [ 117.073471070000096, -8.771208759999922 ], [ 117.073257440000134, -8.771393759999853 ], [ 117.073112480000077, -8.771525399999916 ], [ 117.072700510000118, -8.771936429999926 ], [ 117.072472560000051, -8.771944339999948 ], [ 117.072425850000059, -8.771945949999918 ], [ 117.072335840000051, -8.771905449999849 ], [ 117.07227325000008, -8.771877289999907 ], [ 117.072166430000152, -8.771782859999917 ], [ 117.07198201999995, -8.771596909999914 ], [ 117.071823129999984, -8.771436679999852 ], [ 117.071487410000032, -8.77133463999985 ], [ 117.07141113, -8.771274579999954 ], [ 117.071411010000134, -8.771274509999955 ], [ 117.071400230000108, -8.771267769999952 ], [ 117.071220400000016, -8.771155349999958 ], [ 117.07121866, -8.771155429999851 ], [ 117.071165240000028, -8.771157739999865 ], [ 117.071022050000124, -8.771163929999943 ], [ 117.071021650000034, -8.771164129999875 ], [ 117.07078553000008, -8.771279339999921 ], [ 117.070680060000086, -8.77136250999996 ], [ 117.070365889999948, -8.771610239999916 ], [ 117.070213309999986, -8.771750439999892 ], [ 117.07018093, -8.771803619999957 ], [ 117.070045479999976, -8.77202605999986 ], [ 117.069976809999957, -8.772321679999891 ], [ 117.070025760000135, -8.772669969999868 ], [ 117.070077579999975, -8.773022039999944 ], [ 117.070116300000109, -8.773356719999924 ], [ 117.070122310000102, -8.773691389999897 ], [ 117.070192570000017, -8.7740079699999 ], [ 117.070285830000103, -8.774351649999915 ], [ 117.070291850000103, -8.774529549999897 ], [ 117.070297239999945, -8.774622919999899 ], [ 117.070256630000017, -8.774705829999903 ], [ 117.070212849999962, -8.774795219999874 ], [ 117.070208920000141, -8.774803929999848 ], [ 117.070208100000059, -8.774804919999951 ], [ 117.070205700000088, -8.774809829999924 ], [ 117.07014221999998, -8.774893449999922 ], [ 117.070106510000073, -8.774940489999949 ], [ 117.069933860000106, -8.775047459999939 ], [ 117.069931040000029, -8.775049199999899 ], [ 117.069391610000025, -8.775105509999946 ], [ 117.069190970000136, -8.77512645999991 ], [ 117.068748479999954, -8.775218969999912 ], [ 117.068712150000124, -8.775227389999884 ], [ 117.068695070000103, -8.775231349999956 ], [ 117.06854116, -8.775411309999924 ], [ 117.068310070000052, -8.775681499999905 ], [ 117.068202500000098, -8.775808309999945 ], [ 117.068192800000134, -8.775817109999934 ], [ 117.067996630000039, -8.775999659999854 ], [ 117.067924510000125, -8.776066779999894 ], [ 117.067649849999952, -8.776182169999856 ], [ 117.067466710000076, -8.776263239999878 ], [ 117.067390459999956, -8.776309399999889 ], [ 117.067321780000043, -8.776350969999953 ], [ 117.067176830000108, -8.776409139999885 ], [ 117.067092870000124, -8.776475899999923 ], [ 117.067069790000119, -8.776512489999902 ], [ 117.06704713, -8.776548389999959 ], [ 117.067008970000074, -8.776621799999987 ], [ 117.066986070000098, -8.776702879999959 ], [ 117.066978540000036, -8.776927199999932 ], [ 117.066985400000021, -8.777012069999955 ], [ 117.0669988840001, -8.777171526999894 ], [ 117.067001350000169, -8.777200689999916 ], [ 117.066986070000098, -8.777361869999936 ], [ 117.06696789, -8.777419349999889 ], [ 117.066934360000118, -8.777525359999856 ], [ 117.066933830000039, -8.777527129999953 ], [ 117.066933770000105, -8.777527239999927 ], [ 117.06693268000015, -8.777530669999862 ], [ 117.066658029999985, -8.77800751999996 ], [ 117.066513040000018, -8.778242109999951 ], [ 117.066503060000173, -8.778266409999901 ], [ 117.066413880000027, -8.778483399999914 ], [ 117.066314240000111, -8.778717289999918 ], [ 117.066276570000014, -8.778805719999923 ], [ 117.066235160000019, -8.778917139999919 ], [ 117.066162100000156, -8.779113759999859 ], [ 117.066123970000035, -8.779238699999894 ], [ 117.06609211, -8.779334829999925 ], [ 117.066070970000055, -8.779398629999889 ], [ 117.066070550000063, -8.779399879999914 ], [ 117.066055300000016, -8.779611599999896 ], [ 117.06603240000004, -8.779831879999961 ], [ 117.065994270000147, -8.780007349999892 ], [ 117.06598205, -8.780074889999867 ], [ 117.065976950000163, -8.780103099999906 ], [ 117.065963730000135, -8.780176149999932 ], [ 117.065874870000016, -8.780276159999914 ], [ 117.065872310000145, -8.780279039999925 ], [ 117.065872209999952, -8.780279149999899 ], [ 117.065719609999974, -8.780374519999896 ], [ 117.065259410000067, -8.78043874999986 ], [ 117.064933770000152, -8.780484199999933 ], [ 117.064729589999956, -8.780516109999894 ], [ 117.06441497000003, -8.780565269999954 ], [ 117.064010609999968, -8.780638709999891 ], [ 117.063900860000103, -8.78068879999995 ], [ 117.063835140000037, -8.780718789999867 ], [ 117.063780589999965, -8.780784139999867 ], [ 117.063743600000066, -8.78082846999996 ], [ 117.063741690000029, -8.780828759999906 ], [ 117.062780470000121, -8.780976549999878 ], [ 117.062319239999965, -8.781047469999862 ], [ 117.062316900000155, -8.78104782999992 ], [ 117.062108409999951, -8.781133879999913 ], [ 117.061988830000018, -8.781183229999954 ], [ 117.061508180000033, -8.781377809999867 ], [ 117.0611419600001, -8.781457889999899 ], [ 117.061074690000055, -8.781487029999937 ], [ 117.060813889999963, -8.7816 ], [ 117.060226440000065, -8.781858449999959 ], [ 117.059906009999963, -8.781969079999953 ], [ 117.05955627000003, -8.782054649999907 ], [ 117.059364310000092, -8.782101629999886 ], [ 117.059145869999952, -8.782174179999856 ], [ 117.058853150000118, -8.782271389999892 ], [ 117.058517440000173, -8.782382019999886 ], [ 117.058517319999964, -8.782382169999948 ], [ 117.058513910000102, -8.782386619999954 ], [ 117.058479630000079, -8.782431309999879 ], [ 117.058465820000038, -8.782449329999906 ], [ 117.05846405, -8.782451629999912 ], [ 117.057960510000157, -8.782514569999933 ], [ 117.057487480000077, -8.78250886 ], [ 117.057486449999942, -8.782508899999925 ], [ 117.05718231000003, -8.7825193299999 ], [ 117.057024790000128, -8.782490159999952 ], [ 117.056770340000071, -8.78244304999987 ], [ 117.056365949999986, -8.78234861999988 ], [ 117.056077030000097, -8.782283609999922 ], [ 117.055946360000121, -8.782254199999898 ], [ 117.05590922, -8.782237069999894 ], [ 117.055747989999986, -8.782162679999885 ], [ 117.055197499999963, -8.782062889999906 ], [ 117.055137860000173, -8.782052079999858 ], [ 117.05513763, -8.782052039999883 ], [ 117.055128430000082, -8.782051399999887 ], [ 117.054916380000122, -8.782036779999942 ], [ 117.05462647000013, -8.781996739999897 ], [ 117.054406120000067, -8.781968769999935 ], [ 117.05440187, -8.781959679999943 ], [ 117.054129930000045, -8.781925139999942 ], [ 117.05365853, -8.781961389999935 ], [ 117.053236860000084, -8.781988599999977 ], [ 117.052746429999956, -8.782015789999889 ], [ 117.052268769999955, -8.782070129999852 ], [ 117.051885200000015, -8.782088269999917 ], [ 117.051508420000118, -8.782151649999946 ], [ 117.051257260000057, -8.78219689999986 ], [ 117.050892689999955, -8.782251219999921 ], [ 117.050441500000034, -8.782386969999948 ], [ 117.050028660000066, -8.782576969999866 ], [ 117.049766119999958, -8.782703639999852 ], [ 117.049007760000109, -8.782957 ], [ 117.048555419999957, -8.783002279999891 ], [ 117.04820595000001, -8.783246559999952 ], [ 117.048137770000039, -8.78331893 ], [ 117.048119290000159, -8.783327959999951 ], [ 117.047812440000143, -8.783463689999905 ], [ 117.04745699, -8.78370795 ], [ 117.04716975000008, -8.783879829999933 ], [ 117.04674440000008, -8.784078879999868 ], [ 117.046520240000177, -8.784241719999955 ], [ 117.046058249999987, -8.784531229999914 ], [ 117.045789740000146, -8.784694079999895 ], [ 117.045328899999959, -8.785055939999893 ], [ 117.044978570000012, -8.78520975999993 ], [ 117.044623700000102, -8.785490199999856 ], [ 117.044368, -8.785680169999864 ], [ 117.04401879, -8.785906349999948 ], [ 117.043900630000167, -8.786005849999924 ], [ 117.043532950000099, -8.786286309999923 ], [ 117.043228100000078, -8.786548649999872 ], [ 117.042947949999984, -8.786774799999932 ], [ 117.042705880000085, -8.787037149999946 ], [ 117.041587900000081, -8.788285499999859 ], [ 117.04145609, -8.788638289999938 ], [ 117.041431360000161, -8.788656379999907 ], [ 117.041429989999983, -8.788659519999896 ], [ 117.041427610000142, -8.788661 ], [ 117.0412993, -8.788956759999905 ], [ 117.041168890000108, -8.7892534 ], [ 117.040985940000041, -8.789687569999955 ], [ 117.040913790000104, -8.78994084999988 ], [ 117.040861410000048, -8.790110069999912 ], [ 117.040832519999981, -8.790196419999859 ], [ 117.04077911000013, -8.790497789999961 ], [ 117.040695199999959, -8.790781009999932 ], [ 117.040695199999959, -8.791037179999876 ], [ 117.040617850000103, -8.791333849999944 ], [ 117.040581460000112, -8.791638339999906 ], [ 117.040565480000055, -8.791766159999895 ], [ 117.040558910000073, -8.791830869999956 ], [ 117.040533260000075, -8.792057479999926 ], [ 117.040518220000081, -8.792319779999957 ], [ 117.040519730000028, -8.792435629999886 ], [ 117.040519730000028, -8.792451349999851 ], [ 117.040519730000028, -8.79263686999991 ], [ 117.040519730000028, -8.793037409999954 ], [ 117.040541400000052, -8.793194859999915 ], [ 117.040546850000055, -8.793234489999918 ], [ 117.04057773, -8.793477569999936 ], [ 117.041508050000061, -8.795910609999908 ], [ 117.042173189999971, -8.797864289999893 ], [ 117.042192259999979, -8.797915899999907 ], [ 117.042231950000087, -8.798028409999915 ], [ 117.042320270000118, -8.79827882 ], [ 117.042427080000039, -8.798584939999955 ], [ 117.042541380000102, -8.798792609999907 ], [ 117.042655940000031, -8.799000729999875 ], [ 117.042874979999965, -8.799413299999912 ], [ 117.042887899999982, -8.799449059999915 ], [ 117.042933570000059, -8.799583879999886 ], [ 117.042976390000035, -8.79971028999995 ], [ 117.043136379999964, -8.800044269999887 ], [ 117.04335785, -8.800506599999949 ], [ 117.043454989999987, -8.800709959999892 ], [ 117.043477820000135, -8.800758599999938 ], [ 117.04347979, -8.800761869999917 ], [ 117.04347993, -8.800762179999936 ], [ 117.043541850000111, -8.800871399999949 ], [ 117.043617250000125, -8.801004409999905 ], [ 117.043731709999975, -8.801149849999945 ], [ 117.043845850000025, -8.801294899999959 ], [ 117.04384785000002, -8.801297599999941 ], [ 117.044137530000057, -8.801691299999902 ], [ 117.044265750000136, -8.801865569999961 ], [ 117.044431880000047, -8.802028239999913 ], [ 117.044631950000053, -8.802224149999859 ], [ 117.044688140000062, -8.802288149999924 ], [ 117.044837940000093, -8.802458739999906 ], [ 117.045089719999964, -8.802662849999933 ], [ 117.045463560000144, -8.80289554999996 ], [ 117.046577450000086, -8.803548819999946 ], [ 117.047775270000102, -8.80399129999995 ], [ 117.047958379999955, -8.804045679999945 ], [ 117.048924810000017, -8.804072929999961 ], [ 117.04897308000011, -8.804074290000017 ], [ 117.049187270000061, -8.804040079999936 ], [ 117.049522420000017, -8.803986539999926 ], [ 117.050711129999968, -8.803832939999836 ], [ 117.053146380000044, -8.803518279999935 ], [ 117.053832199999988, -8.803470609999863 ], [ 117.054367070000012, -8.803433429999927 ], [ 117.054840070000068, -8.803363789999935 ], [ 117.055038440000089, -8.80332374999989 ], [ 117.05523555000002, -8.803308589999858 ], [ 117.05523681, -8.803308489999949 ], [ 117.055641170000058, -8.803302759999951 ], [ 117.055923470000153, -8.803342799999939 ], [ 117.056159969999953, -8.803352359999849 ], [ 117.056541430000152, -8.803435319999949 ], [ 117.056820460000154, -8.803532989999951 ], [ 117.056884750000108, -8.803555489999951 ], [ 117.057128900000066, -8.803646089999916 ], [ 117.057337500000131, -8.803723369999886 ], [ 117.05734136, -8.803724799999941 ], [ 117.057342520000134, -8.803725229999884 ], [ 117.057457250000084, -8.80375104999996 ], [ 117.057762140000023, -8.803819649999866 ], [ 117.05995178, -8.804459569999892 ], [ 117.060072640000044, -8.804518219999864 ], [ 117.060340880000126, -8.804648389999954 ], [ 117.060440040000117, -8.804680879999921 ], [ 117.060562130000108, -8.804720879999934 ], [ 117.060951230000114, -8.804903019999927 ], [ 117.06095151, -8.804903299999921 ], [ 117.061058050000042, -8.805007939999882 ], [ 117.061332340000035, -8.805129859999852 ], [ 117.061332710000102, -8.805130019999865 ], [ 117.061353900000086, -8.805143739999949 ], [ 117.061843890000091, -8.805460919999859 ], [ 117.062187200000039, -8.805706970000017 ], [ 117.062416060000032, -8.805860519999896 ], [ 117.062652580000076, -8.805970199999933 ], [ 117.06277474, -8.806060189999926 ], [ 117.063011169999982, -8.806234359999905 ], [ 117.063094850000084, -8.806328489999885 ], [ 117.063148510000019, -8.806388839999897 ], [ 117.063415530000043, -8.806598679999865 ], [ 117.063541920000034, -8.806786449999947 ], [ 117.063682569999969, -8.806995389999827 ], [ 117.06388714000002, -8.807235 ], [ 117.06388855, -8.807236659999887 ], [ 117.063899230000175, -8.807254059999934 ], [ 117.064097590000074, -8.807566669999858 ], [ 117.064482720000115, -8.808109319999915 ], [ 117.06481784000016, -8.808679129999859 ], [ 117.06497929, -8.808977579999862 ], [ 117.065107789999956, -8.809167499999944 ], [ 117.065232880000053, -8.809388619999879 ], [ 117.065284710000014, -8.809478769999942 ], [ 117.065300539999953, -8.809505020000017 ], [ 117.065491250000036, -8.809809659999871 ], [ 117.066446710000037, -8.810361239999907 ], [ 117.067221190000055, -8.811093749999941 ], [ 117.068015230000015, -8.811563959999944 ], [ 117.068928660000097, -8.812025099999858 ], [ 117.069583699999953, -8.812332509999919 ], [ 117.069821910000087, -8.812667149999868 ], [ 117.070020559999989, -8.812884199999928 ], [ 117.070675670000014, -8.813300139999853 ], [ 117.071370519999959, -8.813634689999901 ], [ 117.072224190000043, -8.813752109999939 ], [ 117.072938890000046, -8.813833389999957 ], [ 117.073435110000105, -8.814167949999899 ], [ 117.073931679999987, -8.814764839999896 ], [ 117.074666530000059, -8.816139549999946 ], [ 117.075083600000085, -8.817089209999949 ], [ 117.075639899999942, -8.819341349999945 ], [ 117.07599726, -8.820128199999942 ], [ 117.076490100000115, -8.820992769999862 ], [ 117.076530460000072, -8.821063029999948 ], [ 117.07653682, -8.821074569999894 ], [ 117.076700280000068, -8.821358219999922 ], [ 117.076776460000019, -8.821475779999957 ], [ 117.076789390000158, -8.821566369999914 ], [ 117.076797500000112, -8.821613329999877 ], [ 117.076801870000168, -8.821651669999937 ], [ 117.076814880000143, -8.821738089999826 ], [ 117.076700460000097, -8.822217499999908 ], [ 117.076681679999979, -8.822327139999913 ], [ 117.07666894, -8.822408539999856 ], [ 117.076644900000133, -8.822562219999895 ], [ 117.076598990000093, -8.822711849999905 ], [ 117.07654757, -8.822879489999934 ], [ 117.076509730000112, -8.823339149999867 ], [ 117.076547830000095, -8.823501959999817 ], [ 117.076605270000073, -8.823709969999925 ], [ 117.076834360000134, -8.823881799999924 ], [ 117.077388250000013, -8.824035439999932 ], [ 117.0783624500001, -8.824225179999928 ], [ 117.079642400000125, -8.824243 ], [ 117.080864649999967, -8.824260829999901 ], [ 117.081418810000059, -8.824396399999955 ], [ 117.082488560000115, -8.824830339999892 ], [ 117.083233430000064, -8.825056289999907 ], [ 117.083978570000113, -8.82517372999996 ], [ 117.084341510000058, -8.825309309999909 ], [ 117.084513470000161, -8.825481119999893 ], [ 117.084528280000086, -8.825614559999849 ], [ 117.084533700000065, -8.825654970000016 ], [ 117.084526320000123, -8.825691549999931 ], [ 117.084522310000125, -8.82571143999985 ], [ 117.084513529999981, -8.825761539999917 ], [ 117.084502899999961, -8.825906279999913 ], [ 117.084500299999945, -8.825951699999848 ], [ 117.084495540000034, -8.826034549999861 ], [ 117.084488400000168, -8.826093789999959 ], [ 117.08448175, -8.826148969999906 ], [ 117.084475269999984, -8.826213809999956 ], [ 117.084467430000018, -8.826269749999881 ], [ 117.084462000000144, -8.826316919999954 ], [ 117.084457390000125, -8.826356909999902 ], [ 117.084450570000058, -8.826424799999927 ], [ 117.084446729999968, -8.826463079999883 ], [ 117.084437280000088, -8.826575619999858 ], [ 117.08445637, -8.826783649999925 ], [ 117.08445637, -8.826784339999904 ], [ 117.084457390000125, -8.826793669999859 ], [ 117.084457390000125, -8.827021589999902 ], [ 117.08446030000016, -8.827068469999858 ], [ 117.084475509999947, -8.827263029999926 ], [ 117.084590130000038, -8.827697179999859 ], [ 117.084705040000017, -8.828158449999933 ], [ 117.084749547, -8.828484809999907 ], [ 117.084841959999949, -8.829162449999956 ], [ 117.084985290000077, -8.83022670999992 ], [ 117.085067760000015, -8.830820069999959 ], [ 117.08500631000004, -8.831376019999936 ], [ 117.084998680000126, -8.831445069999916 ], [ 117.084934129999965, -8.832056879999868 ], [ 117.08499251, -8.832545289999871 ], [ 117.08510887, -8.833124159999898 ], [ 117.085211040000104, -8.833730149999951 ], [ 117.085236626000096, -8.833857205999891 ], [ 117.08524943000009, -8.833920789999922 ], [ 117.085380550000082, -8.834565149999946 ], [ 117.085358960000121, -8.834598319999941 ], [ 117.085329979999983, -8.834642859999917 ], [ 117.085329460000139, -8.834643709999852 ], [ 117.085329409999986, -8.834643729999868 ], [ 117.085327160000134, -8.834647189999885 ], [ 117.084980930000029, -8.834808419999888 ], [ 117.084938030000103, -8.834828389999871 ], [ 117.084890580000092, -8.834841019999942 ], [ 117.084701530000075, -8.834891329999948 ], [ 117.084304810000049, -8.835247979999849 ], [ 117.084056789999977, -8.835497139999859 ], [ 117.083885200000054, -8.835669509999946 ], [ 117.083526610000035, -8.835893629999816 ], [ 117.083206190000169, -8.835923199999854 ], [ 117.083205310000039, -8.835923039999955 ], [ 117.082733200000121, -8.835835459999885 ], [ 117.082733160000089, -8.835835449999877 ], [ 117.082328800000028, -8.835655219999921 ], [ 117.082151050000107, -8.835630609999896 ], [ 117.082115169999952, -8.835625649999827 ], [ 117.081939700000135, -8.835655219999921 ], [ 117.081859310000027, -8.835710939999899 ], [ 117.081842599999959, -8.836381149999909 ], [ 117.081811980000111, -8.83666154999986 ], [ 117.081765760000167, -8.836880259999816 ], [ 117.081730809999954, -8.837049439999873 ], [ 117.081726070000059, -8.837072389999946 ], [ 117.081715909999957, -8.837100839999948 ], [ 117.0815685, -8.837513599999909 ], [ 117.081537100000105, -8.837602309999909 ], [ 117.081453420000116, -8.837937539999928 ], [ 117.08144396, -8.837975779999908 ], [ 117.081442860000038, -8.837980839999943 ], [ 117.081420900000012, -8.838084219999871 ], [ 117.081393330000083, -8.83814225999987 ], [ 117.081077570000048, -8.838807089999932 ], [ 117.081014539999956, -8.838905399999874 ], [ 117.08091737999996, -8.839056969999888 ], [ 117.080734270000107, -8.839217159999919 ], [ 117.080734240000083, -8.839217179999935 ], [ 117.080588270000021, -8.839249459999905 ], [ 117.08003997000003, -8.83937071999992 ], [ 117.0799538, -8.839397959999872 ], [ 117.079635609999968, -8.839498529999958 ], [ 117.079185489999986, -8.839674009999953 ], [ 117.079109200000062, -8.839690209999958 ], [ 117.079082850000077, -8.839681269999858 ], [ 117.07905578000009, -8.839672099999916 ], [ 117.0790556500001, -8.83967244999991 ], [ 117.079002370000126, -8.839815139999928 ], [ 117.078987109999957, -8.840091709999911 ], [ 117.078987109999957, -8.840623859999937 ], [ 117.078926079999974, -8.840992909999954 ], [ 117.078925620000177, -8.841010079999933 ], [ 117.078924840000127, -8.841038469999887 ], [ 117.078918469999962, -8.841272359999948 ], [ 117.07894897999995, -8.841519349999885 ], [ 117.078987109999957, -8.841768259999867 ], [ 117.078946930000143, -8.841932089999943 ], [ 117.078788639999971, -8.842568699999958 ], [ 117.078765390000058, -8.842867179999928 ], [ 117.078766030000111, -8.842869669999857 ], [ 117.078765870000097, -8.84287167999986 ], [ 117.078792010000143, -8.842975489999958 ], [ 117.079002370000126, -8.84381102999987 ], [ 117.079046049999988, -8.844003649999934 ], [ 117.079054970000016, -8.844043 ], [ 117.07902571000011, -8.844214859999909 ], [ 117.078845300000125, -8.844441039999936 ], [ 117.07855235, -8.844622 ], [ 117.078474479999954, -8.844676289999882 ], [ 117.078407140000081, -8.84472152 ], [ 117.077681380000058, -8.845038239999894 ], [ 117.077427910000097, -8.845183019999865 ], [ 117.077102569999965, -8.845463499999937 ], [ 117.076766950000092, -8.846223969999869 ], [ 117.076730730000122, -8.846305369999925 ], [ 117.076638100000082, -8.846404279999945 ], [ 117.076542620000168, -8.846449529999859 ], [ 117.076361870000142, -8.846440509999923 ], [ 117.075373710000122, -8.846277899999905 ], [ 117.07512391, -8.846350309999934 ], [ 117.075032130000068, -8.846431749999908 ], [ 117.074439120000079, -8.846983609999938 ], [ 117.074207870000123, -8.847399739999958 ], [ 117.074009570000044, -8.847707319999927 ], [ 117.073811699999965, -8.847999959999925 ], [ 117.07379914, -8.848017679999941 ], [ 117.073785029999954, -8.848051509999891 ], [ 117.07371154000009, -8.848213909999913 ], [ 117.073554169999966, -8.848521479999874 ], [ 117.073469800000112, -8.848765699999944 ], [ 117.073467899999969, -8.849227 ], [ 117.073467149999942, -8.849251249999952 ], [ 117.073463429999947, -8.849268899999913 ], [ 117.073482659999968, -8.849655739999946 ], [ 117.073483610000039, -8.849674789999938 ], [ 117.073485640000058, -8.849724489999858 ], [ 117.07347095, -8.849849639999888 ], [ 117.073440529999971, -8.850087169999938 ], [ 117.073387140000023, -8.850244529999884 ], [ 117.07347720000007, -8.851066899999921 ], [ 117.073499310000102, -8.851268869999899 ], [ 117.073538020000115, -8.851632989999928 ], [ 117.073440310000024, -8.851877249999916 ], [ 117.073394890000145, -8.852211919999888 ], [ 117.073292649999985, -8.852582799999936 ], [ 117.073254090000091, -8.85298983999985 ], [ 117.073128310000129, -8.853480519999948 ], [ 117.073098739999978, -8.853595889999895 ], [ 117.073035520000076, -8.853910229999883 ], [ 117.07300319, -8.854074029999936 ], [ 117.072952269999973, -8.854331969999862 ], [ 117.072898880000139, -8.854626669999902 ], [ 117.07289884, -8.854626839999924 ], [ 117.072898440000131, -8.854628609999907 ], [ 117.07283021000012, -8.854928959999881 ], [ 117.072775230000047, -8.855200159999868 ], [ 117.072760570000014, -8.855272459999867 ], [ 117.072733330000119, -8.855414029999906 ], [ 117.072679560000097, -8.855862619999868 ], [ 117.072669480000172, -8.855949719999956 ], [ 117.072654710000165, -8.856077189999951 ], [ 117.072532270000011, -8.856439989999956 ], [ 117.07229615000017, -8.857139589999917 ], [ 117.072215240000105, -8.857241610000017 ], [ 117.072212199999967, -8.85724544999988 ], [ 117.072212150000155, -8.857245529999886 ], [ 117.072208570000043, -8.857250749999878 ], [ 117.072189330000015, -8.85727881999992 ], [ 117.072068599999966, -8.857435749999922 ], [ 117.071960440000112, -8.857576349999931 ], [ 117.071725820000097, -8.858033329999955 ], [ 117.071723940000084, -8.858037 ], [ 117.07154083, -8.858302129999913 ], [ 117.071258550000152, -8.858769399999858 ], [ 117.071121210000115, -8.858952539999905 ], [ 117.070941840000046, -8.859157839999853 ], [ 117.070877070000165, -8.859231959999931 ], [ 117.07060241, -8.859523759999945 ], [ 117.070274370000107, -8.85982225999993 ], [ 117.070220970000037, -8.859854199999916 ], [ 117.069953909999981, -8.86001395999989 ], [ 117.069645140000034, -8.860117039999921 ], [ 117.069328309999946, -8.860222819999933 ], [ 117.069221350000134, -8.860269849999952 ], [ 117.069107040000063, -8.860320100000024 ], [ 117.06905838, -8.860328609999897 ], [ 117.068916309999963, -8.860353459999942 ], [ 117.06848799, -8.860398499999917 ], [ 117.068435669999985, -8.860404 ], [ 117.06843498000012, -8.86040394999992 ], [ 117.067970280000054, -8.860372539999901 ], [ 117.067719370000077, -8.860388709999881 ], [ 117.067718519999971, -8.860388769999929 ], [ 117.067489610000052, -8.860373479999907 ], [ 117.066978449999965, -8.860311509999917 ], [ 117.066612230000146, -8.860316279999893 ], [ 117.06613923000009, -8.860303869999882 ], [ 117.066094700000122, -8.860304319999955 ], [ 117.065948500000104, -8.860305779999862 ], [ 117.065490730000079, -8.860293379999916 ], [ 117.065063470000041, -8.860330589999876 ], [ 117.064643879999949, -8.86036109999992 ], [ 117.064642039999967, -8.860361479999881 ], [ 117.064579839999965, -8.860374189999959 ], [ 117.06401825, -8.860488889999942 ], [ 117.063851390000082, -8.86051606999996 ], [ 117.063514710000163, -8.860570909999865 ], [ 117.06329039000002, -8.860625309999932 ], [ 117.063133230000062, -8.860663419999923 ], [ 117.063073710000026, -8.860700229999907 ], [ 117.062988270000119, -8.860753059999922 ], [ 117.062848200000076, -8.860822249999899 ], [ 117.062675480000166, -8.860907569999938 ], [ 117.062057500000037, -8.861310959999912 ], [ 117.06164590000003, -8.861665 ], [ 117.061607370000047, -8.861698149999881 ], [ 117.06154633999995, -8.861868859999902 ], [ 117.061431890000108, -8.862540249999938 ], [ 117.061416610000038, -8.862840659999904 ], [ 117.061439510000014, -8.863209719999929 ], [ 117.061447150000163, -8.863842019999936 ], [ 117.061463630000048, -8.863945749999857 ], [ 117.061569230000146, -8.864610689999893 ], [ 117.061615110000162, -8.864835929999913 ], [ 117.061653139999976, -8.865022659999909 ], [ 117.061741819999952, -8.865357089999861 ], [ 117.061790450000103, -8.865540519999911 ], [ 117.061808830000018, -8.865632009999956 ], [ 117.061882020000098, -8.865996359999883 ], [ 117.061953570000128, -8.866392119999944 ], [ 117.061973569999964, -8.866502749999881 ], [ 117.062110879999977, -8.866901399999904 ], [ 117.062187200000039, -8.867513659999929 ], [ 117.062171940000098, -8.868603729999904 ], [ 117.062194839999961, -8.869974139999954 ], [ 117.062202450000086, -8.870506279999915 ], [ 117.062194839999961, -8.870888709999861 ], [ 117.062202450000086, -8.871414179999931 ], [ 117.062202450000086, -8.871840469999938 ], [ 117.062207840000042, -8.872083709999913 ], [ 117.06221007, -8.872184739999909 ], [ 117.062228010000126, -8.872279489999926 ], [ 117.062294020000081, -8.872628199999895 ], [ 117.062538140000015, -8.872912409999913 ], [ 117.0626608, -8.873063529999854 ], [ 117.062805180000055, -8.873241419999943 ], [ 117.062919910000119, -8.873361969999848 ], [ 117.063087460000133, -8.873538009999947 ], [ 117.063171600000146, -8.873632269999916 ], [ 117.063285820000033, -8.873760239999854 ], [ 117.06344606000016, -8.873965259999864 ], [ 117.063651660000119, -8.874414639999941 ], [ 117.06366728, -8.874448779999909 ], [ 117.063795220000088, -8.874791689999938 ], [ 117.063873299999955, -8.875000949999958 ], [ 117.063883050000072, -8.875035219999916 ], [ 117.064033510000058, -8.875563619999866 ], [ 117.064063520000104, -8.875647779999895 ], [ 117.0640869, -8.875713359999907 ], [ 117.064155570000025, -8.875937459999875 ], [ 117.064201370000092, -8.876011859999892 ], [ 117.064217389999953, -8.87601425999992 ], [ 117.064239500000099, -8.876017569999931 ], [ 117.064335320000168, -8.876093699999956 ], [ 117.064346320000027, -8.876102439999954 ], [ 117.064378170000168, -8.876134669999942 ], [ 117.064582830000063, -8.876341809999929 ], [ 117.064671390000058, -8.876419869999836 ], [ 117.064735400000018, -8.876476279999906 ], [ 117.064760210000145, -8.876506499999891 ], [ 117.064796450000131, -8.876550659999907 ], [ 117.064918540000122, -8.876616469999931 ], [ 117.065046059999986, -8.876701509999862 ], [ 117.065055850000135, -8.876708039999869 ], [ 117.065223710000168, -8.876810079999871 ], [ 117.0652914100001, -8.876873559999922 ], [ 117.065361019999955, -8.876938839999866 ], [ 117.065430890000016, -8.876980309999851 ], [ 117.065513600000145, -8.877029409999921 ], [ 117.065578589999973, -8.877075269999864 ], [ 117.065643320000049, -8.877120959999957 ], [ 117.065759150000076, -8.877167549999911 ], [ 117.065818799999988, -8.877191539999899 ], [ 117.065930230000163, -8.877268639999897 ], [ 117.065933210000026, -8.8772707 ], [ 117.066078189999985, -8.877342229999954 ], [ 117.066141089999974, -8.877389809999954 ], [ 117.066223150000042, -8.877451899999869 ], [ 117.06636412, -8.877535609999939 ], [ 117.066406240000106, -8.877560619999883 ], [ 117.066434160000085, -8.877581899999882 ], [ 117.066558839999971, -8.877676949999909 ], [ 117.066711410000153, -8.877799029999892 ], [ 117.066925060000017, -8.878019329999915 ], [ 117.067100539999956, -8.878185279999911 ], [ 117.06725308, -8.878306849999888 ], [ 117.06728363000002, -8.878331199999877 ], [ 117.06740571, -8.878459929999906 ], [ 117.067558280000071, -8.878588669999942 ], [ 117.06769562, -8.878698349999866 ], [ 117.067755840000018, -8.878752199999894 ], [ 117.067894000000138, -8.878875749999906 ], [ 117.068046570000092, -8.879029269999933 ], [ 117.068229680000172, -8.879187599999852 ], [ 117.068382260000021, -8.879303929999878 ], [ 117.068481980000115, -8.879394479999917 ], [ 117.068496720000098, -8.87940787999986 ], [ 117.068568659999983, -8.879469489999906 ], [ 117.068702710000025, -8.879584309999927 ], [ 117.068770190000123, -8.87965824999992 ], [ 117.068832380000117, -8.87972638999986 ], [ 117.069015499999978, -8.879878989999952 ], [ 117.069198610000058, -8.880075449999879 ], [ 117.069302020000123, -8.880180219999943 ], [ 117.069343570000115, -8.880222319999859 ], [ 117.069391800000062, -8.880285479999941 ], [ 117.069503780000105, -8.880432129999917 ], [ 117.069671640000138, -8.880660069999919 ], [ 117.069747320000147, -8.880736319999926 ], [ 117.069793720000121, -8.880783069999893 ], [ 117.069867359999989, -8.880882509999935 ], [ 117.069908140000166, -8.880937579999909 ], [ 117.070090970000138, -8.881152779999923 ], [ 117.070090990000153, -8.881152819999954 ], [ 117.07009123, -8.881153089999941 ], [ 117.070105900000158, -8.881177389999948 ], [ 117.070274370000107, -8.881456379999918 ], [ 117.070293940000056, -8.881499449999922 ], [ 117.070350650000137, -8.881624209999927 ], [ 117.070419320000155, -8.881823549999922 ], [ 117.070503229999986, -8.882002819999911 ], [ 117.070515260000093, -8.882035279999855 ], [ 117.07057954000004, -8.882208829999911 ], [ 117.070655829999964, -8.882375719999857 ], [ 117.070675039999969, -8.882404989999884 ], [ 117.070777890000159, -8.882561679999867 ], [ 117.070899970000141, -8.882709519999935 ], [ 117.071060180000018, -8.882893549999892 ], [ 117.071189880000134, -8.883009929999957 ], [ 117.07119028, -8.883010189999936 ], [ 117.071373, -8.883131019999894 ], [ 117.071482540000034, -8.88319115999991 ], [ 117.071548470000153, -8.883227349999913 ], [ 117.071588340000062, -8.883250749999945 ], [ 117.071723940000084, -8.883330329999865 ], [ 117.071952829999987, -8.883387560000017 ], [ 117.072096, -8.883453199999849 ], [ 117.072135910000043, -8.88347148999992 ], [ 117.072334289999958, -8.883535379999898 ], [ 117.072483160000047, -8.88359534999995 ], [ 117.07254027, -8.8836183599999 ], [ 117.072708130000024, -8.883684149999851 ], [ 117.073102990000166, -8.883806309999954 ], [ 117.073158260000127, -8.883823409999934 ], [ 117.073217670000076, -8.883825059999879 ], [ 117.073295599999938, -8.883827219999887 ], [ 117.073501580000084, -8.883915889999912 ], [ 117.07351795, -8.883922249999955 ], [ 117.073715210000159, -8.883998879999865 ], [ 117.07383925, -8.884040669999933 ], [ 117.073890679999977, -8.884058 ], [ 117.073942320000128, -8.884077079999884 ], [ 117.074066160000029, -8.884122849999926 ], [ 117.07408677, -8.884124459999953 ], [ 117.074126300000103, -8.884127539999952 ], [ 117.074127210000142, -8.88412760999995 ], [ 117.074462870000048, -8.88435839999994 ], [ 117.074648140000136, -8.884530679999898 ], [ 117.074653630000057, -8.884535789999916 ], [ 117.074674449999975, -8.884549599999957 ], [ 117.07502747, -8.884783749999883 ], [ 117.075347900000111, -8.884984029999941 ], [ 117.075553890000037, -8.885148039999933 ], [ 117.075668350000115, -8.885251989999915 ], [ 117.075715850000165, -8.885315169999899 ], [ 117.075752259999945, -8.885363579999876 ], [ 117.075912470000048, -8.885516149999887 ], [ 117.076042020000159, -8.885624800000016 ], [ 117.076095580000128, -8.885669719999896 ], [ 117.076187140000116, -8.885771089999935 ], [ 117.076255800000013, -8.885847099999921 ], [ 117.07639314000005, -8.886013989999867 ], [ 117.076413140000113, -8.886040039999898 ], [ 117.076629640000078, -8.886322039999868 ], [ 117.0767452, -8.886542479999946 ], [ 117.07680511, -8.886656779999953 ], [ 117.07686617000013, -8.886787449999929 ], [ 117.0769272, -8.886918069999922 ], [ 117.077064510000014, -8.887140279999926 ], [ 117.077084040000045, -8.887182079999889 ], [ 117.077186569999981, -8.887401569999952 ], [ 117.077262860000133, -8.88756941999992 ], [ 117.077360180000142, -8.887793659999886 ], [ 117.077491750000036, -8.888096809999922 ], [ 117.077560410000046, -8.888309489999926 ], [ 117.077636700000085, -8.888558369999942 ], [ 117.07773335000013, -8.888780819999852 ], [ 117.077857969999968, -8.889067649999959 ], [ 117.077915230000031, -8.889197039999942 ], [ 117.077957159999983, -8.889291769999943 ], [ 117.07800504, -8.88939712999985 ], [ 117.078033440000013, -8.889459619999855 ], [ 117.078065030000175, -8.889513579999914 ], [ 117.078102110000032, -8.889576919999911 ], [ 117.07817078000005, -8.889757149999923 ], [ 117.078331000000162, -8.890117649999866 ], [ 117.078450180000118, -8.890374399999871 ], [ 117.078460700000051, -8.890397069999892 ], [ 117.078470860000039, -8.890415649999852 ], [ 117.078521730000148, -8.89050864 ], [ 117.07856774000004, -8.890566980000017 ], [ 117.078575140000112, -8.890576359999898 ], [ 117.078681940000024, -8.890755659999911 ], [ 117.07878874000005, -8.890966429999935 ], [ 117.078895569999986, -8.891171449999945 ], [ 117.079010010000047, -8.891300209999827 ], [ 117.079109200000062, -8.891468059999909 ], [ 117.079149700000016, -8.891504049999924 ], [ 117.07917787000008, -8.891529069999933 ], [ 117.079383860000121, -8.891969669999924 ], [ 117.079498299999955, -8.892048829999908 ], [ 117.079547749999961, -8.89211749999987 ], [ 117.0797119, -8.892345419999913 ], [ 117.07980347, -8.892512309999859 ], [ 117.079887269999972, -8.892629339999871 ], [ 117.080024709999975, -8.892821299999923 ], [ 117.080097280000132, -8.892957819999936 ], [ 117.080169700000056, -8.893094049999945 ], [ 117.080368039999939, -8.893378259999906 ], [ 117.080462620000162, -8.893523679999873 ], [ 117.080554580000125, -8.893665069999827 ], [ 117.080673209999986, -8.893847469999912 ], [ 117.0807724, -8.894052509999938 ], [ 117.080845179999983, -8.894139149999887 ], [ 117.08091737999996, -8.894225109999923 ], [ 117.081022960000155, -8.894413439999937 ], [ 117.0810318, -8.894429209999942 ], [ 117.081057259999966, -8.894480469999905 ], [ 117.081176760000062, -8.894721029999914 ], [ 117.081330419999972, -8.894889279999916 ], [ 117.081367510000064, -8.894929899999852 ], [ 117.081422370000155, -8.895025 ], [ 117.081481930000109, -8.895128269999873 ], [ 117.08158111, -8.895351399999925 ], [ 117.081696370000145, -8.895513139999935 ], [ 117.081748970000035, -8.895586959999889 ], [ 117.08186339000008, -8.895841619999885 ], [ 117.081949330000043, -8.895971199999906 ], [ 117.081977850000158, -8.896014209999862 ], [ 117.082168590000038, -8.896442409999906 ], [ 117.082239470000104, -8.896589799999902 ], [ 117.082252510000103, -8.896616919999929 ], [ 117.082316350000042, -8.896787929999959 ], [ 117.082412700000077, -8.897046079999939 ], [ 117.082432670000117, -8.897150019999913 ], [ 117.082435570000143, -8.897165129999905 ], [ 117.082435600000167, -8.897165289999919 ], [ 117.082438880000041, -8.897169949999864 ], [ 117.082595840000067, -8.897393229999864 ], [ 117.082632650000164, -8.897483549999947 ], [ 117.082656869999937, -8.897542969999904 ], [ 117.082725539999956, -8.897704109999893 ], [ 117.082737839999936, -8.897731179999937 ], [ 117.082801830000108, -8.897871959999861 ], [ 117.082901010000114, -8.898070329999939 ], [ 117.082922330000088, -8.898164709999946 ], [ 117.082939140000121, -8.898239129999865 ], [ 117.082955009999978, -8.898285519999945 ], [ 117.082977300000039, -8.898350719999939 ], [ 117.08309359000009, -8.898527899999976 ], [ 117.08309936, -8.898536689999958 ], [ 117.083160390000103, -8.898729329999924 ], [ 117.083251959999984, -8.89916704999996 ], [ 117.083335860000034, -8.899535189999881 ], [ 117.083367469999985, -8.899677789999885 ], [ 117.083412169999974, -8.899879459999852 ], [ 117.083457940000017, -8.900010099999918 ], [ 117.083473310000045, -8.900089489999914 ], [ 117.083503720000067, -8.900246629999856 ], [ 117.083572390000086, -8.90042780999994 ], [ 117.083604258000037, -8.900538358999938 ], [ 117.083633419999956, -8.900639519999856 ], [ 117.083763120000071, -8.901006689999861 ], [ 117.083801269999981, -8.901081069999918 ], [ 117.083830230000103, -8.901175649999914 ], [ 117.083862300000078, -8.901280409999856 ], [ 117.083885870000017, -8.901575599999944 ], [ 117.08389284000009, -8.901662809999891 ], [ 117.083894670000063, -8.901701989999935 ], [ 117.08390046, -8.901825899999892 ], [ 117.08390046, -8.901944199999889 ], [ 117.08390046, -8.901970859999892 ], [ 117.08390046, -8.901971079999896 ], [ 117.08390046, -8.902034539999931 ], [ 117.08390046, -8.902064309999901 ], [ 117.083915690000026, -8.90219591999994 ], [ 117.083915690000026, -8.902338149999935 ], [ 117.083915690000026, -8.902460109999879 ], [ 117.083915690000026, -8.902582099999904 ], [ 117.083915690000026, -8.902628909999919 ], [ 117.083877560000133, -8.902969359999929 ], [ 117.08386994, -8.903081889999896 ], [ 117.083854680000172, -8.903207799999905 ], [ 117.083852, -8.903222249999942 ], [ 117.083824169999957, -8.903371809999896 ], [ 117.083801269999981, -8.903800009999884 ], [ 117.083808890000114, -8.904063229999906 ], [ 117.083831789999977, -8.904226289999883 ], [ 117.083839399999988, -8.904382709999879 ], [ 117.083839399999988, -8.904521 ], [ 117.083831789999977, -8.904766079999888 ], [ 117.083827880000058, -8.90485616999996 ], [ 117.083824169999957, -8.904941549999933 ], [ 117.083815220000133, -8.905228659999864 ], [ 117.083808890000114, -8.905431749999877 ], [ 117.083793650000075, -8.905564329999947 ], [ 117.08377076, -8.905709259999924 ], [ 117.08376016, -8.905763269999909 ], [ 117.083732599999962, -8.905903829999886 ], [ 117.083721770000011, -8.906239399999947 ], [ 117.083717370000159, -8.906375869999863 ], [ 117.083705070000065, -8.906490570000017 ], [ 117.083694470000069, -8.906589519999955 ], [ 117.083686450000073, -8.906617829999959 ], [ 117.083663930000171, -8.906697269999881 ], [ 117.083654570000135, -8.906753829999957 ], [ 117.083641030000081, -8.906835549999869 ], [ 117.083564740000156, -8.90700054999985 ], [ 117.083534770000142, -8.907114489999856 ], [ 117.083526610000035, -8.90714550999985 ], [ 117.083520430000021, -8.907178749999957 ], [ 117.083496100000161, -8.907309549999923 ], [ 117.083450330000119, -8.907555579999951 ], [ 117.083457940000017, -8.9077625299999 ], [ 117.083435050000048, -8.907863619999944 ], [ 117.083412169999974, -8.908046709999894 ], [ 117.083396480000033, -8.90818000999991 ], [ 117.08338927, -8.908241259999897 ], [ 117.08338927, -8.90829427999995 ], [ 117.08338927, -8.908398649999867 ], [ 117.083363380000037, -8.908553189999907 ], [ 117.08335876000001, -8.908580769999958 ], [ 117.083343519999971, -8.908883089999904 ], [ 117.083328240000128, -8.909109099999966 ], [ 117.083328240000128, -8.909175399999924 ], [ 117.083328179999967, -8.909215949999918 ], [ 117.082938750000039, -8.910726619999934 ], [ 117.082989649999945, -8.911783519999915 ], [ 117.082992570000101, -8.911844259999953 ], [ 117.082998240000165, -8.91188523999989 ], [ 117.083038330000136, -8.912174209999932 ], [ 117.083175669999946, -8.912791229999868 ], [ 117.083198540000012, -8.912973399999942 ], [ 117.08321307000017, -8.913035839999907 ], [ 117.083259570000109, -8.913235659999884 ], [ 117.083287909999967, -8.913374929999861 ], [ 117.083305370000176, -8.913460739999948 ], [ 117.083305370000176, -8.913504169999896 ], [ 117.083305370000176, -8.913655289999951 ], [ 117.083346360000064, -8.913797539999848 ], [ 117.083366370000022, -8.913867009999933 ], [ 117.083374039999967, -8.914130229999898 ], [ 117.0833816600001, -8.914305699999943 ], [ 117.083404530000053, -8.914468769999871 ], [ 117.08341981, -8.914593679999882 ], [ 117.08342079, -8.914602919999936 ], [ 117.083435050000048, -8.914737699999932 ], [ 117.083437430000117, -8.914804219999894 ], [ 117.083442709999986, -8.914951329999894 ], [ 117.083476850000011, -8.915076579999891 ], [ 117.083488460000012, -8.915119179999863 ], [ 117.083641030000081, -8.915511139999865 ], [ 117.083732520000012, -8.915727179999919 ], [ 117.083786010000154, -8.915853499999855 ], [ 117.08389284000009, -8.916008 ], [ 117.084129340000118, -8.916435239999942 ], [ 117.084632860000056, -8.917258269999934 ], [ 117.084762559999945, -8.917588239999873 ], [ 117.084853159999966, -8.917860909999945 ], [ 117.084861749999959, -8.917886739999858 ], [ 117.084869710000135, -8.917906969999933 ], [ 117.084938030000103, -8.918080329999896 ], [ 117.084983830000169, -8.918210969999905 ], [ 117.084986269999945, -8.918219429999851 ], [ 117.085014340000157, -8.918316829999924 ], [ 117.085014340000157, -8.918363579999891 ], [ 117.085014340000157, -8.918385499999943 ], [ 117.08505925999998, -8.918578529999934 ], [ 117.085075370000027, -8.918647779999958 ], [ 117.085095870000032, -8.918685249999953 ], [ 117.08513640000001, -8.918759339999951 ], [ 117.085184720000029, -8.918937439999866 ], [ 117.085197460000018, -8.91898441 ], [ 117.085281360000067, -8.919182779999915 ], [ 117.085342409999953, -8.919332499999939 ], [ 117.085390440000083, -8.919436559999951 ], [ 117.085433960000046, -8.919530870000017 ], [ 117.085476480000011, -8.919617430000017 ], [ 117.085540760000072, -8.919748289999916 ], [ 117.085617070000126, -8.919902799999875 ], [ 117.085622849999936, -8.919918529999961 ], [ 117.085685720000129, -8.9200897099999 ], [ 117.085763639999982, -8.920224389999873 ], [ 117.08586119000006, -8.920393 ], [ 117.085983270000042, -8.920748729999957 ], [ 117.086026150000066, -8.920859789999952 ], [ 117.086067200000116, -8.920966149999856 ], [ 117.086128229999986, -8.921109199999876 ], [ 117.086235030000125, -8.921313279999879 ], [ 117.08633422000014, -8.921574609999936 ], [ 117.08637540999996, -8.921651829999917 ], [ 117.08641053000008, -8.921717659999956 ], [ 117.086555490000137, -8.921958919999952 ], [ 117.086708059999978, -8.922338499999967 ], [ 117.08677673, -8.922575 ], [ 117.086837760000094, -8.92274284999985 ], [ 117.08689880999998, -8.922885899999869 ], [ 117.086901610000041, -8.922925109999937 ], [ 117.08690643, -8.922992699999952 ], [ 117.087131590000013, -8.923354089999918 ], [ 117.087287889999971, -8.923604959999864 ], [ 117.087402360000056, -8.923841479999908 ], [ 117.087409969999953, -8.923973089999947 ], [ 117.08749013, -8.924063259999855 ], [ 117.087524410000015, -8.924101819999862 ], [ 117.087570190000065, -8.924213409999936 ], [ 117.087692270000048, -8.924468049999859 ], [ 117.087753300000145, -8.924674039999957 ], [ 117.087803880000024, -8.924797639999952 ], [ 117.087837199999967, -8.924879079999869 ], [ 117.087865029999989, -8.924955859999898 ], [ 117.087936389999982, -8.925152799999864 ], [ 117.087993630000142, -8.925302059999865 ], [ 117.088050860000067, -8.925451269999883 ], [ 117.088142400000038, -8.925731659999883 ], [ 117.088249200000178, -8.925955779999867 ], [ 117.088265740000111, -8.926018359999887 ], [ 117.088333130000137, -8.926273329999958 ], [ 117.088462830000026, -8.926622389999864 ], [ 117.088462830000026, -8.926701709999861 ], [ 117.088462830000026, -8.926766409999857 ], [ 117.088485699999978, -8.926935199999889 ], [ 117.088467530000116, -8.927364779999948 ], [ 117.088462830000026, -8.927475929999957 ], [ 117.088462830000026, -8.927494239999874 ], [ 117.088462830000026, -8.927645699999914 ], [ 117.088443429999984, -8.927800009999942 ], [ 117.08843993000005, -8.927827849999858 ], [ 117.088409420000062, -8.928023339999868 ], [ 117.088378900000066, -8.928199779999886 ], [ 117.088374890000068, -8.928225559999817 ], [ 117.088310230000047, -8.928641319999826 ], [ 117.088310230000047, -8.928835869999943 ], [ 117.08829014000014, -8.928905729999883 ], [ 117.08827210000004, -8.928968429999941 ], [ 117.088254740000025, -8.929097149999905 ], [ 117.088249200000178, -8.929138169999931 ], [ 117.088211050000155, -8.929233559999886 ], [ 117.088172910000026, -8.929359439999928 ], [ 117.08817289000001, -8.929359679999948 ], [ 117.08816814, -8.929397729999891 ], [ 117.088119530000085, -8.929787639999915 ], [ 117.088118300000133, -8.929802709999933 ], [ 117.08811186000014, -8.929882059999898 ], [ 117.088093130000175, -8.929971989999899 ], [ 117.088073730000019, -8.930065169999864 ], [ 117.088073730000019, -8.930241579999915 ], [ 117.087997440000095, -8.930418969999948 ], [ 117.087905869999986, -8.930772769999919 ], [ 117.087890620000167, -8.930979719999868 ], [ 117.087890620000167, -8.931024509999929 ], [ 117.087890620000167, -8.931118 ], [ 117.087867739999979, -8.931238179999866 ], [ 117.087860099999943, -8.931420319999916 ], [ 117.087821970000164, -8.931603429999882 ], [ 117.087801160000026, -8.931727259999946 ], [ 117.087783820000027, -8.931830409999918 ], [ 117.087753300000145, -8.932024959999865 ], [ 117.087721190000138, -8.932285909999848 ], [ 117.087707530000102, -8.932396889999893 ], [ 117.0877104, -8.932465649999926 ], [ 117.08771514, -8.932579039999951 ], [ 117.087666530000092, -8.932691139999918 ], [ 117.0876465, -8.932737340000017 ], [ 117.08758545000012, -8.932914719999928 ], [ 117.087379459999966, -8.933459279999852 ], [ 117.087366140000086, -8.933514429999889 ], [ 117.08732604, -8.933680519999882 ], [ 117.087196370000015, -8.934060119999856 ], [ 117.087173470000153, -8.934198379999941 ], [ 117.087089520000063, -8.934382429999857 ], [ 117.087053500000138, -8.934538979999957 ], [ 117.087028509999982, -8.93464755999986 ], [ 117.087015890000089, -8.934775829999921 ], [ 117.087005610000119, -8.934880269999951 ], [ 117.086991770000054, -8.934901779999848 ], [ 117.086952200000155, -8.93496322999988 ], [ 117.086926330000097, -8.935081249999939 ], [ 117.08690643, -8.935172069999908 ], [ 117.086872950000156, -8.935298059999866 ], [ 117.086837760000094, -8.935430529999906 ], [ 117.086799630000087, -8.93558215999991 ], [ 117.086769110000091, -8.935664179999947 ], [ 117.086723340000162, -8.935929279999868 ], [ 117.086691630000018, -8.936053299999912 ], [ 117.086669929999971, -8.93613814999992 ], [ 117.086620649999986, -8.936350629999936 ], [ 117.086563100000035, -8.936598769999932 ], [ 117.086425790000021, -8.936915379999903 ], [ 117.086311340000066, -8.937144289999935 ], [ 117.086235030000125, -8.937309269999901 ], [ 117.086222290000137, -8.937328669999943 ], [ 117.086151130000076, -8.937437059999922 ], [ 117.086059559999967, -8.937627789999908 ], [ 117.085983270000042, -8.937748929999884 ], [ 117.085884090000036, -8.938064569999881 ], [ 117.085594200000173, -8.938461309999923 ], [ 117.085567849999961, -8.938535939999895 ], [ 117.085502630000065, -8.938720709999927 ], [ 117.085433960000046, -8.938791269999911 ], [ 117.08522036, -8.939311009999926 ], [ 117.085185789999969, -8.939477699999941 ], [ 117.08512879, -8.939752579999947 ], [ 117.085067760000015, -8.939954749999856 ], [ 117.085029599999984, -8.940069209999933 ], [ 117.084989790000122, -8.940110109999921 ], [ 117.084960929999966, -8.940139769999917 ], [ 117.084861820000015, -8.94032612999996 ], [ 117.084785460000035, -8.940469729999961 ], [ 117.0847589, -8.940486749999934 ], [ 117.084724430000165, -8.940508849999958 ], [ 117.084723190000091, -8.940509129999896 ], [ 117.084503179999956, -8.940558439999904 ], [ 117.084501560000035, -8.940558149999958 ], [ 117.084281919999967, -8.940519339999867 ], [ 117.084158860000116, -8.940513279999891 ], [ 117.084030160000111, -8.940506939999921 ], [ 117.083772520000139, -8.940460229999871 ], [ 117.083724980000056, -8.940451609999855 ], [ 117.083723940000027, -8.940451559999929 ], [ 117.083549510000125, -8.940443049999942 ], [ 117.083323030000088, -8.940435469999954 ], [ 117.08332063, -8.940435389999948 ], [ 117.083142100000146, -8.940439739999931 ], [ 117.083045970000057, -8.940442089999863 ], [ 117.082885730000044, -8.940458289999867 ], [ 117.082884479999962, -8.940458209999861 ], [ 117.082684470000117, -8.940446039999927 ], [ 117.082588200000146, -8.940440179999882 ], [ 117.082441680000102, -8.940433819999896 ], [ 117.082214359999966, -8.940423949999911 ], [ 117.0820923, -8.940420159999917 ], [ 117.08208895000007, -8.940420669999867 ], [ 117.081942359999971, -8.940443219999906 ], [ 117.081893930000092, -8.940450669999848 ], [ 117.08158111, -8.940501209999866 ], [ 117.08132171, -8.940520279999873 ], [ 117.080925, -8.940610889999903 ], [ 117.080759390000026, -8.940640639999856 ], [ 117.080680860000143, -8.940654749999908 ], [ 117.080565370000159, -8.940707 ], [ 117.080520640000145, -8.940727239999944 ], [ 117.080345169999987, -8.940800669999874 ], [ 117.080002609999951, -8.940959589999864 ], [ 117.080001840000023, -8.940959939999914 ], [ 117.079833979999989, -8.941051459999926 ], [ 117.079681390000019, -8.941130649999934 ], [ 117.07954914000004, -8.941230689999941 ], [ 117.079536430000076, -8.941240309999955 ], [ 117.07951732000015, -8.941265559999863 ], [ 117.079429630000163, -8.941381449999881 ], [ 117.079322830000024, -8.941440589999957 ], [ 117.079203230000076, -8.941550439999901 ], [ 117.079147350000085, -8.94160176999992 ], [ 117.078999650000128, -8.941751039999929 ], [ 117.078880310000159, -8.941871639999931 ], [ 117.078712460000133, -8.942013739999879 ], [ 117.078544630000124, -8.942092879999848 ], [ 117.078323380000029, -8.942179689999932 ], [ 117.078235470000095, -8.942217529999937 ], [ 117.078186040000105, -8.942238809999935 ], [ 117.078183970000055, -8.942238979999956 ], [ 117.077972410000029, -8.942256939999936 ], [ 117.0775398400001, -8.942292029999919 ], [ 117.077537540000094, -8.942292219999899 ], [ 117.077362050000147, -8.942277909999916 ], [ 117.077252159999944, -8.942280069999867 ], [ 117.077217089999976, -8.942280760000017 ], [ 117.077142630000026, -8.942282649999925 ], [ 117.077140800000052, -8.942282699999851 ], [ 117.076873780000028, -8.942270269999881 ], [ 117.076652540000055, -8.942256939999936 ], [ 117.076464859999987, -8.942260979999901 ], [ 117.076431270000057, -8.942261709999912 ], [ 117.07636044000003, -8.942260939999926 ], [ 117.076255800000013, -8.942259799999931 ], [ 117.076065040000117, -8.942233079999937 ], [ 117.075889569999958, -8.942193039999893 ], [ 117.075818370000093, -8.942181649999895 ], [ 117.075752259999945, -8.942171079999923 ], [ 117.07570703, -8.942165439999826 ], [ 117.075668350000115, -8.94216060999986 ], [ 117.075478230000044, -8.942127329999948 ], [ 117.0754776, -8.942127219999861 ], [ 117.075057980000111, -8.942155849999892 ], [ 117.074829099999988, -8.942117689999861 ], [ 117.074828830000115, -8.942117699999869 ], [ 117.074669549999953, -8.942121499999928 ], [ 117.07466888, -8.942121509999936 ], [ 117.074531540000066, -8.942168229999879 ], [ 117.074351790000037, -8.942172729999868 ], [ 117.074305090000166, -8.942173899999887 ], [ 117.07430267999996, -8.942173959999934 ], [ 117.074234010000168, -8.942200649999961 ], [ 117.074195880000161, -8.942207329999917 ], [ 117.074086869999974, -8.942263339999954 ], [ 117.07398987, -8.942313189999879 ], [ 117.07369996, -8.942351339999902 ], [ 117.073279579999962, -8.942540509999958 ], [ 117.073051459999988, -8.942643169999826 ], [ 117.072957840000072, -8.942671070000017 ], [ 117.072753900000066, -8.942731859999867 ], [ 117.072585839999988, -8.942782710000017 ], [ 117.072463980000066, -8.942819579999934 ], [ 117.07239200000015, -8.942860079999946 ], [ 117.072113039999977, -8.943017009999949 ], [ 117.071934430000056, -8.94310258999991 ], [ 117.071838380000145, -8.943148619999931 ], [ 117.071680389999983, -8.943225249999955 ], [ 117.071647650000159, -8.943241129999933 ], [ 117.071105959999954, -8.94354245999989 ], [ 117.070709210000132, -8.943746559999909 ], [ 117.070510870000135, -8.943921089999947 ], [ 117.070411130000025, -8.944001879999917 ], [ 117.070320140000149, -8.944075569999939 ], [ 117.070198050000158, -8.944179519999921 ], [ 117.069999710000047, -8.9443969699999 ], [ 117.069847110000069, -8.944563860000017 ], [ 117.069786059999956, -8.944678319999923 ], [ 117.069602970000119, -8.944883339999933 ], [ 117.069535429999974, -8.944957229999886 ], [ 117.069450400000051, -8.945050260000016 ], [ 117.069424300000037, -8.945065909999926 ], [ 117.069297800000072, -8.945141779999858 ], [ 117.0691835, -8.945249189999913 ], [ 117.06909179000013, -8.945335380000017 ], [ 117.068945190000022, -8.94544207999985 ], [ 117.068878179999956, -8.945490859999893 ], [ 117.068557729999952, -8.945673949999957 ], [ 117.068389870000146, -8.945740709999882 ], [ 117.068145749999985, -8.945840840000017 ], [ 117.068015820000028, -8.945900729999892 ], [ 117.067901610000035, -8.94595336999987 ], [ 117.067778719999978, -8.946019200000023 ], [ 117.067741370000135, -8.946039209999867 ], [ 117.067482000000155, -8.946251869999912 ], [ 117.06736375000014, -8.946395029999906 ], [ 117.067360170000143, -8.946399369999938 ], [ 117.067359910000164, -8.946399679999956 ], [ 117.067359910000164, -8.946461669999849 ], [ 117.067359910000164, -8.946528389999855 ], [ 117.067359910000164, -8.946587579999857 ], [ 117.067329400000062, -8.947159769999871 ], [ 117.067443860000139, -8.947709109999948 ], [ 117.06746634000001, -8.947825780000016 ], [ 117.067489610000052, -8.94794654999987 ], [ 117.067489610000052, -8.948092209999913 ], [ 117.067489610000052, -8.948273649999919 ], [ 117.067470230000026, -8.94847061999991 ], [ 117.067466710000076, -8.948506359999897 ], [ 117.067375200000015, -8.948734299999956 ], [ 117.067298880000067, -8.949458119999861 ], [ 117.067260730000157, -8.949646939999866 ], [ 117.067253110000024, -8.949898719999908 ], [ 117.06721496, -8.95015715999989 ], [ 117.06721496, -8.950244909999867 ], [ 117.067218619999949, -8.950259979999885 ], [ 117.06722260000015, -8.950276389999885 ], [ 117.06721496, -8.950357439999948 ], [ 117.06722260000015, -8.950546279999855 ], [ 117.067276010000114, -8.95146082999986 ], [ 117.06739043000016, -8.952375399999937 ], [ 117.067372409999962, -8.952514029999861 ], [ 117.067344680000133, -8.95272733999991 ], [ 117.067335080000021, -8.952897519999908 ], [ 117.067329400000062, -8.952998179999952 ], [ 117.067344680000133, -8.953373929999941 ], [ 117.067359910000164, -8.953662879999911 ], [ 117.06738894, -8.954014019999875 ], [ 117.06739043000016, -8.954031959999952 ], [ 117.06739043000016, -8.954396249999888 ], [ 117.067413500000157, -8.954615899999851 ], [ 117.067428579999955, -8.954759599999932 ], [ 117.067422650000026, -8.954889 ], [ 117.067413330000136, -8.955092429999866 ], [ 117.067420269999957, -8.955275189999952 ], [ 117.067428579999955, -8.955493929999932 ], [ 117.067504900000017, -8.956157689999884 ], [ 117.067588800000067, -8.956645949999881 ], [ 117.067581180000161, -8.956984519999935 ], [ 117.06758613, -8.957029219999868 ], [ 117.067611700000043, -8.957260119999887 ], [ 117.067609270000162, -8.957364209999866 ], [ 117.067604060000122, -8.957587239999953 ], [ 117.067634570000109, -8.957861899999955 ], [ 117.0676757, -8.958030229999849 ], [ 117.06769562, -8.958111749999944 ], [ 117.067706870000052, -8.958168149999892 ], [ 117.067756650000092, -8.958417889999851 ], [ 117.067789479999988, -8.958623049999858 ], [ 117.067817679999962, -8.958799369999895 ], [ 117.067894000000138, -8.959054949999882 ], [ 117.067932130000031, -8.959305739999934 ], [ 117.067931840000028, -8.959311209999953 ], [ 117.067924510000125, -8.959449779999886 ], [ 117.067970280000054, -8.960039139999878 ], [ 117.067991399999983, -8.960112029999948 ], [ 117.068069470000069, -8.960381499999869 ], [ 117.068109820000018, -8.960550779999949 ], [ 117.068138110000064, -8.960669499999881 ], [ 117.068186180000112, -8.960914509999952 ], [ 117.068206780000082, -8.961019529999817 ], [ 117.068231780000019, -8.961096439999949 ], [ 117.068305970000097, -8.961324699999921 ], [ 117.068370360000131, -8.961658239999906 ], [ 117.068374640000116, -8.961680409999872 ], [ 117.06837965, -8.961708689999909 ], [ 117.068435669999985, -8.962024679999956 ], [ 117.068496720000098, -8.962280279999959 ], [ 117.068495989999974, -8.962309559999881 ], [ 117.068489060000161, -8.962588309999944 ], [ 117.068580630000042, -8.963019359999919 ], [ 117.068636140000081, -8.96329549 ], [ 117.068687430000068, -8.963550569999882 ], [ 117.068753239999978, -8.963891439999941 ], [ 117.068756099999973, -8.963906269999939 ], [ 117.068759929999942, -8.963930869999899 ], [ 117.068809510000051, -8.964249600000016 ], [ 117.068840030000047, -8.964560499999948 ], [ 117.068893440000011, -8.964816109999958 ], [ 117.068893780000053, -8.964817719999928 ], [ 117.068946849999975, -8.965070719999915 ], [ 117.068977370000084, -8.965410229999918 ], [ 117.06892917000016, -8.965578079999943 ], [ 117.068870570000058, -8.96578215999989 ], [ 117.069004210000116, -8.965973559999895 ], [ 117.069038370000158, -8.966022479999879 ], [ 117.06914917000006, -8.966239569999914 ], [ 117.069412220000117, -8.966754929999922 ], [ 117.069486420000089, -8.967113419999919 ], [ 117.069564809999974, -8.967492099999959 ], [ 117.069600010000045, -8.967559729999948 ], [ 117.069625870000095, -8.967609419999917 ], [ 117.069839470000147, -8.968050969999922 ], [ 117.06986712000014, -8.968147279999926 ], [ 117.069953909999981, -8.968449589999864 ], [ 117.070014940000078, -8.969017039999926 ], [ 117.070034010000086, -8.969836659999885 ], [ 117.070037840000055, -8.970001229999923 ], [ 117.070048329999963, -8.970069019999926 ], [ 117.070060710000121, -8.97014903999991 ], [ 117.070159900000021, -8.970626829999901 ], [ 117.070205700000088, -8.971093179999855 ], [ 117.070198050000158, -8.971834169999852 ], [ 117.070137030000069, -8.97289466999996 ], [ 117.070076, -8.973608 ], [ 117.070104430000015, -8.974129329999869 ], [ 117.070114129999979, -8.974307059999944 ], [ 117.070114109999963, -8.974307279999948 ], [ 117.07002258, -8.975262639999869 ], [ 117.07002258, -8.975617259999922 ], [ 117.07002258, -8.975902549999944 ], [ 117.070029230000046, -8.976425359999951 ], [ 117.070037840000055, -8.977103249999914 ], [ 117.070060710000121, -8.977305409999872 ], [ 117.070054219999975, -8.977361899999948 ], [ 117.070030220000149, -8.977570539999931 ], [ 117.069849009999984, -8.978419059999908 ], [ 117.069717390000164, -8.979035369999906 ], [ 117.069579800000156, -8.97929629999993 ], [ 117.069404599999984, -8.979628569999875 ], [ 117.069198610000058, -8.980051989999936 ], [ 117.069175550000068, -8.980162989999883 ], [ 117.069152840000015, -8.980272289999959 ], [ 117.069177950000153, -8.980434459999856 ], [ 117.069198610000058, -8.980567929999893 ], [ 117.06928275000007, -8.980800069999816 ], [ 117.06930540999997, -8.980862609999917 ], [ 117.069347350000044, -8.980988629999956 ], [ 117.069503780000105, -8.981458659999873 ], [ 117.069533510000042, -8.981558309999855 ], [ 117.06954191, -8.981586449999952 ], [ 117.069303830000081, -8.981884059999913 ], [ 117.069213870000112, -8.981996519999882 ], [ 117.06908417, -8.982642169999906 ], [ 117.068969730000163, -8.983547209999927 ], [ 117.068855340000027, -8.984111519999885 ], [ 117.068855280000093, -8.984111779999921 ], [ 117.068853370000056, -8.984116699999959 ], [ 117.068771380000044, -8.98432731999992 ], [ 117.068770670000163, -8.98432948999988 ], [ 117.068737059999989, -8.984431809999933 ], [ 117.068687430000068, -8.984582899999907 ], [ 117.068672190000029, -8.984821309999916 ], [ 117.068701619999956, -8.984910509999906 ], [ 117.068733220000126, -8.985006310000017 ], [ 117.068916309999963, -8.985256209999932 ], [ 117.069109090000097, -8.98542622999986 ], [ 117.069190970000136, -8.985498439999901 ], [ 117.069689460000177, -8.985932319999904 ], [ 117.069808960000046, -8.986036319999926 ], [ 117.069915760000072, -8.986200329999917 ], [ 117.069946300000083, -8.986554149999961 ], [ 117.069921740000041, -8.986669009999957 ], [ 117.069892880000111, -8.986804 ], [ 117.06973267, -8.987502119999931 ], [ 117.069754970000076, -8.987634529999923 ], [ 117.06977844000005, -8.987773899999866 ], [ 117.069814980000046, -8.987966379999932 ], [ 117.069831850000014, -8.988055229999873 ], [ 117.069839470000147, -8.988334649999899 ], [ 117.069772350000108, -8.988569139999868 ], [ 117.069702150000126, -8.988814349999927 ], [ 117.06947327, -8.989320749999877 ], [ 117.06911725000009, -8.989999909999938 ], [ 117.068801890000032, -8.990601519999871 ], [ 117.068672190000029, -8.990907659999891 ], [ 117.068565370000101, -8.991494189999855 ], [ 117.068595880000089, -8.992168419999871 ], [ 117.068595880000089, -8.992659579999895 ], [ 117.068458539999938, -8.993607519999898 ], [ 117.068411630000128, -8.993820130000017 ], [ 117.068367, -8.994022369999868 ], [ 117.068176269999981, -8.994537349999916 ], [ 117.068020530000126, -8.994884699999886 ], [ 117.067886349999981, -8.995183939999947 ], [ 117.06779481, -8.995448099999862 ], [ 117.06776764000017, -8.995644739999932 ], [ 117.06771088000005, -8.996055589999855 ], [ 117.067724080000062, -8.996193759999926 ], [ 117.06773376000001, -8.996294969999951 ], [ 117.067901610000035, -8.996901519999881 ], [ 117.068023700000026, -8.997296349999942 ], [ 117.068222070000047, -8.998191849999955 ], [ 117.068229680000172, -8.99849128999989 ], [ 117.068222100000071, -8.99860619999987 ], [ 117.068199169999957, -8.998953819999883 ], [ 117.067963680000162, -8.999316859999908 ], [ 117.067878710000059, -8.999447839999959 ], [ 117.067812030000027, -8.999492609999947 ], [ 117.067611700000043, -8.999627109999892 ], [ 117.067476810000016, -8.999678799999913 ], [ 117.067382810000026, -8.999714829999959 ], [ 117.067324570000096, -8.999725269999942 ], [ 117.067153930000131, -8.99975585999988 ], [ 117.06674957000007, -8.999660499999891 ], [ 117.066749150000078, -8.99966032999987 ], [ 117.066581710000037, -8.999593739999909 ], [ 117.066301810000027, -8.999560349999854 ], [ 117.066246050000018, -8.999553699999865 ], [ 117.065834050000035, -8.999618549999923 ], [ 117.065582270000164, -8.999734879999949 ], [ 117.065528060000133, -8.999784779999857 ], [ 117.06541441000013, -8.999889389999908 ], [ 117.065358100000026, -8.999971739999921 ], [ 117.065338129999986, -9.000000949999901 ], [ 117.065285020000033, -9.000071759999912 ], [ 117.065223710000168, -9.000153519999913 ], [ 117.065063470000041, -9.000663739999936 ], [ 117.065002439999944, -9.001055719999954 ], [ 117.065017679999983, -9.001190269999938 ], [ 117.065025340000034, -9.001257909999936 ], [ 117.065170289999969, -9.001475329999948 ], [ 117.065933210000026, -9.001873019999891 ], [ 117.066145950000077, -9.001994079999918 ], [ 117.066223150000042, -9.002038019999873 ], [ 117.06645965000007, -9.002289779999955 ], [ 117.06653594, -9.002442349999853 ], [ 117.066551220000065, -9.00274658 ], [ 117.066526650000128, -9.002851019999923 ], [ 117.066497809999987, -9.00297355999993 ], [ 117.066398619999973, -9.003104219999898 ], [ 117.0662102, -9.003184149999868 ], [ 117.066146870000125, -9.003211029999932 ], [ 117.065865550000126, -9.003240579999897 ], [ 117.065429699999981, -9.003286369999955 ], [ 117.06527522, -9.00334077999986 ], [ 117.065261839999948, -9.003345489999958 ], [ 117.065055850000135, -9.003538129999924 ], [ 117.065000029999965, -9.003686429999959 ], [ 117.064994820000038, -9.003700249999952 ], [ 117.064994830000046, -9.003700429999924 ], [ 117.065010060000077, -9.004010189999917 ], [ 117.064918540000122, -9.004350659999943 ], [ 117.064476020000143, -9.004847529999893 ], [ 117.064079279999987, -9.005383499999937 ], [ 117.06390381000017, -9.005714399999874 ], [ 117.063751239999988, -9.006201769999848 ], [ 117.063652049999973, -9.00657939999985 ], [ 117.063346880000154, -9.007559769999887 ], [ 117.063194280000062, -9.007942219999904 ], [ 117.063018810000131, -9.00832652999992 ], [ 117.06297823, -9.008395619999931 ], [ 117.06295775000001, -9.008430479999959 ], [ 117.062853065000013, -9.008611526999857 ], [ 117.06282044000011, -9.008667950000017 ], [ 117.062721249999981, -9.009059899999897 ], [ 117.062763460000156, -9.010025189999851 ], [ 117.062774669999953, -9.010281559999953 ], [ 117.062772490000043, -9.010391179999942 ], [ 117.062767020000138, -9.010666839999942 ], [ 117.062736510000036, -9.010907159999931 ], [ 117.06212008, -9.012024789999941 ], [ 117.061935410000046, -9.012359609999919 ], [ 117.061888360000012, -9.012429689999919 ], [ 117.061759940000115, -9.012620949999871 ], [ 117.061614579999969, -9.012804269999947 ], [ 117.061592080000082, -9.012832639999885 ], [ 117.061515800000166, -9.013094919999901 ], [ 117.061536547000173, -9.013266634999923 ], [ 117.06154000000015, -9.013295209999853 ], [ 117.06154633999995, -9.013347619999934 ], [ 117.061592080000082, -9.013475429999858 ], [ 117.06161547, -9.013494539999954 ], [ 117.062004080000065, -9.013812089999931 ], [ 117.0622778500001, -9.0140222899999 ], [ 117.062431339999989, -9.014140129999873 ], [ 117.062675480000166, -9.014408119999928 ], [ 117.062867390000065, -9.014806579999856 ], [ 117.062988270000119, -9.015057559999946 ], [ 117.063040770000157, -9.015283019999856 ], [ 117.063072220000095, -9.015418059999945 ], [ 117.063068560000147, -9.015449749999959 ], [ 117.06304932, -9.015616399999885 ], [ 117.062933860000044, -9.015852369999891 ], [ 117.062896730000148, -9.015928269999961 ], [ 117.062828490000015, -9.016048079999905 ], [ 117.06272889000013, -9.016222949999928 ], [ 117.062660220000112, -9.016428939999912 ], [ 117.062683100000072, -9.01678942999996 ], [ 117.062716145000081, -9.016893332999871 ], [ 117.062762847000045, -9.016969109999934 ], [ 117.06283849, -9.017118524999944 ], [ 117.062944389000108, -9.0174024129999 ], [ 117.063080544000059, -9.017686299999923 ], [ 117.063110801, -9.017910421999943 ], [ 117.063110801, -9.018254074999902 ], [ 117.063110801, -9.018702316999907 ], [ 117.063110801, -9.018941379999944 ], [ 117.063095673000021, -9.019225265999921 ], [ 117.06305994100012, -9.019514641999933 ], [ 117.063095100000055, -9.019778239999937 ], [ 117.063127490000056, -9.019847879999929 ], [ 117.06317141, -9.019942269999888 ], [ 117.063180770000031, -9.019951429999935 ], [ 117.063430779999976, -9.020195969999918 ], [ 117.063735960000145, -9.020249359999923 ], [ 117.06396484000004, -9.020301819999872 ], [ 117.064453129999947, -9.020440109999868 ], [ 117.064679703000138, -9.020515288999889 ], [ 117.064767364999966, -9.020517693999921 ], [ 117.065001856000094, -9.020517693999921 ], [ 117.065243911000152, -9.020547575999956 ], [ 117.065357373999973, -9.02058492999987 ], [ 117.065554044000123, -9.020689518999916 ], [ 117.065637250000123, -9.020726871999898 ], [ 117.065659943000128, -9.020779166999944 ], [ 117.065697764000106, -9.021048109999924 ], [ 117.06568263500003, -9.021190052999941 ], [ 117.065652378000095, -9.021324524999955 ], [ 117.065629685999966, -9.021451525999908 ], [ 117.065576736000025, -9.021600937999892 ], [ 117.065493530000026, -9.021720468999945 ], [ 117.065334680999968, -9.021810115999926 ], [ 117.06510019100017, -9.021877351999876 ], [ 117.064880828000014, -9.021907234999958 ], [ 117.064653902000032, -9.021929646999922 ], [ 117.064404283000158, -9.02194458799994 ], [ 117.064290819000121, -9.021974469999918 ], [ 117.064200049000078, -9.022026764999907 ], [ 117.064079021, -9.022123882999949 ], [ 117.064035096, -9.02215783399987 ], [ 117.064048770000113, -9.022211079999863 ], [ 117.064048970000158, -9.022211319999883 ], [ 117.064262399999961, -9.022472369999889 ], [ 117.06455252, -9.022671429999946 ], [ 117.064590439999961, -9.022697449999953 ], [ 117.064956670000015, -9.022871019999911 ], [ 117.065567010000109, -9.022974959999942 ], [ 117.065568890000122, -9.022975059999908 ], [ 117.0657678, -9.022985059999939 ], [ 117.06626891999997, -9.023010239999905 ], [ 117.066894280000156, -9.023055169999907 ], [ 117.066986070000098, -9.023061769999913 ], [ 117.066986280000151, -9.02306184999992 ], [ 117.066988440000159, -9.023062669999888 ], [ 117.067037242999959, -9.023081167999919 ], [ 117.06721496, -9.023148529999958 ], [ 117.067247650000127, -9.023236569999881 ], [ 117.067298880000067, -9.023374559999922 ], [ 117.067284220000147, -9.023499749999928 ], [ 117.067268389999981, -9.023634899999877 ], [ 117.067219950000094, -9.023790829999939 ], [ 117.067176830000108, -9.02392959999986 ], [ 117.067119874000014, -9.024043057999904 ], [ 117.06693268000015, -9.024415949999934 ], [ 117.06671598000014, -9.024782459999926 ], [ 117.066429140000082, -9.025267589999885 ], [ 117.06616656000017, -9.025725489999957 ], [ 117.066075792000106, -9.025883771999872 ], [ 117.065971389999959, -9.026065829999936 ], [ 117.065327450000041, -9.027134829999852 ], [ 117.065238939999972, -9.027281759999937 ], [ 117.065015639999956, -9.027699019999886 ], [ 117.064941390000058, -9.027837769999906 ], [ 117.064903250000043, -9.028062809999881 ], [ 117.064904555000112, -9.028072700999928 ], [ 117.06491782, -9.028173229999879 ], [ 117.064926150000019, -9.028236369999945 ], [ 117.064973790000067, -9.028305689999911 ], [ 117.065010060000077, -9.028358459999936 ], [ 117.065185550000024, -9.028445239999826 ], [ 117.06526752000002, -9.028463679999902 ], [ 117.06541441000013, -9.028496739999923 ], [ 117.065711970000052, -9.028479569999888 ], [ 117.066150733999962, -9.028442790999861 ], [ 117.066220725999983, -9.028436923999948 ], [ 117.066337570000087, -9.028427129999898 ], [ 117.066500390000101, -9.028434149999953 ], [ 117.06675721, -9.028445239999826 ], [ 117.067108150000081, -9.028549189999922 ], [ 117.067420970000057, -9.028722749999872 ], [ 117.067531120000126, -9.028895919999911 ], [ 117.067619339999965, -9.029034619999891 ], [ 117.06769562, -9.029300669999884 ], [ 117.06771088000005, -9.029500949999942 ], [ 117.067400572000111, -9.03059501599995 ], [ 117.067375200000015, -9.030684469999926 ], [ 117.066970839999954, -9.031084069999849 ], [ 117.066935590000071, -9.031109599999922 ], [ 117.06663513, -9.031327239999882 ], [ 117.066236969999977, -9.031437349999862 ], [ 117.06613158000016, -9.031466489999957 ], [ 117.065818799999988, -9.031536109999934 ], [ 117.065716520000024, -9.031529049999961 ], [ 117.06530761, -9.031500829999857 ], [ 117.06490019, -9.031525949999889 ], [ 117.064735400000018, -9.031536109999934 ], [ 117.064453129999947, -9.031605719999959 ], [ 117.06436378, -9.031658649999883 ], [ 117.06427765, -9.031709669999941 ], [ 117.064239500000099, -9.031935699999906 ], [ 117.064346320000027, -9.032126429999948 ], [ 117.064537050000013, -9.032299989999899 ], [ 117.064712520000171, -9.03242207999989 ], [ 117.064956670000015, -9.032490719999885 ], [ 117.065125920000014, -9.032545979999952 ], [ 117.065330510000081, -9.032612779999852 ], [ 117.065643320000049, -9.03271674999985 ], [ 117.065940850000175, -9.032942759999912 ], [ 117.066169740000078, -9.033150659999933 ], [ 117.06644517999996, -9.033399789999862 ], [ 117.066688539999973, -9.033619889999954 ], [ 117.067054740000117, -9.034001349999926 ], [ 117.06740571, -9.034400939999955 ], [ 117.06752776999997, -9.034765259999858 ], [ 117.067512510000142, -9.035008429999948 ], [ 117.067500220000056, -9.035036359999935 ], [ 117.067428579999955, -9.035199159999877 ], [ 117.067405249999979, -9.035223844999905 ], [ 117.067270020000024, -9.035366929999896 ], [ 117.06721496, -9.03542519999985 ], [ 117.066864010000131, -9.035668369999883 ], [ 117.066439690000038, -9.03589661999996 ], [ 117.066185000000132, -9.036033629999906 ], [ 117.066047680000111, -9.036207219999881 ], [ 117.065994270000147, -9.03641510999995 ], [ 117.06600861000004, -9.036545509999939 ], [ 117.066024780000021, -9.036692619999826 ], [ 117.066034910000099, -9.036761789999957 ], [ 117.066047680000111, -9.036849039999879 ], [ 117.066098249999982, -9.036946759999921 ], [ 117.066146870000125, -9.037040719999936 ], [ 117.066307060000099, -9.037231439999914 ], [ 117.066313770000079, -9.037237429999948 ], [ 117.066520709999963, -9.037422169999957 ], [ 117.066641530000084, -9.037546039999938 ], [ 117.066673280000032, -9.037578589999953 ], [ 117.066718543000093, -9.037687357999914 ], [ 117.066810600000167, -9.0379085699999 ], [ 117.066826030000016, -9.038189329999852 ], [ 117.066833500000143, -9.038325309999891 ], [ 117.066833500000143, -9.038446790999956 ], [ 117.06674919000011, -9.038641071999905 ], [ 117.066643291000105, -9.038768066999864 ], [ 117.06646931399996, -9.03892494299987 ], [ 117.066287773, -9.039104229999907 ], [ 117.066174308999962, -9.039298456999859 ], [ 117.066045717999941, -9.039515094999956 ], [ 117.066000332000044, -9.039589797999895 ], [ 117.065924690000088, -9.039761613999929 ], [ 117.065841484000089, -9.039911018999931 ], [ 117.065773406000176, -9.040090304999921 ], [ 117.06573558499997, -9.040269591999959 ], [ 117.065773406000176, -9.040426466999861 ], [ 117.065871741000024, -9.040575871999863 ], [ 117.065992768, -9.040747687999954 ], [ 117.066105794000123, -9.040814660999899 ], [ 117.06623839000008, -9.0409822499999 ], [ 117.066256040000098, -9.040997129999937 ], [ 117.066444400000023, -9.041155809999907 ], [ 117.06654224, -9.041366949999883 ], [ 117.066589349999958, -9.041468629999827 ], [ 117.066615036000144, -9.041533539999875 ], [ 117.066658029999985, -9.041642189999891 ], [ 117.066658029999985, -9.041832939999949 ], [ 117.066658029999985, -9.042058949999955 ], [ 117.066589349999958, -9.042336459999888 ], [ 117.066467269999976, -9.042510019999952 ], [ 117.066375550000089, -9.042569539999874 ], [ 117.066307060000099, -9.042613989999836 ], [ 117.066170449999959, -9.042651559999911 ], [ 117.066116330000114, -9.042666439999948 ], [ 117.06611591, -9.042666339999926 ], [ 117.066075470000101, -9.042656409999893 ], [ 117.065969065000104, -9.042630280999958 ], [ 117.065902720000054, -9.042613989999836 ], [ 117.065536500000121, -9.042475689999947 ], [ 117.065185550000024, -9.042388929999959 ], [ 117.064957140000161, -9.042303929999946 ], [ 117.06485748, -9.042266839999911 ], [ 117.06443787000012, -9.042058949999955 ], [ 117.064071669999976, -9.041851049999934 ], [ 117.064069970000105, -9.04185064 ], [ 117.064025106000031, -9.041839625999899 ], [ 117.063973122, -9.041815930999917 ], [ 117.063700810000114, -9.041741228999911 ], [ 117.063602476000142, -9.041756168999939 ], [ 117.063534398, -9.041793520999931 ], [ 117.063413370000148, -9.041898103999927 ], [ 117.063330164000149, -9.042054977999953 ], [ 117.063322599000116, -9.042211852999856 ], [ 117.063322599000116, -9.042316435999908 ], [ 117.063322599000116, -9.042473309999934 ], [ 117.063322599000116, -9.042689945999939 ], [ 117.063322599000116, -9.042876700999898 ], [ 117.063337728000079, -9.043093336999959 ], [ 117.063345292, -9.043272621999961 ], [ 117.063367985000014, -9.043444435999902 ], [ 117.063398241999948, -9.043676011999878 ], [ 117.063375549000057, -9.04385529699988 ], [ 117.063358711999967, -9.043988313999876 ], [ 117.063352856000051, -9.044004699999959 ], [ 117.063299906999987, -9.04413169299994 ], [ 117.063201572000139, -9.044266155999935 ], [ 117.063059170000088, -9.044313033999913 ], [ 117.062996639999938, -9.044297399999948 ], [ 117.062866210000152, -9.044264789999943 ], [ 117.062852626000108, -9.044259849999946 ], [ 117.062617430000159, -9.04417430999996 ], [ 117.062530520000109, -9.044142710000017 ], [ 117.06212617000017, -9.043952 ], [ 117.06191734000015, -9.043850579999912 ], [ 117.06166076, -9.043725969999912 ], [ 117.060874760000047, -9.043403839999939 ], [ 117.060729980000133, -9.043344509999883 ], [ 117.060325620000071, -9.043153759999939 ], [ 117.059663269999987, -9.042945329999895 ], [ 117.059661870000014, -9.042944889999944 ], [ 117.059394666000117, -9.042944889999944 ], [ 117.059387210000068, -9.042944889999944 ], [ 117.059384779999959, -9.042945379999935 ], [ 117.059211740000137, -9.042980189999923 ], [ 117.0591551, -9.043020799999908 ], [ 117.059066759999951, -9.043084139999849 ], [ 117.05901469000014, -9.043184769999925 ], [ 117.058967570000164, -9.043275839999922 ], [ 117.05893562000017, -9.043370109999955 ], [ 117.058891280000012, -9.043500909999864 ], [ 117.058825, -9.043709969999952 ], [ 117.0587921, -9.043813719999889 ], [ 117.058688869999969, -9.0439814799999 ], [ 117.058631910000031, -9.044074059999957 ], [ 117.058403020000128, -9.044490819999908 ], [ 117.058355659999961, -9.044656599999939 ], [ 117.058330926000053, -9.044743167999911 ], [ 117.058330216000172, -9.044744246999869 ], [ 117.058269701999961, -9.044893649999892 ], [ 117.058194060000119, -9.045050523999919 ], [ 117.058171367000114, -9.045259687999931 ], [ 117.058277266, -9.045431500999882 ], [ 117.058360473000107, -9.04549126299986 ], [ 117.058398294000085, -9.045506202999945 ], [ 117.058647913000073, -9.045640665999883 ], [ 117.058788999000058, -9.045717072999935 ], [ 117.059158320000051, -9.046018590000017 ], [ 117.059222890000115, -9.046073399999898 ], [ 117.059486400000083, -9.046297069999923 ], [ 117.059550019999961, -9.04641592999991 ], [ 117.059616069999947, -9.046539329999916 ], [ 117.059631350000018, -9.046765309999955 ], [ 117.059577940000167, -9.046956069999908 ], [ 117.059577539999964, -9.046956319999936 ], [ 117.059467796000149, -9.047028186999853 ], [ 117.059417720000056, -9.047060979999912 ], [ 117.059296590000031, -9.047122109999918 ], [ 117.059211740000137, -9.047164929999894 ], [ 117.059146740000074, -9.04719654999991 ], [ 117.058998109999948, -9.047268879999876 ], [ 117.058760919999941, -9.047381949999931 ], [ 117.058670060000054, -9.047425269999849 ], [ 117.058303840000121, -9.047564519999924 ], [ 117.05796164000003, -9.047694259999901 ], [ 117.057903496, -9.047716310999931 ], [ 117.057846070000096, -9.047738089999882 ], [ 117.057807240000102, -9.047760949999827 ], [ 117.057373060000032, -9.048016559999951 ], [ 117.057310629999961, -9.048063819999925 ], [ 117.05723572, -9.048120509999933 ], [ 117.057167049999975, -9.048294069999884 ], [ 117.05715793000013, -9.048356469999874 ], [ 117.057144180000023, -9.048450489999937 ], [ 117.057158230000027, -9.048557119999884 ], [ 117.057167049999975, -9.048624049999944 ], [ 117.057167306, -9.048624760999871 ], [ 117.05728303, -9.048946189999924 ], [ 117.057304390000013, -9.049005509999859 ], [ 117.057319650000068, -9.049144739999917 ], [ 117.057319650000068, -9.04938793999986 ], [ 117.057300260000034, -9.049597489999883 ], [ 117.057289794000098, -9.049710528999924 ], [ 117.05728911000017, -9.049717919999921 ], [ 117.057253690000039, -9.049845599999912 ], [ 117.057197570000085, -9.050047879999852 ], [ 117.057144180000023, -9.050255769999922 ], [ 117.057058500000039, -9.050433449999957 ], [ 117.05697632, -9.050603859999853 ], [ 117.056800849999945, -9.050951009999892 ], [ 117.05665018000002, -9.051342869999871 ], [ 117.056640610000159, -9.05136774999994 ], [ 117.056587219999983, -9.051628119999862 ], [ 117.056578619999982, -9.051774949999924 ], [ 117.056571960000156, -9.05188845999993 ], [ 117.056571960000156, -9.052201249999939 ], [ 117.056571960000156, -9.052565569999899 ], [ 117.056577690000154, -9.052656879999915 ], [ 117.056587219999983, -9.052808769999956 ], [ 117.056480400000055, -9.052982329999907 ], [ 117.056383220000157, -9.053015749999929 ], [ 117.056327819999979, -9.053034799999921 ], [ 117.056326610000156, -9.053034499999967 ], [ 117.056281799999965, -9.053023489999873 ], [ 117.05611419000013, -9.052982329999907 ], [ 117.056041820000019, -9.05290000999986 ], [ 117.05596160000016, -9.052808769999956 ], [ 117.055884480000145, -9.052727939999897 ], [ 117.055763230000025, -9.052600869999878 ], [ 117.05567276, -9.052413719999947 ], [ 117.055595420000031, -9.052253719999953 ], [ 117.055419920000077, -9.051905629999908 ], [ 117.055384750000144, -9.051809809999895 ], [ 117.055343610000136, -9.051697729999944 ], [ 117.055209410000089, -9.051645089999852 ], [ 117.055122389999951, -9.051610949999883 ], [ 117.055121060000033, -9.051611349999916 ], [ 117.054893480000032, -9.051680559999852 ], [ 117.054816159999973, -9.051725859999863 ], [ 117.05463103600016, -9.051834304999886 ], [ 117.05462647000013, -9.051836979999905 ], [ 117.054489129999979, -9.052010539999912 ], [ 117.054416609999976, -9.052212 ], [ 117.054351809999957, -9.052392 ], [ 117.05422975, -9.052670479999961 ], [ 117.054196520000119, -9.052720669999928 ], [ 117.05413818, -9.052808769999956 ], [ 117.053947450000123, -9.052913659999945 ], [ 117.053910287000122, -9.052941774999852 ], [ 117.05364992, -9.05313874999996 ], [ 117.053527840000015, -9.053451529999904 ], [ 117.053519700000038, -9.053599849999955 ], [ 117.053497320000133, -9.054007519999914 ], [ 117.05350615600014, -9.054178154999931 ], [ 117.053512579999961, -9.054302219999954 ], [ 117.053565970000136, -9.054410459999872 ], [ 117.053581249999979, -9.054441449999956 ], [ 117.053595930000142, -9.054458099999977 ], [ 117.053688050000119, -9.054562569999916 ], [ 117.053789690000031, -9.054577649999942 ], [ 117.053810110000086, -9.054580679999901 ], [ 117.053947450000123, -9.054580679999901 ], [ 117.05394845, -9.054580349999867 ], [ 117.053968720000057, -9.054573749999861 ], [ 117.054161079999972, -9.054511059999925 ], [ 117.054424707000067, -9.054435893999937 ], [ 117.054649360000099, -9.054371839999874 ], [ 117.055068979999987, -9.054267889999892 ], [ 117.055419920000077, -9.054198279999923 ], [ 117.05578612, -9.054094329999941 ], [ 117.05639649, -9.053885459999947 ], [ 117.056545180000057, -9.053869839999891 ], [ 117.05673218000004, -9.053850189999878 ], [ 117.05704499, -9.05397224 ], [ 117.057127, -9.054145 ], [ 117.057250980000049, -9.054406169999936 ], [ 117.057391510000116, -9.05503103999996 ], [ 117.057411200000161, -9.055118559999926 ], [ 117.05753325000012, -9.055343639999876 ], [ 117.057815549999987, -9.055500039999856 ], [ 117.057892750000065, -9.055518339999878 ], [ 117.058036800000082, -9.055552489999855 ], [ 117.058107840000048, -9.055547919999924 ], [ 117.058319089999941, -9.055534349999959 ], [ 117.058525700000018, -9.055504040000017 ], [ 117.058670060000054, -9.055482869999878 ], [ 117.05879811, -9.055455699999925 ], [ 117.058998109999948, -9.055413259999909 ], [ 117.059000149999974, -9.055413419999923 ], [ 117.059211730000129, -9.055430399999864 ], [ 117.059371950000013, -9.055551539999954 ], [ 117.059425369999985, -9.055812829999923 ], [ 117.059371950000013, -9.056055059999949 ], [ 117.059338970000113, -9.056168029999924 ], [ 117.059295670000097, -9.056316369999934 ], [ 117.059003440000083, -9.056718149999938 ], [ 117.058967570000164, -9.056767469999954 ], [ 117.058915719999959, -9.056806789999882 ], [ 117.058738710000057, -9.056941029999905 ], [ 117.058688340000117, -9.056953969999938 ], [ 117.058601390000035, -9.056976309999868 ], [ 117.058387739999944, -9.056923859999927 ], [ 117.058255460000169, -9.056840259999944 ], [ 117.058250420000149, -9.056837079999923 ], [ 117.058245610000085, -9.056833959999949 ], [ 117.058090210000046, -9.056733129999941 ], [ 117.057914740000115, -9.056524269999954 ], [ 117.057548539999971, -9.056142809999926 ], [ 117.057304390000013, -9.056020729999943 ], [ 117.05704499, -9.05595204999986 ], [ 117.056800849999945, -9.056020729999943 ], [ 117.056704230000037, -9.056107429999884 ], [ 117.056587219999983, -9.056212419999952 ], [ 117.056573979999939, -9.056318 ], [ 117.05655671, -9.056455619999895 ], [ 117.056571960000156, -9.056802749999918 ], [ 117.056625380000128, -9.057253839999873 ], [ 117.056650550000086, -9.05738944999996 ], [ 117.05670927999995, -9.057705879999958 ], [ 117.056740430000104, -9.057883019999849 ], [ 117.056785570000102, -9.058139789999871 ], [ 117.056800849999945, -9.058660519999876 ], [ 117.056800849999945, -9.058851229999959 ], [ 117.056738130000099, -9.058939189999933 ], [ 117.056625380000128, -9.059097299999905 ], [ 117.05629731, -9.059390069999949 ], [ 117.05607606, -9.059618959999852 ], [ 117.055862410000032, -9.059786809999935 ], [ 117.055580139999961, -9.059940329999904 ], [ 117.0554022, -9.060027149999883 ], [ 117.055107110000108, -9.060171119999893 ], [ 117.054595950000135, -9.060432429999935 ], [ 117.05429455, -9.060571099999947 ], [ 117.053878780000105, -9.060762389999923 ], [ 117.053810600000133, -9.060788789999947 ], [ 117.053565970000136, -9.060883529999955 ], [ 117.053565150000054, -9.060883629999864 ], [ 117.053533710000124, -9.060887559999856 ], [ 117.053283690000058, -9.060918809999862 ], [ 117.05226899000013, -9.06114386999991 ], [ 117.052168189999975, -9.061207319999937 ], [ 117.052047750000156, -9.061283129999879 ], [ 117.051843070000018, -9.061516079999933 ], [ 117.051834100000065, -9.061526299999855 ], [ 117.051831910000033, -9.061538079999934 ], [ 117.05175019, -9.061978339999939 ], [ 117.051709860000074, -9.062106409999899 ], [ 117.05167391000009, -9.062220569999909 ], [ 117.051628110000024, -9.062544819999914 ], [ 117.051628110000024, -9.062635569999884 ], [ 117.051628020999942, -9.062791456999889 ], [ 117.051696780000043, -9.063206331999936 ], [ 117.05181884000001, -9.063536311999883 ], [ 117.051878239999951, -9.063617611999859 ], [ 117.051971439999988, -9.063745151999854 ], [ 117.052151360000153, -9.063920581999923 ], [ 117.052238450000118, -9.064005491999922 ], [ 117.05229719, -9.06402406199993 ], [ 117.052513110000064, -9.064092301999892 ], [ 117.052795410000158, -9.064092301999892 ], [ 117.052989979000017, -9.064044303999935 ], [ 117.053014737000126, -9.06403072199987 ], [ 117.053021724000018, -9.064027271999919 ], [ 117.053066686000079, -9.063993670999935 ], [ 117.053114306999987, -9.063952344999848 ], [ 117.053189344999964, -9.063908168999944 ], [ 117.053244181000082, -9.063872542999945 ], [ 117.053306231999954, -9.063828366999928 ], [ 117.053371169000116, -9.0637841919999 ], [ 117.053421676000085, -9.063749990999895 ], [ 117.053493829000104, -9.063712939999959 ], [ 117.053542892, -9.063670188999879 ], [ 117.053599170999973, -9.063603212999851 ], [ 117.053666993999968, -9.063517710999861 ], [ 117.053736261000154, -9.063442183999939 ], [ 117.053830059, -9.063333881999938 ], [ 117.053936844000077, -9.063185678999957 ], [ 117.054049402000146, -9.063071675999936 ], [ 117.05427451800017, -9.062946272999852 ], [ 117.054522722000115, -9.062897821999911 ], [ 117.054808445000162, -9.062914921999891 ], [ 117.055013358, -9.062960523999948 ], [ 117.055186523999964, -9.063034624999943 ], [ 117.055377006000072, -9.063182828999857 ], [ 117.055506881000042, -9.063362382999912 ], [ 117.055607894, -9.063607487999946 ], [ 117.055659844000047, -9.063832642999898 ], [ 117.05570866700009, -9.064262374999942 ], [ 117.055726223999955, -9.064416903999927 ], [ 117.055731995999963, -9.064773160999948 ], [ 117.055743541000083, -9.064978363999955 ], [ 117.055717566, -9.065103766999925 ], [ 117.055645412999979, -9.06531466999985 ], [ 117.055538628000136, -9.065562623999881 ], [ 117.055426070000067, -9.06577922699995 ], [ 117.055258676, -9.066047130999891 ], [ 117.055053764000149, -9.066337835999889 ], [ 117.054923888999951, -9.066503137999916 ], [ 117.054808445000162, -9.06662568899992 ], [ 117.054730521000124, -9.066694089999885 ], [ 117.054623262999939, -9.06674464199989 ], [ 117.05460353300009, -9.066753940999945 ], [ 117.054564376000144, -9.0667557189999 ], [ 117.054352441999981, -9.066765340999893 ], [ 117.054121553999948, -9.066736840999852 ], [ 117.05387335, -9.0666655899999 ], [ 117.053671323, -9.066614288999915 ], [ 117.053469297, -9.066551587999925 ], [ 117.05331344800004, -9.066551587999925 ], [ 117.053221092000058, -9.066594338999892 ], [ 117.053099876000147, -9.066657039999939 ], [ 117.052972888000113, -9.066699789999916 ], [ 117.052793950000023, -9.066765340999893 ], [ 117.0527102530001, -9.06684514199992 ], [ 117.0527102530001, -9.066939192999882 ], [ 117.052716025999985, -9.066961993999939 ], [ 117.052690051000013, -9.067016143999865 ], [ 117.052551518000087, -9.067080269999849 ], [ 117.052503898000055, -9.067100219999929 ], [ 117.052408656000125, -9.067175745999918 ], [ 117.052391340000099, -9.067316822999885 ], [ 117.05243607400007, -9.067489248999948 ], [ 117.052606353999977, -9.06762035099996 ], [ 117.052707367000039, -9.06772295199994 ], [ 117.052909394000153, -9.067891102999909 ], [ 117.053105649000145, -9.067970903999935 ], [ 117.053379828000175, -9.068130505999875 ], [ 117.053483726999957, -9.068324306999955 ], [ 117.053495271999964, -9.068446857999959 ], [ 117.053374056000052, -9.068657759999894 ], [ 117.053255726000089, -9.068774610999867 ], [ 117.053105649000145, -9.068934211999931 ], [ 117.052929597, -9.069051061999858 ], [ 117.05262655699994, -9.069139412999959 ], [ 117.052072426, -9.069273363999855 ], [ 117.051524068000163, -9.069370263999872 ], [ 117.051319154999987, -9.069444364999868 ], [ 117.051085381, -9.069404463999945 ], [ 117.051033825, -9.069373018999954 ], [ 117.05098725400012, -9.069344613999874 ], [ 117.050941076000072, -9.069250563999901 ], [ 117.050923760000046, -9.069139412999959 ], [ 117.050923760000046, -9.069005461999893 ], [ 117.05095460300015, -9.068827117999888 ], [ 117.050975709999989, -9.06857510899988 ], [ 117.050969937, -9.068424057999948 ], [ 117.050915101999976, -9.068221705999861 ], [ 117.050788113000067, -9.068033604999869 ], [ 117.050580314000058, -9.06789680299994 ], [ 117.050421579000158, -9.06788255299989 ], [ 117.050179147000108, -9.0680393049999 ], [ 117.050005981000027, -9.068159005999917 ], [ 117.049743346000014, -9.068261606999897 ], [ 117.049567294999974, -9.068384157999901 ], [ 117.049316204000093, -9.068640659999915 ], [ 117.048863086999972, -9.069227762999901 ], [ 117.048695694, -9.069495664999863 ], [ 117.048493667000116, -9.06982626599995 ], [ 117.048280096000099, -9.070219567999914 ], [ 117.04826277899997, -9.070413367999947 ], [ 117.048240266, -9.070566208999878 ], [ 117.048216602000025, -9.070726868999941 ], [ 117.048037664000162, -9.071308268999928 ], [ 117.047927992000155, -9.071570468999937 ], [ 117.047740396, -9.072080617999859 ], [ 117.047694218000174, -9.0722601679999 ], [ 117.047639382000057, -9.072476766999955 ], [ 117.04761778500017, -9.072641565999902 ], [ 117.047607634999963, -9.072719015999951 ], [ 117.047624952000092, -9.072778865999908 ], [ 117.047757712000021, -9.072855814999912 ], [ 117.047985714000106, -9.072952714999929 ], [ 117.048213715000088, -9.073015414999929 ], [ 117.048577364000039, -9.073098063999851 ], [ 117.048984303, -9.073263362999853 ], [ 117.049163241000088, -9.073363112999857 ], [ 117.049388357000112, -9.073544086999902 ], [ 117.049402786999963, -9.073602510999933 ], [ 117.049399454999957, -9.073635051999872 ], [ 117.049389800000085, -9.073729334999939 ], [ 117.049364659000048, -9.073781532999931 ], [ 117.049333521, -9.073846184999923 ], [ 117.049264255000139, -9.07392455899992 ], [ 117.049183443999937, -9.074012907999872 ], [ 117.049122836000038, -9.074106957999959 ], [ 117.049010277999969, -9.074320705999924 ], [ 117.048811137000143, -9.074607127999911 ], [ 117.048743314000035, -9.074665552999875 ], [ 117.04852685700007, -9.074776701999951 ], [ 117.048108373, -9.074966224999912 ], [ 117.047969840000064, -9.07503177399991 ], [ 117.047759155000108, -9.075071673999901 ], [ 117.047571559000062, -9.07510587299987 ], [ 117.047473289999971, -9.075113256999884 ], [ 117.047306037999988, -9.075125822999951 ], [ 117.047060720000104, -9.075154322999936 ], [ 117.046890440000084, -9.075248371999862 ], [ 117.046789427000135, -9.075390869999922 ], [ 117.046673983, -9.075581817999932 ], [ 117.046596058999967, -9.075787014999946 ], [ 117.046420007000165, -9.075975112999856 ], [ 117.046316107000052, -9.076129010999921 ], [ 117.046284359999959, -9.076280058999885 ], [ 117.046405576000097, -9.076391206999915 ], [ 117.046454669000013, -9.076405368999929 ], [ 117.046662439000102, -9.076465305999932 ], [ 117.046876010000119, -9.076513754999951 ], [ 117.047069378000174, -9.076482405999911 ], [ 117.047239657999967, -9.076442505999921 ], [ 117.047389735000024, -9.076408306999951 ], [ 117.047548470000152, -9.076422556999944 ], [ 117.047718750000058, -9.076522304999855 ], [ 117.047854397000151, -9.076704701999915 ], [ 117.047897688000148, -9.076964047999923 ], [ 117.04782986500004, -9.077445689999877 ], [ 117.047806776000016, -9.077502688999857 ], [ 117.047764928000106, -9.077573937999887 ], [ 117.047667868999952, -9.077659911999945 ], [ 117.04756578699994, -9.077750634999859 ], [ 117.04740705200004, -9.077927331999945 ], [ 117.047343556999976, -9.078052728999921 ], [ 117.047187708000138, -9.078323473999944 ], [ 117.047014543000159, -9.078602768999929 ], [ 117.04660471700015, -9.07918700599987 ], [ 117.046379601000012, -9.079466299999922 ], [ 117.045738917000108, -9.080519803999948 ], [ 117.045486440000104, -9.080801979999933 ], [ 117.045320740000079, -9.080990559999918 ], [ 117.045120259999976, -9.081218719999924 ], [ 117.044994550000069, -9.081345579999947 ], [ 117.044914250000147, -9.081426619999945 ], [ 117.044827970000142, -9.081504029999905 ], [ 117.044700620000071, -9.081618289999881 ], [ 117.044387810000103, -9.081843379999953 ], [ 117.044090250000067, -9.082086549999872 ], [ 117.044044360000157, -9.082167839999954 ], [ 117.043952940000054, -9.082329749999928 ], [ 117.043884270000035, -9.082538589999899 ], [ 117.043846860000144, -9.082777169999929 ], [ 117.043846140000028, -9.082781789999956 ], [ 117.043846140000028, -9.083367951999946 ], [ 117.043846140000028, -9.083372109999857 ], [ 117.043844880000165, -9.083414809999908 ], [ 117.043835038999987, -9.083750804999909 ], [ 117.043836951000117, -9.083840922999912 ], [ 117.043831178000119, -9.08417721099994 ], [ 117.043823963000136, -9.084252732999914 ], [ 117.04383619500004, -9.084360338999943 ], [ 117.04383983699995, -9.084392377999905 ], [ 117.043884571000149, -9.084688766999932 ], [ 117.043904774000112, -9.084896808999872 ], [ 117.043945179000161, -9.085084901999892 ], [ 117.043991357000095, -9.085238795999942 ], [ 117.044051965, -9.085347091999949 ], [ 117.044082781000043, -9.085402192999879 ], [ 117.044158749999951, -9.08553803399991 ], [ 117.04423956100004, -9.08574322599992 ], [ 117.044337688000041, -9.085988315999884 ], [ 117.044392524000159, -9.086367349999875 ], [ 117.044412727000122, -9.086589640999875 ], [ 117.044421384999964, -9.086877477999906 ], [ 117.044387810000103, -9.087087639999879 ], [ 117.044372046000035, -9.087126066999872 ], [ 117.044281009999963, -9.087347979999947 ], [ 117.044143670000153, -9.08757401999992 ], [ 117.044000737000147, -9.087778126999922 ], [ 117.043792938000138, -9.087997566999945 ], [ 117.043634202000135, -9.088151459999892 ], [ 117.043484125000077, -9.088285402999873 ], [ 117.043420631000117, -9.088336700999946 ], [ 117.043335491, -9.088407946999951 ], [ 117.043218604, -9.088480618999938 ], [ 117.043121491000079, -9.088511594999943 ], [ 117.043013334000079, -9.088530094999953 ], [ 117.04297978, -9.088535834999902 ], [ 117.042865779000067, -9.088595681999948 ], [ 117.042750334999937, -9.088695426999948 ], [ 117.042683955000143, -9.088789472999906 ], [ 117.042655094000111, -9.088931965999905 ], [ 117.042646436000155, -9.089120055999899 ], [ 117.042632005000087, -9.089268248999929 ], [ 117.042695500000036, -9.089456338999923 ], [ 117.042822487999956, -9.089584582999919 ], [ 117.043025958000044, -9.089732774999902 ], [ 117.043156553000131, -9.089862442999959 ], [ 117.043164820000015, -9.089872968999941 ], [ 117.043183971000076, -9.089897353999902 ], [ 117.043194073, -9.089926564999928 ], [ 117.043197680000048, -9.089979286999949 ], [ 117.043178921000049, -9.090028446999952 ], [ 117.043141400999957, -9.090113942999892 ], [ 117.043086566000056, -9.090193738999915 ], [ 117.04300286900002, -9.090256434999958 ], [ 117.042922058000158, -9.090282083999853 ], [ 117.042829859999983, -9.090282083999853 ], [ 117.042806614000028, -9.090282083999853 ], [ 117.042653651000023, -9.090296332999912 ], [ 117.042541092999954, -9.090321981999864 ], [ 117.042365042000142, -9.090367578999917 ], [ 117.04215724300002, -9.090438825999854 ], [ 117.041989849000061, -9.090544269999896 ], [ 117.041906152000138, -9.0907152609999 ], [ 117.041836886000056, -9.090937548999932 ], [ 117.041634858999942, -9.091342225999938 ], [ 117.041603111999962, -9.0914676189999 ], [ 117.041614655999979, -9.091610110999909 ], [ 117.041631973000108, -9.091838097999926 ], [ 117.041675264999981, -9.091976314999897 ], [ 117.041724327999987, -9.092227099999945 ], [ 117.041731321000157, -9.092251651999959 ], [ 117.041776278000043, -9.092409489999852 ], [ 117.041828228000099, -9.092617526999959 ], [ 117.041952330000072, -9.092979455999853 ], [ 117.042018709999979, -9.093101997999952 ], [ 117.042113951000033, -9.093312884999932 ], [ 117.042197647999956, -9.093563669999867 ], [ 117.042313092000086, -9.093837251999958 ], [ 117.042500688000132, -9.094079486999931 ], [ 117.042679626, -9.09445851299995 ], [ 117.042783525, -9.094760592999876 ], [ 117.042740234, -9.095327704999931 ], [ 117.042718908999973, -9.095380346999889 ], [ 117.04266519600003, -9.09551294299996 ], [ 117.042642107, -9.095695329999955 ], [ 117.042760437000084, -9.095960361999857 ], [ 117.042821045000096, -9.096108551999862 ], [ 117.043024513999967, -9.096278114999848 ], [ 117.043212111000116, -9.096375007999882 ], [ 117.043411996000032, -9.096418951999851 ], [ 117.043594518000077, -9.096459077999896 ], [ 117.04379365900013, -9.096490424999899 ], [ 117.043937964000065, -9.096587318999923 ], [ 117.044050522000134, -9.096721258999935 ], [ 117.044092370000044, -9.096828125999878 ], [ 117.044105358000024, -9.09694924299987 ], [ 117.044083011999987, -9.097076397999899 ], [ 117.044060319999971, -9.097166025999854 ], [ 117.043992242000058, -9.09724071699992 ], [ 117.04388634299994, -9.09730046999988 ], [ 117.043765315000087, -9.097382628999924 ], [ 117.043621595000104, -9.097442381999883 ], [ 117.043545953000034, -9.097487195999861 ], [ 117.04344005400003, -9.097532010999942 ], [ 117.043349283000111, -9.097569355999951 ], [ 117.043300306, -9.097608044999959 ], [ 117.043235921000132, -9.097643166999887 ], [ 117.043150781, -9.097730085999899 ], [ 117.043097388000092, -9.097831252999924 ], [ 117.043054096999981, -9.098016489999907 ], [ 117.043039666000141, -9.098198875999856 ], [ 117.042953084000033, -9.098381261999862 ], [ 117.042713538000157, -9.098492403999899 ], [ 117.042443688000048, -9.098536574999912 ], [ 117.042270522000081, -9.098573622999879 ], [ 117.04217897, -9.098592576999863 ], [ 117.041733708000038, -9.098684763999927 ], [ 117.041485503999979, -9.098718960999918 ], [ 117.041283477000093, -9.098741759999939 ], [ 117.041038158999982, -9.098747458999867 ], [ 117.040784182000039, -9.098696162999886 ], [ 117.040530205999971, -9.098653415999934 ], [ 117.04046449000009, -9.098640125999907 ], [ 117.040290660000096, -9.098604969999826 ], [ 117.04005832900009, -9.098623493999924 ], [ 117.03983898599995, -9.098794480999857 ], [ 117.039735085999951, -9.099005363999936 ], [ 117.039700453000137, -9.09930174099992 ], [ 117.039781264, -9.099495525999941 ], [ 117.039968860000045, -9.099697859999935 ], [ 117.040137289999961, -9.099914788999911 ], [ 117.040712841999948, -9.100520159999917 ], [ 117.040542579999965, -9.10072898999988 ], [ 117.04045106, -9.100854869999921 ], [ 117.04042353, -9.100876379999931 ], [ 117.040420550000135, -9.100878709999904 ], [ 117.040267920000133, -9.101034159999926 ], [ 117.040195575000098, -9.101115721999918 ], [ 117.040187651, -9.101164232999906 ], [ 117.040187651, -9.101219002999926 ], [ 117.040198744000122, -9.101298810999936 ], [ 117.040225685999985, -9.101384878999909 ], [ 117.040257383000039, -9.101461557999926 ], [ 117.04028432500013, -9.101561708999952 ], [ 117.040327114999968, -9.101652471999898 ], [ 117.040359490000014, -9.101694119999877 ], [ 117.040512090000107, -9.102063199999861 ], [ 117.040557860000149, -9.102206249999881 ], [ 117.040496830000052, -9.102515219999873 ], [ 117.040390010000124, -9.102711679999857 ], [ 117.040328980000027, -9.102770799999917 ], [ 117.040229636000163, -9.102861270999938 ], [ 117.040215385000124, -9.102862894999873 ], [ 117.040031546000137, -9.102897321999876 ], [ 117.039885742000138, -9.102944266999941 ], [ 117.039844112000083, -9.102972916999931 ], [ 117.03967654600001, -9.103088234999859 ], [ 117.039648522999983, -9.103122115999895 ], [ 117.039521233000073, -9.10327601799986 ], [ 117.039435653000055, -9.103426244999923 ], [ 117.039359580999985, -9.103538913999955 ], [ 117.039318376000097, -9.103689140999961 ], [ 117.039331055000162, -9.103811199999882 ], [ 117.039327885000034, -9.10396455599988 ], [ 117.039274001000081, -9.104102262999902 ], [ 117.039125028000058, -9.104265007999913 ], [ 117.038957037000159, -9.104286915999921 ], [ 117.038795385000071, -9.104277526999851 ], [ 117.038624224000046, -9.104277526999851 ], [ 117.03852913500009, -9.104293175999885 ], [ 117.038310429000035, -9.104321342999924 ], [ 117.038091723999969, -9.104327602999888 ], [ 117.037838152999939, -9.10434012099995 ], [ 117.037112741999977, -9.104415285999892 ], [ 117.036926260000087, -9.104421619999869 ], [ 117.036682120000137, -9.104483589999859 ], [ 117.036491390000151, -9.104612349999854 ], [ 117.036331180000161, -9.104811659999882 ], [ 117.036293020000016, -9.105049129999941 ], [ 117.03612519, -9.105477349999944 ], [ 117.036033620000126, -9.105518339999946 ], [ 117.035858149999967, -9.105476389999922 ], [ 117.035728450000079, -9.105363829999931 ], [ 117.03545379000002, -9.105134029999931 ], [ 117.035331730000053, -9.105113039999878 ], [ 117.035049429999958, -9.105168359999936 ], [ 117.034988400000088, -9.105235099999959 ], [ 117.034866320000106, -9.105297089999908 ], [ 117.034744260000139, -9.10526751999987 ], [ 117.034461960000044, -9.105237969999905 ], [ 117.03386688, -9.105278979999923 ], [ 117.033599859999981, -9.105354299999931 ], [ 117.033157350000124, -9.105421059999856 ], [ 117.03296659, -9.105490669999938 ], [ 117.032554620000155, -9.105639449999899 ], [ 117.03235627000015, -9.105626109999889 ], [ 117.032127390000028, -9.105668059999914 ], [ 117.031829830000106, -9.105840679999858 ], [ 117.03163910000012, -9.105906489999882 ], [ 117.031059270000128, -9.105760569999916 ], [ 117.030403129999968, -9.105704299999957 ], [ 117.030044549999957, -9.105805399999952 ], [ 117.029945389999966, -9.105959909999854 ], [ 117.029853819999971, -9.106060979999882 ], [ 117.029739380000137, -9.106005659999937 ], [ 117.029685960000165, -9.105904579999901 ], [ 117.029655450000064, -9.105738639999856 ], [ 117.029571550000128, -9.105645179999954 ], [ 117.029441819999988, -9.105616579999889 ], [ 117.028633110000101, -9.105657589999907 ], [ 117.028388960000143, -9.105654709999953 ], [ 117.028114309999978, -9.105600359999869 ], [ 117.02735900000016, -9.105383869999912 ], [ 117.027252200000021, -9.105356209999911 ], [ 117.027023320000126, -9.105437259999917 ], [ 117.02683259000014, -9.1055965299999 ], [ 117.026672370000028, -9.105716709999911 ], [ 117.02653503, -9.105721469999935 ], [ 117.0262756300001, -9.105682369999897 ], [ 117.026100159999942, -9.105675699999892 ], [ 117.0259552, -9.105655679999927 ], [ 117.025703440000143, -9.105653769999947 ], [ 117.024963380000031, -9.105615639999883 ], [ 117.024833670000135, -9.105569839999873 ], [ 117.024742110000034, -9.105498319999867 ], [ 117.024711620000176, -9.10539912999991 ], [ 117.02482606, -9.105116829999929 ], [ 117.025177, -9.104685779999954 ], [ 117.025215130000106, -9.104578949999905 ], [ 117.025123610000151, -9.103973399999916 ], [ 117.025077820000092, -9.103767389999916 ], [ 117.02502443000003, -9.10348796999989 ], [ 117.024543760000142, -9.102750779999894 ], [ 117.024101270000074, -9.102369319999866 ], [ 117.02375794000011, -9.102145189999931 ], [ 117.02334597000015, -9.1020412499999 ], [ 117.022842400000059, -9.101980219999916 ], [ 117.022636420000026, -9.101974489999918 ], [ 117.021891660000051, -9.102014149999889 ], [ 117.021835320000037, -9.102017399999909 ], [ 117.021156300000143, -9.102270129999852 ], [ 117.020973220000087, -9.102400769999917 ], [ 117.020851130000096, -9.102468479999914 ], [ 117.020637500000021, -9.102704039999878 ], [ 117.020594579999965, -9.102745419999906 ], [ 117.020477290000031, -9.102858539999943 ], [ 117.020225530000062, -9.103133199999945 ], [ 117.020156860000043, -9.103307729999926 ], [ 117.020118700000126, -9.103627189999941 ], [ 117.020141599999988, -9.104123119999883 ], [ 117.020530700000108, -9.104820249999932 ], [ 117.020439130000113, -9.104954709999959 ], [ 117.020057670000028, -9.105383869999912 ], [ 117.019866950000051, -9.105511659999934 ], [ 117.019630440000014, -9.105607029999931 ], [ 117.019454970000083, -9.105649949999929 ], [ 117.01937104000001, -9.105774879999956 ], [ 117.019363399999975, -9.105966579999915 ], [ 117.019325269999968, -9.10636425999985 ], [ 117.019042950000085, -9.106835359999934 ], [ 117.018867480000154, -9.106961239999862 ], [ 117.018814089999978, -9.107094759999882 ], [ 117.018684390000089, -9.107423799999935 ], [ 117.018524169999978, -9.107677459999877 ], [ 117.018424990000085, -9.107844349999937 ], [ 117.018302930000118, -9.107949239999925 ], [ 117.018196129999978, -9.107945449999931 ], [ 117.018012990000102, -9.107965469999897 ], [ 117.017868030000045, -9.108096109999906 ], [ 117.017814620000081, -9.108243 ], [ 117.017761230000019, -9.108316439999896 ], [ 117.017570480000131, -9.108321199999921 ], [ 117.017295819999958, -9.108374589999926 ], [ 117.017150890000039, -9.10851477999995 ], [ 117.016937259999963, -9.108715039999936 ], [ 117.016742765000117, -9.108897379999917 ], [ 117.016704557000139, -9.108923554999933 ], [ 117.016490606000048, -9.10906751899995 ], [ 117.016285371000095, -9.109207571999946 ], [ 117.016192659000012, -9.109261558999947 ], [ 117.016150662000086, -9.109289725999872 ], [ 117.016082514000118, -9.109317109999949 ], [ 117.016011197000125, -9.109306156999878 ], [ 117.015954144000148, -9.109279553999897 ], [ 117.015892335999979, -9.109268600999883 ], [ 117.015834489999975, -9.109277206999934 ], [ 117.015771889, -9.109301461999848 ], [ 117.015670461000013, -9.109348406999914 ], [ 117.015589635000083, -9.109380485999907 ], [ 117.015551599000105, -9.109405523999953 ], [ 117.015489790999936, -9.109450120999895 ], [ 117.015468396000074, -9.109486894999918 ], [ 117.015429568000059, -9.109543228999883 ], [ 117.015421643999957, -9.109554182999887 ], [ 117.015401041000132, -9.109578437999858 ], [ 117.01535983600013, -9.109605821999935 ], [ 117.015307192000023, -9.109621641999922 ], [ 117.01530515900015, -9.109622252999941 ], [ 117.015233842000043, -9.109619905999921 ], [ 117.015198184000042, -9.10959095599992 ], [ 117.015172827000015, -9.109543228999883 ], [ 117.015153016000113, -9.10949471899994 ], [ 117.015125054000123, -9.109449130999906 ], [ 117.015118943000061, -9.109439167999881 ], [ 117.015050795000093, -9.109378920999859 ], [ 117.014961253000138, -9.10934371299993 ], [ 117.014874879999979, -9.109328063999953 ], [ 117.014827336000167, -9.109356230999879 ], [ 117.014798809000013, -9.109389092999947 ], [ 117.014738586000135, -9.109436037999899 ], [ 117.014701912000078, -9.109451879999881 ], [ 117.014687871000092, -9.10945794599985 ], [ 117.014656175000141, -9.10946263999989 ], [ 117.014619724, -9.109434472999851 ], [ 117.014580103000071, -9.109370314999865 ], [ 117.014521465000144, -9.109320239999931 ], [ 117.014466819000063, -9.109264934999942 ], [ 117.014458072000139, -9.109256081999945 ], [ 117.014413697000123, -9.10923886899991 ], [ 117.014350304000118, -9.10923886899991 ], [ 117.014286911000113, -9.109246692999875 ], [ 117.014236196999946, -9.109265470999901 ], [ 117.014168049999967, -9.10929363799994 ], [ 117.014110996, -9.109335887999862 ], [ 117.014063093, -9.109354436999922 ], [ 117.014030170000069, -9.109367184999883 ], [ 117.013955683999939, -9.109368749999931 ], [ 117.01391130900015, -9.109340582999891 ], [ 117.013879612000096, -9.109287378999852 ], [ 117.013870103000045, -9.10923886899991 ], [ 117.013863764, -9.109198182999933 ], [ 117.01386163799998, -9.109176491999904 ], [ 117.013859010000147, -9.109149672999934 ], [ 117.01383682200003, -9.109118376999902 ], [ 117.013817804000155, -9.109101162999934 ], [ 117.01370686700011, -9.109116811999854 ], [ 117.013656128999969, -9.109118183999897 ], [ 117.013591175000101, -9.10911994099996 ], [ 117.013483407000081, -9.109108987999946 ], [ 117.013400996000087, -9.10906517199993 ], [ 117.013359790999971, -9.109038569999882 ], [ 117.013310661, -9.108996318999914 ], [ 117.013267871000153, -9.1089368559999 ], [ 117.013259472000072, -9.10892630099994 ], [ 117.013233004999961, -9.108893039999941 ], [ 117.013191799999959, -9.108864872999902 ], [ 117.013145840000107, -9.108842964999951 ], [ 117.013077692000138, -9.108832011999937 ], [ 117.013008238999987, -9.108855958999868 ], [ 117.012977848999981, -9.10886643799995 ], [ 117.012930304000065, -9.108902428999897 ], [ 117.012906531999988, -9.108914947999949 ], [ 117.01286691100006, -9.108943114999875 ], [ 117.012836800000059, -9.10896032799991 ], [ 117.012806687999955, -9.108969716999866 ], [ 117.012752804000115, -9.108952503999944 ], [ 117.012722692000125, -9.1089368559999 ], [ 117.012697334999984, -9.108911817999854 ], [ 117.012665639000033, -9.108883650999928 ], [ 117.012622849000081, -9.10888678099991 ], [ 117.012592737000091, -9.108894604999875 ], [ 117.012567380000064, -9.108899299999905 ], [ 117.01252459, -9.108913382999901 ], [ 117.012470706000045, -9.108908688999861 ], [ 117.012429031000011, -9.108885984999858 ], [ 117.012424745999965, -9.108883650999928 ], [ 117.012388295000051, -9.108853918999955 ], [ 117.012331242000073, -9.108819492999942 ], [ 117.012315223999963, -9.108822043999908 ], [ 117.012282112000094, -9.108827316999907 ], [ 117.012248831000079, -9.108863307999854 ], [ 117.012215550000064, -9.108911817999854 ], [ 117.012169589999985, -9.108952503999944 ], [ 117.012099858000056, -9.108988494999892 ], [ 117.012017447000062, -9.108979105999936 ], [ 117.011954053999943, -9.108925901999953 ], [ 117.011922358000106, -9.108888345999958 ], [ 117.01192105500013, -9.10888617199987 ], [ 117.011910617000126, -9.108868748999953 ], [ 117.011789233000059, -9.108666138999865 ], [ 117.011729009000078, -9.108497136999915 ], [ 117.011716331, -9.108359430999883 ], [ 117.011716331, -9.108253021999872 ], [ 117.011732179000091, -9.10814661299986 ], [ 117.011757536, -9.108030814999893 ], [ 117.011846286000036, -9.107990128999916 ], [ 117.011878804000048, -9.107978396999897 ], [ 117.012011108000024, -9.107930664999856 ], [ 117.012087179, -9.107821125999862 ], [ 117.012042803999975, -9.107714716999851 ], [ 117.011997690000157, -9.107621172999927 ], [ 117.01197941099997, -9.107583269999907 ], [ 117.011843116000136, -9.107398618999923 ], [ 117.01163075, -9.1071044279999 ], [ 117.011313786000073, -9.106775810999864 ], [ 117.010958785999946, -9.106550472999913 ], [ 117.010670348000076, -9.106531694999944 ], [ 117.010496018000026, -9.106588029999898 ], [ 117.01028999100015, -9.106703827999866 ], [ 117.010175884000091, -9.106888479999952 ], [ 117.010099813000011, -9.107079390999957 ], [ 117.010011062999979, -9.107307857999956 ], [ 117.009893786000134, -9.107630215999905 ], [ 117.009684589000017, -9.107774180999911 ], [ 117.009475393000116, -9.107764791999898 ], [ 117.009240839000086, -9.107658382999887 ], [ 117.009076017999973, -9.107458082999926 ], [ 117.008860482000046, -9.107141984999885 ], [ 117.008768563, -9.106863441999849 ], [ 117.008629098000142, -9.10655986199987 ], [ 117.008597401999964, -9.106290708999893 ], [ 117.008597401999964, -9.106246892999934 ], [ 117.008613250000053, -9.106068499999878 ], [ 117.008648116000131, -9.105927663999864 ], [ 117.008725772000162, -9.105858810999848 ], [ 117.008887424000022, -9.105797781999854 ], [ 117.008979343999954, -9.105782132999934 ], [ 117.009121978000053, -9.105743011999948 ], [ 117.009140997000145, -9.105662529999961 ], [ 117.009144165000066, -9.105649120999942 ], [ 117.009128316999977, -9.105591220999941 ], [ 117.009054509000066, -9.105535096999915 ], [ 117.008990437999955, -9.105486375999874 ], [ 117.008860482000046, -9.105464468999912 ], [ 117.008768563, -9.105439430999866 ], [ 117.008613250000053, -9.10540187499987 ], [ 117.008570460000101, -9.105362752999952 ], [ 117.008564121000177, -9.105270426999937 ], [ 117.008578383999975, -9.105215656999917 ], [ 117.008625929000118, -9.105185924999944 ], [ 117.008621966999954, -9.105092033999938 ], [ 117.008618797000054, -9.105052912999952 ], [ 117.008607703000052, -9.105005966999897 ], [ 117.008606117999989, -9.104959020999956 ], [ 117.008606117999989, -9.104905033999898 ], [ 117.008602948999965, -9.104859652999949 ], [ 117.008600570999988, -9.104827573999899 ], [ 117.008600570999988, -9.104793146999953 ], [ 117.008591854999963, -9.104757154999902 ], [ 117.00859423199995, -9.104715686999953 ], [ 117.008612458000016, -9.104684389999932 ], [ 117.008632268000042, -9.104657004999922 ], [ 117.008681397000146, -9.104635096999857 ], [ 117.008703585000148, -9.104594409999947 ], [ 117.008708339, -9.104541204999919 ], [ 117.00873924300015, -9.104481740999859 ], [ 117.008774109, -9.104438706999872 ], [ 117.008833332, -9.104406219999873 ], [ 117.008838295000146, -9.104403497999954 ], [ 117.008889801000123, -9.104379242999926 ], [ 117.008988059999979, -9.104368288999922 ], [ 117.009050660999947, -9.104360464999957 ], [ 117.009126732000141, -9.104307259999928 ], [ 117.009160014000031, -9.104243099999849 ], [ 117.009164768, -9.104169551999917 ], [ 117.009160014000031, -9.104106957999932 ], [ 117.009139410999978, -9.104030279999904 ], [ 117.009106129999964, -9.103947341999913 ], [ 117.009101010000109, -9.103917009999861 ], [ 117.009088697000038, -9.103844061999951 ], [ 117.009093451000126, -9.103809634999948 ], [ 117.009109298999988, -9.103745475999915 ], [ 117.009185371000058, -9.103687575999913 ], [ 117.009250348000023, -9.103637500999923 ], [ 117.009275704999936, -9.103601508999873 ], [ 117.009259856999961, -9.103549867999959 ], [ 117.009239255000125, -9.103490403999899 ], [ 117.009199634000083, -9.103451281999867 ], [ 117.009144165000066, -9.103432503999954 ], [ 117.009066509000036, -9.103445022999892 ], [ 117.008980929000018, -9.103462235999928 ], [ 117.008863651999945, -9.103498227999864 ], [ 117.008736866000163, -9.103507616999934 ], [ 117.008632268000042, -9.103495097999939 ], [ 117.008614358000159, -9.103483844999914 ], [ 117.008545103000074, -9.103440327999863 ], [ 117.008480125, -9.103343306999932 ], [ 117.008454768000092, -9.103255674999957 ], [ 117.008440505000067, -9.10319933999989 ], [ 117.008402468999975, -9.103164912999887 ], [ 117.008361263000097, -9.103136744999858 ], [ 117.00833590600007, -9.103133615999866 ], [ 117.008293116, -9.103150828999958 ], [ 117.008267758999978, -9.103227506999929 ], [ 117.008224055000142, -9.103323061999959 ], [ 117.008223383999962, -9.103324528999849 ], [ 117.008148896999955, -9.103383992999909 ], [ 117.008012603, -9.103388687999939 ], [ 117.007969812000169, -9.103363649999892 ], [ 117.007947974999979, -9.103336696999918 ], [ 117.007919098, -9.103301055999907 ], [ 117.007865214000162, -9.103213423999932 ], [ 117.007844563000162, -9.103169503999936 ], [ 117.007824009000046, -9.103125790999854 ], [ 117.007811329999981, -9.102966175999882 ], [ 117.007820839000146, -9.102862894999873 ], [ 117.007871553999962, -9.102737705999914 ], [ 117.007944455000029, -9.102662591999888 ], [ 117.008068071000025, -9.102584348999926 ], [ 117.008147313, -9.102506105999908 ], [ 117.00825508000014, -9.102387175999922 ], [ 117.008251911000116, -9.102315191999935 ], [ 117.008217045000038, -9.102190002999862 ], [ 117.008251911000116, -9.102083591999872 ], [ 117.008287308000149, -9.102053755999918 ], [ 117.00838186600015, -9.101974051999946 ], [ 117.008556195999972, -9.10198031099992 ], [ 117.00867030400002, -9.102002218999871 ], [ 117.008745583000064, -9.10202803999988 ], [ 117.008801844, -9.102046035999876 ], [ 117.008852557999944, -9.102051512999878 ], [ 117.008957155999951, -9.102010825999912 ], [ 117.009009455000069, -9.101970139999878 ], [ 117.00905224600001, -9.101902849999931 ], [ 117.009074433000137, -9.101791744999957 ], [ 117.009088697000038, -9.101652471999898 ], [ 117.009091866000063, -9.101469381999948 ], [ 117.009034813000085, -9.101337932999911 ], [ 117.008903272000111, -9.101276902999928 ], [ 117.008822447000057, -9.101328543999955 ], [ 117.008727357, -9.101342627999941 ], [ 117.008665549000057, -9.101322283999934 ], [ 117.008576799000139, -9.101287856999932 ], [ 117.008579969000039, -9.101168926999947 ], [ 117.008598987000028, -9.101078164999933 ], [ 117.008618005000017, -9.100984272999938 ], [ 117.008678228000122, -9.100931066999919 ], [ 117.008779656, -9.100884120999922 ], [ 117.008858897000096, -9.100837174999867 ], [ 117.008868406000033, -9.100746411999921 ], [ 117.008865237, -9.100524199999882 ], [ 117.008852557999944, -9.100555497999892 ], [ 117.008808183000156, -9.100261301999922 ], [ 117.00863702200013, -9.099829395999905 ], [ 117.008507067000096, -9.099635351999893 ], [ 117.008386621, -9.099481993999916 ], [ 117.008224969000025, -9.099253521999913 ], [ 117.00816157600002, -9.099162758999853 ], [ 117.007936531000155, -9.098912377999852 ], [ 117.007793897000056, -9.09871520299987 ], [ 117.007730504000051, -9.098621310999931 ], [ 117.007575192, -9.098555585999918 ], [ 117.007461085000045, -9.098533676999864 ], [ 117.007312112000022, -9.098552455999936 ], [ 117.007226531000015, -9.098458562999951 ], [ 117.007192457999963, -9.098416310999937 ], [ 117.007138574000123, -9.098350585999924 ], [ 117.007113216000107, -9.098272341999916 ], [ 117.007122725000158, -9.098172188999911 ], [ 117.007144913000161, -9.098050128999944 ], [ 117.007179779000012, -9.097956235999959 ], [ 117.007228908000116, -9.09787016699994 ], [ 117.007301809999944, -9.097818525999855 ], [ 117.007373127000051, -9.09778409799992 ], [ 117.007471386000134, -9.097744975999888 ], [ 117.007534779000139, -9.097719937999955 ], [ 117.007580739, -9.097680815999922 ], [ 117.007610850000106, -9.097627609999961 ], [ 117.007620359000043, -9.097590052999863 ], [ 117.007645715999956, -9.097525891999908 ], [ 117.007649679, -9.097449212999948 ], [ 117.007649679, -9.09736627399991 ], [ 117.007652848000021, -9.097261426999921 ], [ 117.007652848000021, -9.097187876999897 ], [ 117.007651262999957, -9.097108067999955 ], [ 117.007638585, -9.097026692999862 ], [ 117.007622737000133, -9.096945318999929 ], [ 117.007589455000016, -9.096862379999948 ], [ 117.007574248999958, -9.096833844999935 ], [ 117.007545469999968, -9.096779839999954 ], [ 117.007278450000058, -9.096344 ], [ 117.007057189999955, -9.096019719999958 ], [ 117.006462100000022, -9.095233909999877 ], [ 117.006217959999958, -9.094967859999883 ], [ 117.006050129999949, -9.094846719999907 ], [ 117.006012240000132, -9.094819794999921 ], [ 117.00597135199996, -9.094778724999856 ], [ 117.005736799000033, -9.094507997999926 ], [ 117.005495906000078, -9.094240399999933 ], [ 117.005255013000124, -9.094062000999884 ], [ 117.00520588400002, -9.094047916999955 ], [ 117.005091775999972, -9.094094863999942 ], [ 117.005015705, -9.094119902999921 ], [ 117.004926954999974, -9.094072955999934 ], [ 117.004896073000054, -9.093999771999904 ], [ 117.004879410000058, -9.093960282999944 ], [ 117.004870489000041, -9.093918752999855 ], [ 117.004857223000045, -9.093856998999911 ], [ 117.004835035000042, -9.093756845999849 ], [ 117.004768473000013, -9.093637912999895 ], [ 117.004511837999985, -9.093430257999955 ], [ 117.004426150999961, -9.093360924999956 ], [ 117.004354280000143, -9.093316684999877 ], [ 117.004182088999983, -9.093210693999879 ], [ 117.003950704999966, -9.093054203999941 ], [ 117.003782714000067, -9.092941530999894 ], [ 117.003557668999974, -9.09284607099994 ], [ 117.00342454400004, -9.092861720999906 ], [ 117.003383339000152, -9.092896147999909 ], [ 117.003275571000131, -9.092947789999926 ], [ 117.003197915000101, -9.092947789999926 ], [ 117.003123428000094, -9.092929011999956 ], [ 117.003071129000091, -9.092891453999925 ], [ 117.003002982, -9.092849200999922 ], [ 117.00293324900008, -9.092838246999918 ], [ 117.002869856999951, -9.092844506999882 ], [ 117.002801708999982, -9.092877369999826 ], [ 117.002768845999981, -9.092893990999869 ], [ 117.002736732000017, -9.092910232999884 ], [ 117.002659075000111, -9.092916491999915 ], [ 117.002615864000177, -9.092899157999852 ], [ 117.002608361000171, -9.092896147999909 ], [ 117.002570325000079, -9.092863284999908 ], [ 117.002532289999976, -9.092885193999848 ], [ 117.002520882999988, -9.092889455999853 ], [ 117.002473651000059, -9.092907102999902 ], [ 117.00237697700004, -9.092907102999902 ], [ 117.002341419000118, -9.092893448999916 ], [ 117.002290038000069, -9.092873717999908 ], [ 117.002262870000095, -9.092863284999908 ], [ 117.002189968000039, -9.092830421999849 ], [ 117.002105972999971, -9.092794429999913 ], [ 117.002007714000115, -9.092791299999931 ], [ 117.00191420900012, -9.092827292999857 ], [ 117.001815950000037, -9.092860155999915 ], [ 117.001712936999979, -9.092878934999874 ], [ 117.001664107000011, -9.092881176999924 ], [ 117.001576642000146, -9.092885193999848 ], [ 117.001492647000077, -9.092930575999901 ], [ 117.001485470000034, -9.092951244999938 ], [ 117.001473629000088, -9.0929853479999 ], [ 117.001451440999972, -9.093072982999956 ], [ 117.001418159999957, -9.09313557899992 ], [ 117.001392803000158, -9.093212258999927 ], [ 117.001324656000065, -9.093257641999855 ], [ 117.001196285, -9.093220083999938 ], [ 117.001128138000013, -9.09315592299987 ], [ 117.001066330000072, -9.093090196999867 ], [ 117.000998182000103, -9.09304794399992 ], [ 117.00087932100007, -9.093010386999936 ], [ 117.000801663999937, -9.093004126999858 ], [ 117.000736686999971, -9.092899277999891 ], [ 117.00069548099998, -9.092805383999917 ], [ 117.000657446000105, -9.092698969999901 ], [ 117.000557241000138, -9.092646405999915 ], [ 117.000505303000068, -9.092619159999913 ], [ 117.000299275999964, -9.092576907999955 ], [ 117.000077401, -9.092522135999957 ], [ 116.999920504000102, -9.092511180999907 ], [ 116.999892296000098, -9.092538441999864 ], [ 116.999846016999982, -9.09258316699993 ], [ 116.999825414000043, -9.092637938999928 ], [ 116.999815905, -9.092786604999958 ], [ 116.999766776, -9.092852330999904 ], [ 116.999510034999957, -9.09281477299993 ], [ 116.999174053000047, -9.0927021 ], [ 116.999122123, -9.092652721999912 ], [ 116.999002892000021, -9.092539349999925 ], [ 116.998972377999962, -9.092491642999903 ], [ 116.998926821000055, -9.092420416999857 ], [ 116.998847578999971, -9.092323392999958 ], [ 116.998698606000062, -9.092339041999878 ], [ 116.998527445000036, -9.092426675999945 ], [ 116.998318249000135, -9.092454844999907 ], [ 116.998118560999956, -9.092407897999919 ], [ 116.998077355999953, -9.09231087299986 ], [ 116.998010794000152, -9.092270185999951 ], [ 116.997896686, -9.092317132999938 ], [ 116.99772235599994, -9.092404767999938 ], [ 116.997478293999961, -9.092464233999863 ], [ 116.997316642000101, -9.092389118999961 ], [ 116.99713134000001, -9.092237489999945 ], [ 116.997110931999941, -9.09222820999986 ], [ 116.997012356000141, -9.092141862999938 ], [ 116.996682713000155, -9.091869568999869 ], [ 116.996642748000113, -9.091846397999916 ], [ 116.996337222000079, -9.09166925999989 ], [ 116.995995075999986, -9.09138172999991 ], [ 116.995890302000021, -9.091293680999911 ], [ 116.995620883000015, -9.091231084999947 ], [ 116.995357802000058, -9.091127800999857 ], [ 116.995249633999947, -9.091134475999866 ], [ 116.995205659000135, -9.091137189999927 ], [ 116.995167624000146, -9.091196656999955 ], [ 116.995154945000081, -9.091262382999901 ], [ 116.995069365000063, -9.091278031999934 ], [ 116.994980615000031, -9.091231084999947 ], [ 116.994898204000037, -9.091171617999919 ], [ 116.994780926999965, -9.091083982999862 ], [ 116.994704856, -9.090974438999865 ], [ 116.994674251999982, -9.09087370799989 ], [ 116.99466682000002, -9.090849245999891 ], [ 116.994631954000056, -9.09070214399992 ], [ 116.994587579000154, -9.090523742999892 ], [ 116.994590749000054, -9.090348472999949 ], [ 116.994600258000105, -9.090191980999862 ], [ 116.994603427000015, -9.090019839999854 ], [ 116.994486150000057, -9.089828919999945 ], [ 116.99428329300008, -9.08968181799986 ], [ 116.994102624000107, -9.08954097499992 ], [ 116.993966329000045, -9.089387612999928 ], [ 116.993753963000131, -9.089334404999875 ], [ 116.993601820000094, -9.089356313999929 ], [ 116.993468695000161, -9.089400131999923 ], [ 116.99336409700004, -9.08947837799991 ], [ 116.99323414100013, -9.089453338999874 ], [ 116.993180257000063, -9.089331274999893 ], [ 116.993180257000063, -9.089159133999942 ], [ 116.993192936000128, -9.089040199999886 ], [ 116.993262668000057, -9.088936914999863 ], [ 116.993297534000135, -9.088814850999881 ], [ 116.993294365000111, -9.088705305999952 ], [ 116.993246819999968, -9.088595761999954 ], [ 116.993215245000101, -9.088542311999902 ], [ 116.99315807000005, -9.088445528999955 ], [ 116.993097846999945, -9.088304684999855 ], [ 116.993066150000118, -9.088217049999912 ], [ 116.993053472000156, -9.088116893999938 ], [ 116.993054048999966, -9.088082124999914 ], [ 116.993056640999953, -9.087925972999869 ], [ 116.993094677000045, -9.087722532999919 ], [ 116.993253159, -9.087306260999924 ], [ 116.993326061000062, -9.087099690999935 ], [ 116.993341057999942, -9.087038084999961 ], [ 116.993392940000149, -9.086824965999938 ], [ 116.993405302000156, -9.086774184999911 ], [ 116.993392940000149, -9.086668760999942 ], [ 116.993380474, -9.086562453999932 ], [ 116.993370436000077, -9.086476846999915 ], [ 116.993215123000141, -9.086069963999876 ], [ 116.99308199799998, -9.085794535999923 ], [ 116.992977400000086, -9.085428339999908 ], [ 116.992856954000104, -9.085184209999852 ], [ 116.992736507000131, -9.085002676999864 ], [ 116.992536820000055, -9.08477106499987 ], [ 116.992273738999984, -9.084595791999959 ], [ 116.991947266000125, -9.084454946999927 ], [ 116.991570079000098, -9.084401738999873 ], [ 116.991503005000027, -9.084410741999932 ], [ 116.991344570000138, -9.084432005999872 ], [ 116.991243605000022, -9.084445557999857 ], [ 116.991043918000173, -9.084517544999869 ], [ 116.990834721000169, -9.084630220999941 ], [ 116.990511417999983, -9.084758545999932 ], [ 116.990229320000026, -9.084864961999926 ], [ 116.990013119999958, -9.08502102999995 ], [ 116.989807140000153, -9.085234629999945 ], [ 116.989700340000013, -9.085468279999816 ], [ 116.9894104, -9.086300859999881 ], [ 116.98915102, -9.086650859999907 ], [ 116.988693229999967, -9.087207789999866 ], [ 116.988662709999971, -9.087264059999939 ], [ 116.988647450000144, -9.087419509999904 ], [ 116.988677990000156, -9.087615 ], [ 116.988586430000055, -9.087768569999923 ], [ 116.988563530000079, -9.087851529999853 ], [ 116.988731380000104, -9.088036549999913 ], [ 116.988784789999954, -9.08811188999988 ], [ 116.988845820000165, -9.088258739999958 ], [ 116.988800050000123, -9.088532449999889 ], [ 116.98851014000013, -9.08880328999993 ], [ 116.988357540000038, -9.088991159999921 ], [ 116.988327020000042, -9.089057899999943 ], [ 116.98818207, -9.089173309999865 ], [ 116.987915030000067, -9.089256269999908 ], [ 116.987518310000155, -9.089211469999952 ], [ 116.987335200000075, -9.089146619999894 ], [ 116.987297040000044, -9.089057899999943 ], [ 116.987335200000075, -9.088909149999949 ], [ 116.987373349999984, -9.088722239999868 ], [ 116.987281810000127, -9.088696489999961 ], [ 116.987205519999975, -9.088764189999949 ], [ 116.986984249999978, -9.088945389999935 ], [ 116.986831680000137, -9.088918669999941 ], [ 116.986679080000158, -9.088802349999924 ], [ 116.986305240000092, -9.088447579999865 ], [ 116.986175539999977, -9.088391319999914 ], [ 116.986289980000038, -9.088680259999933 ], [ 116.986274720000097, -9.088832859999854 ], [ 116.986206050000078, -9.088853819999827 ], [ 116.986045839999974, -9.088809019999928 ], [ 116.985885619999976, -9.088787089999926 ], [ 116.985801700000025, -9.088906289999898 ], [ 116.985649120000176, -9.089009279999914 ], [ 116.985412600000132, -9.088965409999901 ], [ 116.98534392, -9.088893889999952 ], [ 116.984947180000177, -9.088507639999875 ], [ 116.984809870000049, -9.088389399999926 ], [ 116.98479461, -9.088297839999939 ], [ 116.98482515, -9.088091849999955 ], [ 116.984909050000056, -9.087913519999915 ], [ 116.985023520000141, -9.087709419999896 ], [ 116.985137939999959, -9.087496759999908 ], [ 116.98516845000006, -9.0873327299999 ], [ 116.985023520000141, -9.087212549999947 ], [ 116.984687810000082, -9.087043749999907 ], [ 116.984397890000082, -9.087014209999836 ], [ 116.984283450000135, -9.087070449999885 ], [ 116.984242149000011, -9.087099889999934 ], [ 116.98392487000001, -9.087326049999888 ], [ 116.983642570000029, -9.087316499999929 ], [ 116.9836578500001, -9.087269789999937 ], [ 116.983833320000031, -9.087120069999912 ], [ 116.984008789999962, -9.086970319999864 ], [ 116.98399351, -9.086791029999858 ], [ 116.983879090000073, -9.086696609999933 ], [ 116.983711240000048, -9.086666089999937 ], [ 116.983505250000121, -9.086671849999959 ], [ 116.983367910000084, -9.086743369999908 ], [ 116.983299260000081, -9.08673 ], [ 116.983184820000019, -9.086634639999886 ], [ 116.983100890000173, -9.086219779999851 ], [ 116.983047479999982, -9.086074829999916 ], [ 116.982986450000112, -9.085641859999896 ], [ 116.98289488, -9.085627549999856 ], [ 116.982704180000042, -9.085735319999912 ], [ 116.982597350000106, -9.085684779999895 ], [ 116.98238372000003, -9.085562699999912 ], [ 116.981979369999976, -9.085397719999946 ], [ 116.981941210000173, -9.085314760000017 ], [ 116.981910699999958, -9.085194589999958 ], [ 116.981803890000151, -9.085065829999849 ], [ 116.981704710000145, -9.084941859999958 ], [ 116.981742840000038, -9.084846499999912 ], [ 116.98189544000013, -9.084734929999911 ], [ 116.982025160000035, -9.08457183999991 ], [ 116.981979369999976, -9.084498409999867 ], [ 116.981864920000021, -9.08442687999991 ], [ 116.98143769, -9.084418299999925 ], [ 116.980926530000033, -9.08431816999996 ], [ 116.980865480000148, -9.084192289999862 ], [ 116.980911250000077, -9.084031109999955 ], [ 116.980857860000015, -9.083982479999918 ], [ 116.980728160000012, -9.083839439999906 ], [ 116.980590819999975, -9.083713529999955 ], [ 116.98007966, -9.083425499999919 ], [ 116.97991181000009, -9.083319669999867 ], [ 116.979812620000075, -9.083147989999873 ], [ 116.97979734, -9.083059329999912 ], [ 116.97969820000003, -9.082773209999857 ], [ 116.979484550000052, -9.082670199999939 ], [ 116.97908019, -9.082654969999851 ], [ 116.978126520000046, -9.082633959999896 ], [ 116.97701264, -9.082447049999871 ], [ 116.97693634999996, -9.082429879999893 ], [ 116.976249690000145, -9.082209599999942 ], [ 116.975425719999976, -9.081920609999941 ], [ 116.975372310000012, -9.081899639999961 ], [ 116.97511291, -9.081750869999951 ], [ 116.974746679999953, -9.081535349999854 ], [ 116.974235519999979, -9.081262579999873 ], [ 116.97385406, -9.081022259999941 ], [ 116.973823919999973, -9.080990559999918 ], [ 116.973373400000014, -9.080516809999949 ], [ 116.973121640000159, -9.080291759999909 ], [ 116.97290038999995, -9.080329889999859 ], [ 116.972816470000112, -9.080390919999957 ], [ 116.97265625, -9.080385189999902 ], [ 116.972549450000088, -9.080317489999914 ], [ 116.972381590000055, -9.080088629999864 ], [ 116.972198479999975, -9.079825409999955 ], [ 116.972190860000069, -9.079727169999899 ], [ 116.972084040000141, -9.079458239999951 ], [ 116.971946700000103, -9.079322809999951 ], [ 116.971748349999984, -9.079230299999892 ], [ 116.971511849999956, -9.07920074999987 ], [ 116.971420280000075, -9.079257959999893 ], [ 116.971069339999985, -9.079740519999859 ], [ 116.970962530000065, -9.079803459999937 ], [ 116.970825220000052, -9.079797749999955 ], [ 116.97052766000013, -9.079657549999922 ], [ 116.970436090000021, -9.079547869999885 ], [ 116.97036742, -9.079154009999911 ], [ 116.970451369999978, -9.078937529999848 ], [ 116.970535280000036, -9.078744889999882 ], [ 116.970596310000133, -9.078451159999929 ], [ 116.97061921, -9.078265189999911 ], [ 116.970611559999952, -9.078151709999929 ], [ 116.970596310000133, -9.078043 ], [ 116.970458990000111, -9.07791900999996 ], [ 116.970413200000053, -9.077891349999959 ], [ 116.97026062000009, -9.077867529999935 ], [ 116.970153820000064, -9.077896109999926 ], [ 116.970062249999955, -9.077921859999947 ], [ 116.96981811, -9.077987679999865 ], [ 116.969573990000072, -9.078012459999854 ], [ 116.969528220000029, -9.077984799999911 ], [ 116.96927643000015, -9.077410699999916 ], [ 116.969062810000082, -9.07721518999989 ], [ 116.968849200000136, -9.077004429999931 ], [ 116.968757630000027, -9.076877609999826 ], [ 116.968406689999938, -9.076539049999894 ], [ 116.968200700000125, -9.076380719999861 ], [ 116.968070980000107, -9.076154709999912 ], [ 116.968017560000021, -9.075984 ], [ 116.968002330000104, -9.075922969999908 ], [ 116.967887860000019, -9.075749389999942 ], [ 116.967453020000107, -9.075362199999859 ], [ 116.967170689999989, -9.075142859999914 ], [ 116.967056279999952, -9.074955929999931 ], [ 116.96681213, -9.074751849999927 ], [ 116.966560380000146, -9.074611660000016 ], [ 116.96583555999996, -9.074151039999947 ], [ 116.965774560000114, -9.074133869999855 ], [ 116.965522750000105, -9.073991759999899 ], [ 116.965393100000028, -9.073768089999874 ], [ 116.965370180000036, -9.073728539999877 ], [ 116.965423569999984, -9.073379509999882 ], [ 116.965568549999944, -9.073165909999943 ], [ 116.965660090000029, -9.073186869999915 ], [ 116.965972879999981, -9.072779629999957 ], [ 116.965988160000052, -9.072737679999875 ], [ 116.965995779999957, -9.072412489999863 ], [ 116.965919490000033, -9.072250369999892 ], [ 116.965522750000105, -9.071617119999871 ], [ 116.964859020000063, -9.070819839999899 ], [ 116.964096049999966, -9.069855699999891 ], [ 116.963569629999938, -9.069296839999936 ], [ 116.96346283000014, -9.069169049999914 ], [ 116.96292877999997, -9.06862069999994 ], [ 116.962532060000058, -9.068254469999943 ], [ 116.962478650000094, -9.068131449999953 ], [ 116.962364200000025, -9.067679409999869 ], [ 116.962318409999966, -9.067559229999858 ], [ 116.96219635, -9.067395219999867 ], [ 116.961921690000167, -9.067157759999873 ], [ 116.96135712, -9.0666837899999 ], [ 116.96131134999996, -9.066609379999875 ], [ 116.960586560000024, -9.065893179999875 ], [ 116.96032716000002, -9.065701479999916 ], [ 116.960052500000074, -9.065468779999946 ], [ 116.959922779999943, -9.065360069999883 ], [ 116.959823590000155, -9.065193179999937 ], [ 116.959632889999966, -9.064981459999956 ], [ 116.959266660000026, -9.064574249999907 ], [ 116.959121699999969, -9.064332959999945 ], [ 116.959022519999962, -9.064123149999944 ], [ 116.958831789999977, -9.063976289999914 ], [ 116.958465560000036, -9.0637693299999 ], [ 116.958442690000084, -9.063755979999939 ], [ 116.958358760000124, -9.063743599999896 ], [ 116.95812224000008, -9.063760749999915 ], [ 116.95783996, -9.063879979999911 ], [ 116.957550070000138, -9.063999179999939 ], [ 116.957305900000051, -9.06401349999993 ], [ 116.95713043, -9.064023969999937 ], [ 116.956718430000024, -9.064128879999885 ], [ 116.956146219999937, -9.064235689999862 ], [ 116.95594023000001, -9.064235689999862 ], [ 116.955795280000075, -9.064180359999909 ], [ 116.955642700000112, -9.064024939999911 ], [ 116.955566390000172, -9.063884739999935 ], [ 116.955566390000172, -9.063763599999959 ], [ 116.955596910000054, -9.063261989999944 ], [ 116.955680860000029, -9.063116069999865 ], [ 116.956001290000017, -9.062816629999872 ], [ 116.95602415999997, -9.062760359999913 ], [ 116.955955519999975, -9.062706949999949 ], [ 116.955703729999982, -9.062631599999918 ], [ 116.955703729999982, -9.062562929999899 ], [ 116.955833429999984, -9.062440869999932 ], [ 116.956001290000017, -9.062372199999857 ], [ 116.956001290000017, -9.062326429999871 ], [ 116.955825819999973, -9.062137609999922 ], [ 116.955429080000158, -9.061902049999958 ], [ 116.955169670000032, -9.061767589999931 ], [ 116.955123879999974, -9.061658879999925 ], [ 116.955116260000068, -9.061390889999927 ], [ 116.955131540000025, -9.061326989999884 ], [ 116.955169670000032, -9.061227799999926 ], [ 116.955245959999957, -9.060989389999918 ], [ 116.955200210000044, -9.060808189999932 ], [ 116.955360400000018, -9.060733789999915 ], [ 116.955467229999954, -9.060623159999921 ], [ 116.955581670000015, -9.060435309999946 ], [ 116.955581670000015, -9.060377109999877 ], [ 116.955520620000129, -9.060297969999908 ], [ 116.955093390000116, -9.060423849999836 ], [ 116.954994200000101, -9.06050683999996 ], [ 116.954895019999981, -9.060519219999946 ], [ 116.954650900000047, -9.060566919999872 ], [ 116.954521180000029, -9.060688009999865 ], [ 116.95440672999996, -9.060658439999884 ], [ 116.954338060000168, -9.060585009999954 ], [ 116.954322800000114, -9.060237879999931 ], [ 116.95439148000014, -9.060054799999875 ], [ 116.954460150000045, -9.05978298999986 ], [ 116.954437249999955, -9.059575089999896 ], [ 116.954322800000114, -9.059503549999931 ], [ 116.954311376999954, -9.059503120999864 ], [ 116.954170230000045, -9.059497819999876 ], [ 116.95409392, -9.059597 ], [ 116.95395659999997, -9.059796339999878 ], [ 116.953895550000084, -9.059778199999926 ], [ 116.95383454, -9.059700949999922 ], [ 116.953826899999967, -9.05952453999987 ], [ 116.953926089999982, -9.059288029999948 ], [ 116.954216, -9.058893229999853 ], [ 116.954216, -9.058796889999883 ], [ 116.9541854900001, -9.058553689999826 ], [ 116.954124429999979, -9.058361059999868 ], [ 116.953964220000103, -9.058218009999848 ], [ 116.953788750000172, -9.058118819999947 ], [ 116.95365143000015, -9.058042539999917 ], [ 116.953552250000143, -9.057988159999866 ], [ 116.953491220000046, -9.057991029999926 ], [ 116.952919, -9.057991029999926 ], [ 116.952690120000057, -9.057909009999889 ], [ 116.951728830000093, -9.057563799999912 ], [ 116.951469780000139, -9.057449549999887 ], [ 116.951049809999972, -9.057264339999904 ], [ 116.950660719999973, -9.056916239999907 ], [ 116.95053429799998, -9.056868844999883 ], [ 116.950517793000131, -9.056874051999955 ], [ 116.950389679000068, -9.056877565999912 ], [ 116.950197507999974, -9.056838907999918 ], [ 116.949820284000111, -9.056800249999867 ], [ 116.949564057000089, -9.056835393999961 ], [ 116.949379003999979, -9.056803764999927 ], [ 116.949261566000018, -9.056782678999866 ], [ 116.949208184999975, -9.056712391999895 ], [ 116.949197984000079, -9.056669217999911 ], [ 116.9488983, -9.056670169999961 ], [ 116.948883069999965, -9.056691179999916 ], [ 116.948837270000126, -9.056825639999943 ], [ 116.948760989999982, -9.057055469999852 ], [ 116.948677080000152, -9.057142249999856 ], [ 116.948463430000061, -9.057127959999946 ], [ 116.94808959, -9.05688 ], [ 116.948074330000054, -9.056835169999943 ], [ 116.947982790000083, -9.056727399999886 ], [ 116.94773103, -9.056548129999896 ], [ 116.947586069999943, -9.05661868999988 ], [ 116.94740296000009, -9.056586260000017 ], [ 116.947105400000169, -9.05660915999988 ], [ 116.947090140000114, -9.056583409999917 ], [ 116.947006239999951, -9.056373599999858 ], [ 116.946975730000077, -9.056244849999928 ], [ 116.946922290000089, -9.05625534 ], [ 116.946762069999977, -9.056267739999953 ], [ 116.946678170000155, -9.056288709999933 ], [ 116.946640020000018, -9.056367869999917 ], [ 116.94654083, -9.056336419999866 ], [ 116.94654083, -9.056267739999953 ], [ 116.946495060000075, -9.05613518999985 ], [ 116.946487420000153, -9.055995 ], [ 116.946510320000129, -9.055943499999955 ], [ 116.946487420000153, -9.055836669999906 ], [ 116.946334839999963, -9.055636409999863 ], [ 116.946273790000077, -9.055657399999916 ], [ 116.945968620000031, -9.055794719999938 ], [ 116.945838920000142, -9.05578421999985 ], [ 116.94589233, -9.055682159999947 ], [ 116.946044909999955, -9.055346499999871 ], [ 116.945961000000125, -9.055274969999914 ], [ 116.94577025000001, -9.055193899999949 ], [ 116.945716860000061, -9.055115699999874 ], [ 116.945480360000147, -9.054768579999916 ], [ 116.945434580000097, -9.054739009999878 ], [ 116.945312500000114, -9.054728509999961 ], [ 116.944847089999939, -9.054865849999885 ], [ 116.944717409999953, -9.054901129999905 ], [ 116.94461823000006, -9.054911629999935 ], [ 116.944519040000046, -9.054832459999886 ], [ 116.94435121000015, -9.054545399999938 ], [ 116.944313060000013, -9.054445269999917 ], [ 116.94416807000016, -9.054377539999905 ], [ 116.944076559999985, -9.054450039999949 ], [ 116.943969730000049, -9.054556839999918 ], [ 116.943855289999988, -9.054557799999884 ], [ 116.943702710000139, -9.054466259999856 ], [ 116.943740840000146, -9.054421429999877 ], [ 116.943725590000099, -9.054371839999874 ], [ 116.943672170000127, -9.054377539999905 ], [ 116.94341277, -9.054554929999938 ], [ 116.943252580000035, -9.054424279999864 ], [ 116.943214400000102, -9.054331769999919 ], [ 116.943107599999962, -9.054246899999953 ], [ 116.94301606, -9.054258359999892 ], [ 116.943008420000069, -9.054348939999954 ], [ 116.942955030000121, -9.054441449999956 ], [ 116.942901620000157, -9.05435942999992 ], [ 116.94282533, -9.054311749999954 ], [ 116.94276427, -9.054353729999889 ], [ 116.942733760000124, -9.054390919999946 ], [ 116.942657469999972, -9.054437629999882 ], [ 116.942558289999965, -9.054536819999953 ], [ 116.942482, -9.054651259999901 ], [ 116.942375170000105, -9.054645529999959 ], [ 116.94228363000002, -9.054581649999932 ], [ 116.942199699999946, -9.054592139999897 ], [ 116.942031869999937, -9.054601669999954 ], [ 116.941978459999973, -9.054526349999946 ], [ 116.942001360000063, -9.054403299999876 ], [ 116.94207763999998, -9.054315549999899 ], [ 116.942291250000039, -9.054114349999907 ], [ 116.94230653000011, -9.053980829999944 ], [ 116.942222580000134, -9.053940759999932 ], [ 116.942131059999952, -9.053881639999929 ], [ 116.942092900000034, -9.053755759999945 ], [ 116.94203949000007, -9.053750029999946 ], [ 116.941902170000048, -9.05374146999992 ], [ 116.941726700000117, -9.053625099999977 ], [ 116.94158936000008, -9.053570759999957 ], [ 116.941581739999947, -9.053510679999931 ], [ 116.941703800000141, -9.053230289999931 ], [ 116.941879269999959, -9.053030009999873 ], [ 116.941963200000146, -9.052949899999987 ], [ 116.942184440000119, -9.052790649999849 ], [ 116.942497230000072, -9.052525519999961 ], [ 116.94253541, -9.052370069999881 ], [ 116.942474360000119, -9.052297579999959 ], [ 116.942253120000146, -9.05231189999995 ], [ 116.94192504, -9.052421569999865 ], [ 116.941802980000034, -9.052501679999921 ], [ 116.941772450000144, -9.052502629999935 ], [ 116.941619869999954, -9.052563649999911 ], [ 116.941223130000026, -9.052712429999872 ], [ 116.940991309999959, -9.052764409999895 ], [ 116.940498350000098, -9.052875529999881 ], [ 116.94010923999997, -9.052896509999925 ], [ 116.939544670000032, -9.052844989999926 ], [ 116.939132700000073, -9.052786829999889 ], [ 116.938644410000165, -9.052815439999961 ], [ 116.938346860000024, -9.052860269999883 ], [ 116.938240060000112, -9.052914599999895 ], [ 116.93807984, -9.052977559999874 ], [ 116.938041689999977, -9.052927969999871 ], [ 116.937980660000107, -9.052918419999855 ], [ 116.937706000000162, -9.052973739999914 ], [ 116.937652589999971, -9.05299569999994 ], [ 116.937553430000094, -9.053034799999921 ], [ 116.937484749999953, -9.052986119999957 ], [ 116.937400830000115, -9.052913659999945 ], [ 116.937332160000096, -9.0529489299999 ], [ 116.937301640000101, -9.053053849999912 ], [ 116.937278770000148, -9.053173059999892 ], [ 116.937194820000059, -9.053195949999918 ], [ 116.93694306000009, -9.053159729999948 ], [ 116.936782839999978, -9.05306910999991 ], [ 116.936706560000061, -9.053064339999935 ], [ 116.936637880000035, -9.053088189999869 ], [ 116.9364319, -9.053222649999896 ], [ 116.936248760000012, -9.053221709999946 ], [ 116.936050410000121, -9.053238869999916 ], [ 116.935905459999958, -9.053198829999872 ], [ 116.935684209999977, -9.053139689999909 ], [ 116.935440070000027, -9.053107259999933 ], [ 116.934715259999962, -9.053030980000017 ], [ 116.934288030000062, -9.053000459999907 ], [ 116.934104940000111, -9.052951809999911 ], [ 116.93378449, -9.052932729999895 ], [ 116.933677680000073, -9.053030980000017 ], [ 116.933601400000157, -9.05309487999989 ], [ 116.933547959999942, -9.053057669999873 ], [ 116.933555600000091, -9.052946079999856 ], [ 116.933540340000036, -9.052800179999849 ], [ 116.933510930000125, -9.052785869999923 ], [ 116.933486930000072, -9.052774429999943 ], [ 116.933242790000122, -9.052703849999887 ], [ 116.933013930000016, -9.052666659999943 ], [ 116.932960510000044, -9.052697179999939 ], [ 116.932807940000089, -9.052819259999922 ], [ 116.932281500000045, -9.052816379999854 ], [ 116.932235730000116, -9.052844039999854 ], [ 116.93218993000005, -9.052897459999826 ], [ 116.931968680000068, -9.053233139999918 ], [ 116.931808469999964, -9.053295139999875 ], [ 116.931533810000133, -9.053342819999898 ], [ 116.931396469999981, -9.05343054999986 ], [ 116.931358339999974, -9.053454389999899 ], [ 116.931274410000015, -9.053475369999944 ], [ 116.931091300000162, -9.05353163999996 ], [ 116.930900569999949, -9.05359363999986 ], [ 116.930778509999982, -9.053646079999851 ], [ 116.93058775999998, -9.053729039999894 ], [ 116.930511470000056, -9.053818699999852 ], [ 116.930290230000082, -9.053983709999898 ], [ 116.930030829999964, -9.054030419999947 ], [ 116.929649339999969, -9.053996089999941 ], [ 116.929336550000016, -9.053946519999954 ], [ 116.92904661, -9.053984649999904 ], [ 116.928527840000129, -9.054119109999931 ], [ 116.92845917000011, -9.054130549999911 ], [ 116.928253179999956, -9.054112409999902 ], [ 116.928077710000025, -9.053999909999902 ], [ 116.927566530000149, -9.053571709999915 ], [ 116.927444440000158, -9.05345820999986 ], [ 116.927322380000078, -9.053140629999859 ], [ 116.927024829999937, -9.052799209999876 ], [ 116.926582340000095, -9.052660949999961 ], [ 116.9262314, -9.052599899999905 ], [ 116.92622739, -9.052597900000023 ], [ 116.926185600000167, -9.052577 ], [ 116.925819400000023, -9.052260389999958 ], [ 116.925727850000044, -9.052207949999911 ], [ 116.925544740000078, -9.052152619999902 ], [ 116.925077809999948, -9.052085249999948 ], [ 116.924736020000068, -9.052036299999884 ], [ 116.924613940000086, -9.052034379999895 ], [ 116.924011240000141, -9.052021009999862 ], [ 116.923896770000056, -9.052020069999912 ], [ 116.923767100000077, -9.052098269999874 ], [ 116.923690790000137, -9.052344319999918 ], [ 116.923629780000056, -9.052413959999853 ], [ 116.923576370000092, -9.052409199999943 ], [ 116.923500060000151, -9.052364339999883 ], [ 116.923309329999938, -9.052236549999861 ], [ 116.923164370000109, -9.052120199999933 ], [ 116.92252348, -9.052080159999889 ], [ 116.92212679, -9.052236549999861 ], [ 116.92193604, -9.052382479999949 ], [ 116.921730050000065, -9.052598959999898 ], [ 116.921607970000082, -9.052767759999938 ], [ 116.921585090000121, -9.052939409999908 ], [ 116.921585090000121, -9.053089129999876 ], [ 116.921699510000053, -9.05333614999995 ], [ 116.921730050000065, -9.053443919999836 ], [ 116.92171477, -9.053653719999943 ], [ 116.921676640000101, -9.053750029999946 ], [ 116.921409619999963, -9.053853979999928 ], [ 116.921150200000056, -9.053894989999947 ], [ 116.921073910000132, -9.053936939999858 ], [ 116.92078400000014, -9.054194459999849 ], [ 116.920692450000161, -9.054252629999951 ], [ 116.92058563, -9.054293639999912 ], [ 116.920410149999952, -9.054364199999952 ], [ 116.920150749999948, -9.054707529999916 ], [ 116.91996002999997, -9.05519580999993 ], [ 116.919891349999943, -9.0555124199999 ], [ 116.919876100000124, -9.055668839999896 ], [ 116.919464120000157, -9.055808059999947 ], [ 116.91940309000006, -9.055823349999912 ], [ 116.918945300000019, -9.05642316999996 ], [ 116.918876650000016, -9.056533789999946 ], [ 116.918746950000127, -9.056713109999862 ], [ 116.918693540000163, -9.056869509999956 ], [ 116.91866301999994, -9.05712031999991 ], [ 116.918579120000118, -9.057348239999953 ], [ 116.918457040000135, -9.057589529999916 ], [ 116.918380750000097, -9.057658169999911 ], [ 116.918083190000061, -9.057641979999914 ], [ 116.91799162999996, -9.0576314999999 ], [ 116.917907720000017, -9.057632449999915 ], [ 116.91786957, -9.057692509999924 ], [ 116.917137140000023, -9.058392539999943 ], [ 116.91709136999998, -9.058435429999918 ], [ 116.916946410000037, -9.058497429999875 ], [ 116.91688537999994, -9.058616639999912 ], [ 116.916679390000127, -9.058856959999957 ], [ 116.916343680000068, -9.05908774999989 ], [ 116.916229260000023, -9.059151629999917 ], [ 116.916046130000154, -9.059242259999905 ], [ 116.915855419999957, -9.059307109999907 ], [ 116.915771469999981, -9.059355739999944 ], [ 116.915687570000159, -9.059528349999937 ], [ 116.91551209, -9.059597969999913 ], [ 116.915428170000155, -9.059655199999952 ], [ 116.915351880000117, -9.059772469999871 ], [ 116.915252689999988, -9.059786809999935 ], [ 116.915229800000134, -9.059620869999947 ], [ 116.915107739999939, -9.059592239999915 ], [ 116.914619450000032, -9.059674259999952 ], [ 116.914505009999971, -9.059720049999896 ], [ 116.914436339999952, -9.059881209999901 ], [ 116.914398180000035, -9.059981339999922 ], [ 116.914199810000127, -9.059967989999905 ], [ 116.913909920000151, -9.060023309999849 ], [ 116.913200370000027, -9.060122499999977 ], [ 116.913162240000133, -9.060127259999945 ], [ 116.913009640000041, -9.060179709999886 ], [ 116.912216179999973, -9.0605974099999 ], [ 116.912033090000136, -9.060667989999899 ], [ 116.911369310000055, -9.060810099999912 ], [ 116.911315920000106, -9.060832 ], [ 116.911041260000161, -9.061029429999849 ], [ 116.910873410000022, -9.061115269999959 ], [ 116.910476670000094, -9.061135289999925 ], [ 116.910133370000153, -9.061113359999865 ], [ 116.90988161000007, -9.061162949999925 ], [ 116.909606950000125, -9.061260229999959 ], [ 116.909454350000033, -9.061264989999927 ], [ 116.909202590000064, -9.061168659999851 ], [ 116.908683789999941, -9.0608034199999 ], [ 116.908424370000148, -9.060555459999932 ], [ 116.908294670000032, -9.060483939999926 ], [ 116.907966620000138, -9.060490609999874 ], [ 116.90789795000012, -9.060501109999848 ], [ 116.907516470000132, -9.060637479999855 ], [ 116.907325740000033, -9.060761449999916 ], [ 116.907279970000104, -9.06081676999986 ], [ 116.907226550000132, -9.060929299999941 ], [ 116.907112130000087, -9.06139565999996 ], [ 116.906974790000049, -9.061824799999954 ], [ 116.90692902, -9.061918249999849 ], [ 116.906883249999964, -9.061960209999881 ], [ 116.906692499999963, -9.062071819999858 ], [ 116.906211849999977, -9.062226279999948 ], [ 116.905746460000046, -9.062359799999911 ], [ 116.905075069999953, -9.062568659999954 ], [ 116.90468597000006, -9.062718409999889 ], [ 116.904136650000055, -9.062891 ], [ 116.903572080000117, -9.063071259999958 ], [ 116.902969350000149, -9.063292479999916 ], [ 116.901863110000136, -9.063594799999862 ], [ 116.901618959999951, -9.063654889999953 ], [ 116.901138319999973, -9.063752189999889 ], [ 116.899024960000133, -9.064508429999876 ], [ 116.898575029000085, -9.064709902999937 ], [ 116.898445965000064, -9.064796006999927 ], [ 116.898306437000087, -9.064883270999871 ], [ 116.898204115999988, -9.064950632999853 ], [ 116.898033582000153, -9.064985844999853 ], [ 116.897720419000052, -9.064998091999882 ], [ 116.897329740000032, -9.064985844999853 ], [ 116.896864647000143, -9.064918482999872 ], [ 116.896542182000076, -9.06483274999988 ], [ 116.896126698000103, -9.064704149999898 ], [ 116.895928258000026, -9.064581673999896 ], [ 116.895698812000091, -9.064330597999913 ], [ 116.895143800000142, -9.064079521999929 ], [ 116.894957763000093, -9.064012159999947 ], [ 116.894660102999978, -9.063966230999938 ], [ 116.894415154000058, -9.06385294099988 ], [ 116.89436864400011, -9.063794764999955 ], [ 116.894219815000156, -9.063698313999907 ], [ 116.894170205000137, -9.063696782999955 ], [ 116.894157908000125, -9.063702854999917 ], [ 116.894142299000123, -9.063710561999926 ], [ 116.894107459999987, -9.063752048999902 ], [ 116.894089588000156, -9.063773330999879 ], [ 116.894067884000151, -9.063828445999945 ], [ 116.894072535000078, -9.063863656999899 ], [ 116.894086488000085, -9.063931018999881 ], [ 116.894080286000076, -9.06399684999991 ], [ 116.894047730000011, -9.064055026999938 ], [ 116.893979515999945, -9.064116264999939 ], [ 116.893869444000075, -9.06413157399993 ], [ 116.893785727000136, -9.064096361999873 ], [ 116.89371131200005, -9.064030530999958 ], [ 116.893666353000071, -9.063926426999956 ], [ 116.893604341000014, -9.063808542999936 ], [ 116.893584186999988, -9.063767206999898 ], [ 116.89357023599996, -9.063704424999855 ], [ 116.893577984999979, -9.063650854999878 ], [ 116.893580238000141, -9.063640472999907 ], [ 116.893591937999986, -9.063586554999915 ], [ 116.893655501000012, -9.063456423999867 ], [ 116.893697359000043, -9.063378344999876 ], [ 116.89372216400011, -9.063310982999894 ], [ 116.89372283199998, -9.063270098999908 ], [ 116.893723714999965, -9.063216062999857 ], [ 116.893694258999972, -9.063084400999912 ], [ 116.893630695999946, -9.06301091499995 ], [ 116.893601535000016, -9.062998058999938 ], [ 116.893543879000049, -9.062972640999874 ], [ 116.893478765000168, -9.062932835999959 ], [ 116.893429155000149, -9.062859349999826 ], [ 116.893422954000016, -9.062761368999929 ], [ 116.893416753, -9.062666449999881 ], [ 116.893404350000083, -9.062574591999919 ], [ 116.893241568000121, -9.062432212999852 ], [ 116.893134595999982, -9.062372504999871 ], [ 116.893004370000085, -9.062338823999937 ], [ 116.892911531000095, -9.062333614999943 ], [ 116.892867943000056, -9.062331169999936 ], [ 116.892795078000177, -9.062337292999928 ], [ 116.892768821, -9.062355659999923 ], [ 116.892757870000082, -9.062363319999918 ], [ 116.89272221300007, -9.06239393899989 ], [ 116.892652449000138, -9.062389345999861 ], [ 116.892517572000088, -9.062380159999918 ], [ 116.892444706999981, -9.062355664999927 ], [ 116.892385795999985, -9.062318921999918 ], [ 116.892314481000085, -9.062253090999945 ], [ 116.89223386499998, -9.06219644499987 ], [ 116.892117592000091, -9.062132144999907 ], [ 116.891962560000024, -9.062060188999908 ], [ 116.89181063, -9.062017322999907 ], [ 116.891602888000079, -9.061985171999879 ], [ 116.891472661999956, -9.061936181999954 ], [ 116.891268020999973, -9.061878004999926 ], [ 116.89104167500011, -9.061862694999888 ], [ 116.89101176600002, -9.061859854999909 ], [ 116.890880443000128, -9.061847385999954 ], [ 116.890765720000104, -9.061853509999935 ], [ 116.890675802000146, -9.061914747999936 ], [ 116.890581142999963, -9.061946666999916 ], [ 116.890548676000094, -9.061957614999926 ], [ 116.890458758000136, -9.061957614999926 ], [ 116.89029752600004, -9.061842792999926 ], [ 116.890207606999979, -9.061795332999907 ], [ 116.890140944000109, -9.061764713999878 ], [ 116.890105287000097, -9.061773899999935 ], [ 116.890057227000057, -9.061848916999907 ], [ 116.889950256000134, -9.061882597999954 ], [ 116.889920800000027, -9.061928526999907 ], [ 116.889903745999959, -9.061963738999907 ], [ 116.889844834000087, -9.061994357999936 ], [ 116.889802359999976, -9.061981847999903 ], [ 116.889756466999984, -9.061968331999935 ], [ 116.889705058000118, -9.061949968999897 ], [ 116.889683602000105, -9.061942304999889 ], [ 116.889596785000094, -9.061899438999944 ], [ 116.889540972999953, -9.061838199999897 ], [ 116.889446403999955, -9.061776961999897 ], [ 116.889396794000163, -9.061723377999897 ], [ 116.889285171999973, -9.06167132499985 ], [ 116.889206105999961, -9.061636112999906 ], [ 116.889127040000062, -9.061631519999935 ], [ 116.889046423999957, -9.061643767999897 ], [ 116.889010766999945, -9.061672855999916 ], [ 116.888950305000094, -9.061701943999935 ], [ 116.888903795000147, -9.061701943999935 ], [ 116.888826279999989, -9.06167132499985 ], [ 116.888810776000014, -9.061643767999897 ], [ 116.888762716999963, -9.061554971999954 ], [ 116.888548774000014, -9.06140493699985 ], [ 116.888368937999985, -9.061420246999887 ], [ 116.888102283999956, -9.061484547999953 ], [ 116.887807725000016, -9.061530475999859 ], [ 116.887444952000124, -9.06140493699985 ], [ 116.887331779000078, -9.061319202999869 ], [ 116.887117836000016, -9.061189070999944 ], [ 116.887069427000029, -9.061139354999909 ], [ 116.887040320000096, -9.061109460999944 ], [ 116.886947301999953, -9.061045160999925 ], [ 116.886817074999954, -9.060993107999877 ], [ 116.886747915000115, -9.060958416999938 ], [ 116.886719406, -9.060944116999906 ], [ 116.886692598999957, -9.060891171999913 ], [ 116.886691499999984, -9.060889001999897 ], [ 116.886677808000059, -9.060838973999921 ], [ 116.886675997, -9.060832355999935 ], [ 116.886666695000145, -9.060745090999887 ], [ 116.886675997, -9.060674666999944 ], [ 116.886722506000069, -9.060570560999906 ], [ 116.886724302999937, -9.060566657999857 ], [ 116.886753513000031, -9.060503197999935 ], [ 116.886784519000116, -9.060405215999936 ], [ 116.886815524999975, -9.06029498699985 ], [ 116.886815524999975, -9.060160260999908 ], [ 116.886808562000056, -9.060073160999877 ], [ 116.886806223000121, -9.060043907999955 ], [ 116.886796921000041, -9.059903057999918 ], [ 116.886809323999955, -9.059768332999909 ], [ 116.886860483999953, -9.059641261999957 ], [ 116.886875987000053, -9.059534093999957 ], [ 116.886883739000154, -9.059403961999919 ], [ 116.886893041, -9.059289138999929 ], [ 116.886910593000039, -9.059195536999937 ], [ 116.886916295, -9.059165129999883 ], [ 116.886916295, -9.059110014999874 ], [ 116.886914745000013, -9.059056430999874 ], [ 116.886882569000022, -9.058967064999933 ], [ 116.886815524999975, -9.058780854999895 ], [ 116.886629488000153, -9.058615509999925 ], [ 116.886403142000063, -9.058474659999945 ], [ 116.8861612930001, -9.058382800999937 ], [ 116.88589464000006, -9.058333809999851 ], [ 116.885686898000017, -9.058410358999879 ], [ 116.885479155999974, -9.058698182999876 ], [ 116.885348930000077, -9.059015093999903 ], [ 116.885193899000114, -9.059113076999949 ], [ 116.885124135000069, -9.059227899999939 ], [ 116.885066773000062, -9.059350377999863 ], [ 116.885031115999936, -9.05945601499991 ], [ 116.884955151000099, -9.059569306999947 ], [ 116.884886937000147, -9.059694845999957 ], [ 116.884776865000049, -9.059794359999898 ], [ 116.884624934000044, -9.059847943999898 ], [ 116.88445285, -9.059863252999946 ], [ 116.884288516999959, -9.059838757999955 ], [ 116.88413348600011, -9.059794359999898 ], [ 116.884032714999989, -9.059812730999909 ], [ 116.883893187000012, -9.059866314999908 ], [ 116.883807919999981, -9.059945925999955 ], [ 116.883756759999983, -9.060039314999926 ], [ 116.883752109000056, -9.060114331999898 ], [ 116.883874583999955, -9.060282738999888 ], [ 116.883925743999953, -9.060360817999879 ], [ 116.883952763000138, -9.060425957999939 ], [ 116.883967601999984, -9.060467220999897 ], [ 116.883967601999984, -9.060557547999906 ], [ 116.883956750000038, -9.060644812999954 ], [ 116.883931944999972, -9.060727484999916 ], [ 116.883902489000093, -9.060778006999954 ], [ 116.883866831999967, -9.060839245999944 ], [ 116.883814121, -9.060875988999953 ], [ 116.883783115000142, -9.060923448999915 ], [ 116.883759860000055, -9.060963253999887 ], [ 116.883731955000144, -9.061062766999953 ], [ 116.883666842000025, -9.061258729999906 ], [ 116.883623433000025, -9.061390392999897 ], [ 116.883580024000139, -9.061522055999944 ], [ 116.883549018000053, -9.061644532999878 ], [ 116.883496306999973, -9.061785381999869 ], [ 116.883493207000129, -9.061886424999898 ], [ 116.883521112000039, -9.061996654999859 ], [ 116.883539715999973, -9.06214668899986 ], [ 116.883539715999973, -9.062275288999956 ], [ 116.883518011999968, -9.062373270999956 ], [ 116.883428094000124, -9.062410013999909 ], [ 116.883161440000094, -9.062413075999871 ], [ 116.882933544000025, -9.062350306999917 ], [ 116.882673092, -9.062339589999908 ], [ 116.882280863, -9.062266103999946 ], [ 116.881941344999973, -9.062194148999879 ], [ 116.881718100000057, -9.062126785999908 ], [ 116.881580122000173, -9.061996654999859 ], [ 116.881563069000094, -9.06192469899986 ], [ 116.881587874000161, -9.061871115999907 ], [ 116.881674690999944, -9.061797629999944 ], [ 116.881719650000036, -9.061708833999944 ], [ 116.881733603000157, -9.061643001999926 ], [ 116.88173825399997, -9.061529710999878 ], [ 116.881640584000024, -9.061417950999953 ], [ 116.881553650000114, -9.061327929999948 ], [ 116.88133008200009, -9.06123949799985 ], [ 116.881264547000114, -9.061213574999897 ], [ 116.880950920000146, -9.061089519999939 ], [ 116.880630509999946, -9.060991279999939 ], [ 116.880337454000028, -9.06094031899994 ], [ 116.88011662800011, -9.060859147999906 ], [ 116.879831370000034, -9.060699927999906 ], [ 116.879778930000043, -9.060679212999958 ], [ 116.879180239000107, -9.060442724999916 ], [ 116.879152292000072, -9.060435453999958 ], [ 116.878144631000055, -9.060173274999897 ], [ 116.877338469000165, -9.059913009999946 ], [ 116.87714623, -9.059857894999936 ], [ 116.876926086000026, -9.059830336999937 ], [ 116.876778128000069, -9.059850843999868 ], [ 116.876749349999955, -9.059854832999861 ], [ 116.876643929000011, -9.059857894999936 ], [ 116.876470294, -9.059775221999928 ], [ 116.876377274999982, -9.05969867399989 ], [ 116.876360596000154, -9.059679033999942 ], [ 116.876296659000104, -9.059603753999852 ], [ 116.876240847999952, -9.059514956999863 ], [ 116.876129225000113, -9.059438408999938 ], [ 116.875909081000032, -9.059383293999929 ], [ 116.875648629000125, -9.05931899299992 ], [ 116.875199038000119, -9.059193452999921 ], [ 116.874727744000097, -9.059043416999941 ], [ 116.874234744000091, -9.058865823999895 ], [ 116.873912280000127, -9.058721912999886 ], [ 116.87364872600017, -9.058617805999916 ], [ 116.873534003000145, -9.058556566999926 ], [ 116.873432525999988, -9.058538194999869 ], [ 116.873347966000097, -9.058522885999878 ], [ 116.873285954000153, -9.058590248999849 ], [ 116.873199136000039, -9.058633115999953 ], [ 116.873127822000015, -9.058633115999953 ], [ 116.872929381999938, -9.058574938999925 ], [ 116.872797655999989, -9.058502365999857 ], [ 116.872634823, -9.058412655999916 ], [ 116.872458087000155, -9.058299362999946 ], [ 116.872316399000056, -9.058194421999872 ], [ 116.87219763500002, -9.058106459999863 ], [ 116.872036402000163, -9.057965609999883 ], [ 116.871834862000128, -9.05781557399996 ], [ 116.871642622999957, -9.057683909999923 ], [ 116.871348064000017, -9.057533873999944 ], [ 116.871143423000035, -9.057457324999916 ], [ 116.87086126600002, -9.057319535999852 ], [ 116.870513910000113, -9.057093629999827 ], [ 116.870063790000131, -9.056868539999925 ], [ 116.869613660000027, -9.056793219999918 ], [ 116.869300840000051, -9.056789399999957 ], [ 116.869033830000035, -9.056831349999868 ], [ 116.86894226000004, -9.056965839999918 ], [ 116.868766790000109, -9.057211869999946 ], [ 116.86862943999995, -9.057251909999877 ], [ 116.868064870000126, -9.057257659999891 ], [ 116.867965690000119, -9.057176589999926 ], [ 116.867958069999986, -9.057082169999944 ], [ 116.867935200000034, -9.056977249999875 ], [ 116.867813110000043, -9.05691338999992 ], [ 116.867454530000032, -9.056803689999924 ], [ 116.867240899999956, -9.056796069999905 ], [ 116.867034910000029, -9.056762699999922 ], [ 116.86651611000002, -9.056549079999911 ], [ 116.86627959000009, -9.056389800000034 ], [ 116.866180429999986, -9.056276329999889 ], [ 116.866096500000026, -9.055809979999935 ], [ 116.866035470000043, -9.055664069999921 ], [ 116.865943900000161, -9.055596349999917 ], [ 116.865692139999965, -9.055504799999937 ], [ 116.86527252999997, -9.055516259999877 ], [ 116.865112310000086, -9.055482869999878 ], [ 116.86508941, -9.055428519999907 ], [ 116.865074159999949, -9.055244459999869 ], [ 116.865036030000169, -9.055085189999943 ], [ 116.864883429999963, -9.054875379999885 ], [ 116.86473847000002, -9.054668429999879 ], [ 116.864517200000023, -9.054342269999893 ], [ 116.864464050000151, -9.054287319999901 ], [ 116.864439810000022, -9.054262262999941 ], [ 116.864235386000018, -9.054050940999957 ], [ 116.864234929999952, -9.054050469999936 ], [ 116.864206953, -9.054006912999853 ], [ 116.864151, -9.053919800000017 ], [ 116.864035595000132, -9.053618788999927 ], [ 116.863983170000097, -9.053482049999957 ], [ 116.863931290999972, -9.053381341999909 ], [ 116.863868700000012, -9.053259839999953 ], [ 116.863716130000057, -9.052889839999921 ], [ 116.863685609999948, -9.052815439999961 ], [ 116.863563529999965, -9.052697179999939 ], [ 116.863128687999961, -9.052395838999871 ], [ 116.863128660000143, -9.052395819999958 ], [ 116.862823480000088, -9.052357669999935 ], [ 116.862266529999943, -9.052356729999929 ], [ 116.862106314000016, -9.052316674999929 ], [ 116.861946099999955, -9.052276619999873 ], [ 116.861752648000106, -9.052197845999956 ], [ 116.861679060000029, -9.052167879999956 ], [ 116.861320500000033, -9.05197335999992 ], [ 116.86109161000013, -9.051869409999938 ], [ 116.860855110000102, -9.051670069999886 ], [ 116.860664380000117, -9.051563269999917 ], [ 116.859252920000017, -9.050922379999918 ], [ 116.85908508, -9.050858499999947 ], [ 116.857444760000021, -9.050247189999936 ], [ 116.856870664999974, -9.049983776999909 ], [ 116.856037184000115, -9.049490010999875 ], [ 116.855640303999962, -9.049251172999959 ], [ 116.855444965000174, -9.049113381999916 ], [ 116.855116709000072, -9.048881550999909 ], [ 116.854933362, -9.048752061999949 ], [ 116.85469771399994, -9.04857140099989 ], [ 116.85432564000007, -9.048295817999929 ], [ 116.853993873000036, -9.048050854999929 ], [ 116.853755125000021, -9.047867131999908 ], [ 116.853627998999968, -9.047701781999876 ], [ 116.853440043000091, -9.047166434999951 ], [ 116.853225710000174, -9.046379089999959 ], [ 116.853164680000077, -9.046219819999919 ], [ 116.852890020000132, -9.045857439999907 ], [ 116.852722170000106, -9.045730589999948 ], [ 116.852653500000088, -9.04559517999985 ], [ 116.85266114, -9.045283309999888 ], [ 116.852737430000047, -9.045162199999936 ], [ 116.852844230000073, -9.04507255999988 ], [ 116.852989210000146, -9.045043959999816 ], [ 116.85331726000004, -9.044977199999892 ], [ 116.853263676000097, -9.044766799999877 ], [ 116.853195462000144, -9.044622881999885 ], [ 116.853093142000034, -9.04446059199995 ], [ 116.852640450999957, -9.044028839999953 ], [ 116.852507124, -9.043940039999939 ], [ 116.852373797000155, -9.043848176999916 ], [ 116.852248221999957, -9.043793059999871 ], [ 116.852108588999954, -9.043754675999878 ], [ 116.852097841000045, -9.043751721999911 ], [ 116.851846691, -9.043759376999958 ], [ 116.851580036999962, -9.043802245999927 ], [ 116.851361442999973, -9.043932383999959 ], [ 116.851432757999987, -9.043966066999872 ], [ 116.85146879499996, -9.043998319999901 ], [ 116.851531978000025, -9.044054867999876 ], [ 116.851566083999955, -9.044149791999928 ], [ 116.85154437999995, -9.044241653999961 ], [ 116.851510273000031, -9.044284522999931 ], [ 116.85138624800004, -9.044345764999946 ], [ 116.851324806000093, -9.044380770999908 ], [ 116.851305632000049, -9.044391695999934 ], [ 116.851304181000046, -9.044397428999957 ], [ 116.851283928000043, -9.04447743399993 ], [ 116.851279272000056, -9.044496973999856 ], [ 116.851259123000091, -9.044581543999925 ], [ 116.851248736, -9.044605135999916 ], [ 116.851228116000129, -9.044651971999883 ], [ 116.851156802, -9.044713212999909 ], [ 116.85097076500017, -9.044725461999917 ], [ 116.850743001999945, -9.044700718999934 ], [ 116.85070476400017, -9.044696564999924 ], [ 116.850660702000027, -9.044691778999891 ], [ 116.85042505499996, -9.044599916999914 ], [ 116.850338237000074, -9.044492743999854 ], [ 116.850152200000025, -9.044339639999919 ], [ 116.850034452000045, -9.044220587999916 ], [ 116.850021974000128, -9.044207970999935 ], [ 116.850005692999957, -9.044197688999873 ], [ 116.849925738000138, -9.044147189999876 ], [ 116.849755320000099, -9.044039556999849 ], [ 116.84926542200003, -9.043886452999857 ], [ 116.848989466000148, -9.043782342999862 ], [ 116.848623592999957, -9.043705790999923 ], [ 116.848121290999984, -9.04364454899985 ], [ 116.847699607000095, -9.043561872999931 ], [ 116.847330631999966, -9.043519003999961 ], [ 116.847026770999946, -9.043436327999927 ], [ 116.846788023000158, -9.043378147999931 ], [ 116.846567879000077, -9.043280160999871 ], [ 116.846329131000061, -9.043172988999913 ], [ 116.845867138000017, -9.04307500199991 ], [ 116.845507465999958, -9.043064284999957 ], [ 116.845279570000116, -9.043030601999931 ], [ 116.845175699000151, -9.042973952999944 ], [ 116.845060383000032, -9.042953120999925 ], [ 116.845048573000099, -9.042950986999926 ], [ 116.844969506999973, -9.042961704999925 ], [ 116.844794322000098, -9.042967828999906 ], [ 116.84467959899996, -9.042929552999908 ], [ 116.844546272, -9.042885152999872 ], [ 116.844516496000097, -9.042877357999942 ], [ 116.844288921000157, -9.042817786999933 ], [ 116.844014392000076, -9.042739737999852 ], [ 116.843879638000089, -9.042701426999884 ], [ 116.843515315000104, -9.04261109599986 ], [ 116.843358733000059, -9.042563632999929 ], [ 116.843250212000044, -9.042488611999943 ], [ 116.843231608, -9.042415121999909 ], [ 116.84326571500003, -9.042278858999907 ], [ 116.843299822000063, -9.042193119999922 ], [ 116.843465705000085, -9.042151781999905 ], [ 116.843555623000043, -9.042136471999925 ], [ 116.843674997, -9.04212269199985 ], [ 116.843722142000047, -9.042103476999955 ], [ 116.843772667000053, -9.042082884999957 ], [ 116.843823827000051, -9.041960400999926 ], [ 116.843834679, -9.04185935199996 ], [ 116.843825566999953, -9.041817627999933 ], [ 116.843817626000146, -9.041781268999955 ], [ 116.84380212300016, -9.041687874999866 ], [ 116.843800571999964, -9.041628163999917 ], [ 116.843819176000125, -9.041580701999862 ], [ 116.843842430999985, -9.041528645999904 ], [ 116.843940100000168, -9.041488838999896 ], [ 116.844039319999979, -9.04147965199985 ], [ 116.844146292, -9.041467403999945 ], [ 116.844197038000061, -9.041445352999858 ], [ 116.844223807000049, -9.041433720999862 ], [ 116.844222256999956, -9.041370947999951 ], [ 116.84422690800011, -9.041300519999879 ], [ 116.844217606000029, -9.041230090999932 ], [ 116.844087380000019, -9.040959094999948 ], [ 116.843968005999955, -9.040793741999948 ], [ 116.843716855000025, -9.040541117999908 ], [ 116.843481207999957, -9.040384950999908 ], [ 116.843138588999977, -9.040107829999954 ], [ 116.843080833000045, -9.040077709999935 ], [ 116.842903717000127, -9.039985344999934 ], [ 116.842606057000012, -9.039847549999934 ], [ 116.84235800700003, -9.039755686999854 ], [ 116.842212278000034, -9.039663823999888 ], [ 116.842057247000071, -9.03959339499994 ], [ 116.841871209000146, -9.039513779999936 ], [ 116.841420068000161, -9.039414260999934 ], [ 116.841227830000093, -9.039386701999888 ], [ 116.841180928000085, -9.039385047999929 ], [ 116.841010786000083, -9.039379046999954 ], [ 116.840830950000054, -9.039386701999888 ], [ 116.840782842000067, -9.039396384999918 ], [ 116.84050383400006, -9.039452537999921 ], [ 116.840303844, -9.039515310999946 ], [ 116.840108505000103, -9.039585739999836 ], [ 116.840035844, -9.03962015399992 ], [ 116.839956574000098, -9.039657698999918 ], [ 116.839882159000013, -9.03973272099995 ], [ 116.839746140000102, -9.039849125999865 ], [ 116.839646511999945, -9.03995319299986 ], [ 116.83948062800016, -9.040152229999933 ], [ 116.839314745000138, -9.040369639999938 ], [ 116.839235190999943, -9.040556642999888 ], [ 116.839165915000081, -9.040719485999944 ], [ 116.839116943000136, -9.04086094999991 ], [ 116.839103903000137, -9.040898618999961 ], [ 116.839017860000013, -9.041087703999949 ], [ 116.838980653000021, -9.041179566999915 ], [ 116.838965150000035, -9.041297457999917 ], [ 116.838991505000081, -9.041390851999893 ], [ 116.839042664999965, -9.041491900999915 ], [ 116.839043594000032, -9.041492700999868 ], [ 116.839088163000042, -9.04153108599985 ], [ 116.83917599200015, -9.041606728999909 ], [ 116.839217700000063, -9.041642098999887 ], [ 116.839293346999966, -9.041706249999947 ], [ 116.839318620999961, -9.041727681999873 ], [ 116.839319569000054, -9.041727917999879 ], [ 116.839490705, -9.041770551999946 ], [ 116.839520830999959, -9.04177960599992 ], [ 116.839662106, -9.041822068999863 ], [ 116.839668991000167, -9.041824137999868 ], [ 116.839745060000155, -9.04185580199993 ], [ 116.839823900000056, -9.041888618999849 ], [ 116.83985657900007, -9.041902221999919 ], [ 116.839957511999955, -9.041954594999936 ], [ 116.840014043999986, -9.041983928999855 ], [ 116.840039516000161, -9.041997146999961 ], [ 116.840126332999944, -9.042090539999947 ], [ 116.840219351999963, -9.04219005799996 ], [ 116.840324971000086, -9.042257550999921 ], [ 116.840351128000066, -9.042274265999879 ], [ 116.840444146999971, -9.042266610999945 ], [ 116.840499958000123, -9.042235989999938 ], [ 116.840559073000122, -9.042202258999907 ], [ 116.840569722000168, -9.04219618299993 ], [ 116.840628634000041, -9.042191588999913 ], [ 116.840646484000104, -9.042202258999907 ], [ 116.84068754600014, -9.042226802999949 ], [ 116.840695298000014, -9.042260486999908 ], [ 116.840685996000047, -9.042292637999878 ], [ 116.840636386000028, -9.042353879999894 ], [ 116.840538716000083, -9.042373783999949 ], [ 116.840423993000059, -9.042390624999939 ], [ 116.840318572, -9.042419714999937 ], [ 116.840250358000048, -9.042490142999895 ], [ 116.840191446000176, -9.042565163999882 ], [ 116.840141836000157, -9.04269377199995 ], [ 116.84010772900001, -9.042908117999957 ], [ 116.84009607400003, -9.042969815999868 ], [ 116.840068972000154, -9.043113277999851 ], [ 116.840104629000166, -9.043307719999859 ], [ 116.840109925999968, -9.043333220999955 ], [ 116.840129434, -9.043427140999881 ], [ 116.840155985000138, -9.043465630999947 ], [ 116.840213926000047, -9.043549624999912 ], [ 116.840250358000048, -9.043612396999947 ], [ 116.840245707000122, -9.043685886999867 ], [ 116.840214701000036, -9.043739473999892 ], [ 116.840006959, -9.043946163999919 ], [ 116.839982105999979, -9.043960162999952 ], [ 116.839797666999971, -9.044064053999932 ], [ 116.839535664000095, -9.044175819999907 ], [ 116.839296915999967, -9.044302895999863 ], [ 116.83887213100013, -9.044549391999908 ], [ 116.838871144000109, -9.04455011399989 ], [ 116.838762089000056, -9.044629890999943 ], [ 116.838704697000139, -9.044671874999949 ], [ 116.838632232000123, -9.044743045999951 ], [ 116.838583154000048, -9.044791247999854 ], [ 116.838422541, -9.044948992999934 ], [ 116.838248906, -9.045151088999887 ], [ 116.838062868000065, -9.045351653999944 ], [ 116.837943494000115, -9.045457295999938 ], [ 116.837738049999984, -9.045566549999876 ], [ 116.83723451000003, -9.045644749999951 ], [ 116.835578900000087, -9.045701979999933 ], [ 116.835533149999947, -9.04575154999992 ], [ 116.835487380000131, -9.045875549999948 ], [ 116.835459348000086, -9.04591408899995 ], [ 116.835276695999937, -9.045931 ], [ 116.834898778000024, -9.0459448229999 ], [ 116.834534857000108, -9.0459448229999 ], [ 116.834156939000081, -9.0459448229999 ], [ 116.833569067000099, -9.045861885999898 ], [ 116.833065176000105, -9.045751302999918 ], [ 116.832785237000053, -9.045682187999944 ], [ 116.832379325000034, -9.045585427999924 ], [ 116.831903428000032, -9.045474844999944 ], [ 116.831637484999987, -9.045378083999935 ], [ 116.831343548999939, -9.045267500999955 ], [ 116.831133594999983, -9.04512927199994 ], [ 116.831109758000139, -9.04511643099994 ], [ 116.830825662000052, -9.04496339699989 ], [ 116.830545722000011, -9.044769875999862 ], [ 116.830153806999988, -9.044576354999947 ], [ 116.829943853000032, -9.044396656999879 ], [ 116.829874109000116, -9.044320127999868 ], [ 116.829830096000137, -9.044271831999879 ], [ 116.82981787999995, -9.044258427999921 ], [ 116.829607926, -9.044106374999956 ], [ 116.829453959000148, -9.043995791999862 ], [ 116.82929999199996, -9.043885207999949 ], [ 116.829272745000026, -9.043869831999928 ], [ 116.829203346000099, -9.043847425999957 ], [ 116.828661776999979, -9.043381209999893 ], [ 116.827629090000073, -9.042424209999865 ], [ 116.82696533, -9.041928279999865 ], [ 116.826736450000112, -9.041771889999893 ], [ 116.826110850000077, -9.041391369999928 ], [ 116.825881940000045, -9.041235919999849 ], [ 116.825576770000112, -9.041042309999909 ], [ 116.825202920000038, -9.040780079999877 ], [ 116.82496642000001, -9.040608409999891 ], [ 116.824645990000135, -9.040333749999888 ], [ 116.824522538999986, -9.040245329999948 ], [ 116.824447620000115, -9.040191669999956 ], [ 116.82441287000006, -9.040177889999882 ], [ 116.824111939999966, -9.040060059999917 ], [ 116.823868879999964, -9.039987205999921 ], [ 116.823555049999982, -9.039832239999896 ], [ 116.823052749, -9.039581146999922 ], [ 116.822426423000138, -9.039348425999947 ], [ 116.82162646200004, -9.039109580999877 ], [ 116.820950526000047, -9.038999344999922 ], [ 116.819797094000023, -9.038815616999898 ], [ 116.818711875999952, -9.038564522999877 ], [ 116.817094830000087, -9.037979157999871 ], [ 116.816969324999945, -9.037933725999949 ], [ 116.815499628999987, -9.037364168999886 ], [ 116.814674862999937, -9.036947718999954 ], [ 116.814153959, -9.036519019999957 ], [ 116.813533834000168, -9.035943336999935 ], [ 116.812665659, -9.035355403999858 ], [ 116.811853295999981, -9.034938951999948 ], [ 116.810985121000044, -9.034253028999956 ], [ 116.810496679000153, -9.033850377999954 ], [ 116.810234770000079, -9.033634471999903 ], [ 116.809916519000126, -9.033428745999856 ], [ 116.809552632999953, -9.033193519999941 ], [ 116.808851892, -9.03281993499985 ], [ 116.80789690000006, -9.032483095999851 ], [ 116.806941908000113, -9.03234223599992 ], [ 116.806123342999967, -9.032268743999907 ], [ 116.805893771, -9.032261382999934 ], [ 116.80516835100002, -9.032238121999853 ], [ 116.80502593000017, -9.032242140999927 ], [ 116.804344924000134, -9.032261356999925 ], [ 116.804300177000073, -9.032262619999926 ], [ 116.803506417, -9.032305489999942 ], [ 116.802570029000094, -9.032385106999925 ], [ 116.801763866000101, -9.032544339999959 ], [ 116.801152366, -9.032817811999848 ], [ 116.800942201000112, -9.032911799999908 ], [ 116.800718955999969, -9.033132276999936 ], [ 116.80059183100002, -9.033368063999887 ], [ 116.800429177000069, -9.033709061999957 ], [ 116.800424221000071, -9.033712020999928 ], [ 116.800391464999961, -9.033731571999851 ], [ 116.800172760000123, -9.033919391999859 ], [ 116.800060730000041, -9.034026216999905 ], [ 116.79948544299998, -9.034369278999861 ], [ 116.799320126000111, -9.034460937999938 ], [ 116.798622805000036, -9.034924224999884 ], [ 116.79786843, -9.035274819999927 ], [ 116.79729155400014, -9.035475159999919 ], [ 116.796442090000141, -9.035713063999935 ], [ 116.795560928999976, -9.035813233999875 ], [ 116.79284137500008, -9.035875840000017 ], [ 116.792498994000084, -9.035887385999899 ], [ 116.791541822000113, -9.035919663999891 ], [ 116.790299322000124, -9.035888360999877 ], [ 116.789088517999971, -9.035738105999883 ], [ 116.78818200000012, -9.035487681999939 ], [ 116.787395928000024, -9.035118304999855 ], [ 116.786356285000124, -9.034454676999928 ], [ 116.785322982000139, -9.033584446999953 ], [ 116.784505213999978, -9.032758038999873 ], [ 116.783807892000027, -9.032069364999927 ], [ 116.783446552999976, -9.031643637999878 ], [ 116.783059857000012, -9.031098957999916 ], [ 116.782818964000057, -9.030541754999945 ], [ 116.782683005000081, -9.030258491999916 ], [ 116.782377966000013, -9.029622959999926 ], [ 116.782356196000137, -9.029577603999883 ], [ 116.782313682, -9.029516159999957 ], [ 116.78209628500008, -9.029201959999909 ], [ 116.781849052999974, -9.028964052999925 ], [ 116.781576463999954, -9.028744926999934 ], [ 116.781303874000059, -9.028575886999874 ], [ 116.781037623999964, -9.028356759999951 ], [ 116.780771374000096, -9.028150155999924 ], [ 116.780706741000017, -9.028083464999895 ], [ 116.780346642000154, -9.027711902999897 ], [ 116.779972624000152, -9.027473993999934 ], [ 116.779700035000019, -9.027361299999939 ], [ 116.778990035000106, -9.026966871999889 ], [ 116.778375124000036, -9.026591224999891 ], [ 116.777906017000078, -9.026184274999878 ], [ 116.777303784999958, -9.025695932999895 ], [ 116.77590914200016, -9.024424989999886 ], [ 116.772485927000162, -9.021444828999961 ], [ 116.76926556900014, -9.018639948999862 ], [ 116.768847177, -9.018276815999855 ], [ 116.76866672899996, -9.018158004999862 ], [ 116.768504854999946, -9.018051422999861 ], [ 116.768213248000052, -9.017938725999954 ], [ 116.767832891000126, -9.017769680999891 ], [ 116.767718783999953, -9.017619417999924 ], [ 116.767608836000136, -9.017464291999943 ], [ 116.767585659000019, -9.017431589999887 ], [ 116.767173605000039, -9.017112281999857 ], [ 116.766336819000117, -9.016667754999958 ], [ 116.765404944000011, -9.016110529999935 ], [ 116.764771015000065, -9.015772437999942 ], [ 116.764038828000139, -9.015309125999863 ], [ 116.762850211999989, -9.014467023999941 ], [ 116.762317712000026, -9.014047537999943 ], [ 116.76198806900004, -9.013753270999928 ], [ 116.761595033000162, -9.013415176999956 ], [ 116.760808960999952, -9.012776553999856 ], [ 116.75999753300016, -9.012081579999915 ], [ 116.758805747, -9.011298949999912 ], [ 116.756650390000118, -9.009796296999923 ], [ 116.755521997000073, -9.008969834999959 ], [ 116.754672531999972, -9.008174675999953 ], [ 116.75415905, -9.007748920999916 ], [ 116.753601193000122, -9.007229248999863 ], [ 116.75304967500017, -9.006728359999897 ], [ 116.75251717499998, -9.00635269199995 ], [ 116.751991014000055, -9.0059832849999 ], [ 116.751762800000165, -9.005720316999941 ], [ 116.751401461, -9.005275775999905 ], [ 116.750999766999939, -9.004998624999871 ], [ 116.750076550000017, -9.004361646999939 ], [ 116.749322175000088, -9.003854492999892 ], [ 116.748510745999965, -9.003222113999868 ], [ 116.747287264000079, -9.002307979999955 ] ] ], [ [ [ 116.791618340000014, -8.518326739999907 ], [ 116.791351300000088, -8.518418309999959 ], [ 116.79045104, -8.518598549999922 ], [ 116.790191640000103, -8.518604279999863 ], [ 116.789779650000128, -8.518542299999922 ], [ 116.78942870000003, -8.518515589999879 ], [ 116.788703910000095, -8.518468869999936 ], [ 116.78816224000002, -8.518172259999915 ], [ 116.787612920000015, -8.517712579999909 ], [ 116.78754426, -8.517560949999961 ], [ 116.787437450000084, -8.517266269999936 ], [ 116.787345879999975, -8.516985879999879 ], [ 116.787147509999954, -8.516618709999875 ], [ 116.787040710000156, -8.516543389999867 ], [ 116.786926270000095, -8.516387939999902 ], [ 116.78687286000013, -8.51621149999994 ], [ 116.78687286000013, -8.515942569999936 ], [ 116.787025460000109, -8.515192039999874 ], [ 116.787193310000134, -8.514626499999906 ], [ 116.787528970000039, -8.513947479999956 ], [ 116.787780760000032, -8.513334259999908 ], [ 116.787941, -8.513217929999882 ], [ 116.78812409000011, -8.513201709999862 ], [ 116.78839113000015, -8.513239839999926 ], [ 116.788482640000097, -8.513231279999957 ], [ 116.78850553999996, -8.513168339999879 ], [ 116.788597109999955, -8.513021469999956 ], [ 116.789024339999969, -8.512352929999906 ], [ 116.789131140000109, -8.512248039999918 ], [ 116.789329520000138, -8.512166019999881 ], [ 116.78961181000011, -8.512124069999913 ], [ 116.789833060000092, -8.512160309999956 ], [ 116.789978020000149, -8.512147879999816 ], [ 116.790184029999978, -8.512070649999885 ], [ 116.790313730000094, -8.511998189999872 ], [ 116.790367140000058, -8.511940949999939 ], [ 116.79045104, -8.511802669999952 ], [ 116.790580740000109, -8.511611 ], [ 116.79076385999997, -8.511546149999958 ], [ 116.790977480000038, -8.511539469999946 ], [ 116.791259780000019, -8.511573809999902 ], [ 116.791397100000154, -8.511615759999927 ], [ 116.791564950000065, -8.511635779999892 ], [ 116.791603089999967, -8.511625289999927 ], [ 116.79166414000008, -8.511638629999936 ], [ 116.791839610000011, -8.511718769999902 ], [ 116.792251589999978, -8.511996279999892 ], [ 116.792564399999947, -8.512267109999925 ], [ 116.792816160000143, -8.512599 ], [ 116.793045040000038, -8.513012889999914 ], [ 116.793113709999943, -8.513229369999863 ], [ 116.793121329999963, -8.5132684699999 ], [ 116.793182359999946, -8.51338863999996 ], [ 116.794067390000123, -8.514924049999934 ], [ 116.794212340000058, -8.515615469999943 ], [ 116.794235240000148, -8.516393669999957 ], [ 116.794136060000142, -8.516578669999944 ], [ 116.793930039999964, -8.516845709999927 ], [ 116.79365539000014, -8.517108929999949 ], [ 116.793373110000061, -8.517233840000017 ], [ 116.792945860000032, -8.51743506999992 ], [ 116.792701719999968, -8.517625819999921 ], [ 116.792106630000035, -8.518075949999854 ], [ 116.791618340000014, -8.518326739999907 ] ] ], [ [ [ 116.857874768000102, -8.503545302999896 ], [ 116.857869724000011, -8.503572237999947 ], [ 116.857862158999978, -8.503605656999923 ], [ 116.85783038600016, -8.503619623999953 ], [ 116.857782978000159, -8.503624611999896 ], [ 116.857752718000143, -8.50363857799988 ], [ 116.857739605, -8.503654538999911 ], [ 116.85776381300002, -8.503693444999897 ], [ 116.857817273000023, -8.503736340999922 ], [ 116.857917132000011, -8.503783227999861 ], [ 116.858093651, -8.503828118999934 ], [ 116.858328671999971, -8.503851063999889 ], [ 116.858514269000125, -8.503873010999939 ], [ 116.858635309999954, -8.503912913999955 ], [ 116.858784593999985, -8.503998706999937 ], [ 116.858867305, -8.503962793999904 ], [ 116.858956069000101, -8.503948826999931 ], [ 116.859062210000047, -8.503982539999924 ], [ 116.859123220000015, -8.50406742999985 ], [ 116.859130880000066, -8.504235289999883 ], [ 116.859184270000014, -8.504293439999913 ], [ 116.859280862999981, -8.504334768999854 ], [ 116.859340879000115, -8.504352724999933 ], [ 116.859420564999937, -8.504379160999918 ], [ 116.85948108499997, -8.504399112999863 ], [ 116.85956177900016, -8.504441010999926 ], [ 116.859613222, -8.504504856999915 ], [ 116.859654577000015, -8.504587655999899 ], [ 116.859666682000011, -8.504654494999954 ], [ 116.859665673, -8.504704373999914 ], [ 116.859655689999954, -8.504737133999924 ], [ 116.859620913000072, -8.504797398999926 ], [ 116.859571992000156, -8.504870221999852 ], [ 116.859326883999984, -8.505120615999942 ], [ 116.859239129000116, -8.505215385999918 ], [ 116.858940129999951, -8.505506509999918 ], [ 116.858990363999965, -8.505530248999946 ], [ 116.859040293000135, -8.505560674999856 ], [ 116.859045841000011, -8.505581623999888 ], [ 116.859041302000151, -8.505602572999862 ], [ 116.859027685, -8.505625517999874 ], [ 116.859037771999965, -8.505646466999849 ], [ 116.859035754000047, -8.505672902999891 ], [ 116.859033233000105, -8.50568736799994 ], [ 116.859045841000011, -8.505697343999884 ], [ 116.859056431999988, -8.505713803999924 ], [ 116.85905441500006, -8.505729764999899 ], [ 116.859056431999988, -8.505736248999938 ], [ 116.859067527999969, -8.505742733999909 ], [ 116.859069041, -8.505792612999869 ], [ 116.859036763000063, -8.50581705299993 ], [ 116.858999442000027, -8.505836505999866 ], [ 116.85895808600003, -8.505845982999915 ], [ 116.858958591000146, -8.5058724189999 ], [ 116.858958591000146, -8.505889876999902 ], [ 116.858955565000088, -8.505895363999912 ], [ 116.858947494999938, -8.505904840999904 ], [ 116.858937408000088, -8.505914317999896 ], [ 116.858936903999961, -8.505922796999869 ], [ 116.858931861000087, -8.505934268999852 ], [ 116.858931356000085, -8.505943745999957 ], [ 116.858932365000101, -8.505951726999911 ], [ 116.858938921000117, -8.506045499999914 ], [ 116.858927826000013, -8.506081412999947 ], [ 116.858914713, -8.506120317999887 ], [ 116.858895547999964, -8.506147252999881 ], [ 116.858883444000071, -8.50616520899996 ], [ 116.858883444000071, -8.506185160999848 ], [ 116.858876384000155, -8.506207107999955 ], [ 116.858871339999951, -8.506224066999948 ], [ 116.858864279000159, -8.506238032999931 ], [ 116.858858227000155, -8.506250003999867 ], [ 116.858788628999946, -8.506425577999948 ], [ 116.858724073000076, -8.506549277999852 ], [ 116.858659517999968, -8.506641054999932 ], [ 116.858621188000029, -8.506710885999894 ], [ 116.858590928000012, -8.506778720999932 ], [ 116.85855259799996, -8.506842565999875 ], [ 116.858534442000064, -8.506912396999951 ], [ 116.858449713000141, -8.507020134999891 ], [ 116.858358931999987, -8.507145829999899 ], [ 116.858274204000054, -8.507255563999934 ], [ 116.858179388000053, -8.507321403999867 ], [ 116.858009349999975, -8.507440549999956 ], [ 116.857704160000139, -8.507635099999902 ], [ 116.857368470000097, -8.507761949999917 ], [ 116.85680326, -8.507941720999952 ], [ 116.856802544999937, -8.508055620999869 ], [ 116.856804561999979, -8.508156375999874 ], [ 116.85679750099996, -8.508282070999883 ], [ 116.856792458000086, -8.508395793999853 ], [ 116.856751101999976, -8.508454650999852 ], [ 116.856761189000053, -8.508503531999906 ], [ 116.856767240999943, -8.508554408999942 ], [ 116.856768249999959, -8.508592315999863 ], [ 116.856742024000141, -8.508728983999902 ], [ 116.856737989000067, -8.508812779999914 ], [ 116.856729920000021, -8.508884605999924 ], [ 116.856737989000067, -8.508954435999897 ], [ 116.856748076000144, -8.50898236799992 ], [ 116.856778336000161, -8.509052197999893 ], [ 116.856766232000041, -8.509094095999899 ], [ 116.856807588000038, -8.509261687999924 ], [ 116.856831796000051, -8.509340496999869 ], [ 116.856827761999966, -8.50937042399994 ], [ 116.856814649000057, -8.509391372999914 ], [ 116.856812631000025, -8.509402345999945 ], [ 116.856813640000041, -8.50942229799989 ], [ 116.856818683000029, -8.509446238999942 ], [ 116.856827761999966, -8.509463197999935 ], [ 116.856835831000012, -8.509484146999853 ], [ 116.856857012999967, -8.509599864999927 ], [ 116.856834822, -8.509703612999886 ], [ 116.856788423000012, -8.509777432999954 ], [ 116.856754128000034, -8.509827311999913 ], [ 116.85670772900005, -8.509893151999961 ], [ 116.856679485999962, -8.509966971999916 ], [ 116.856661330000065, -8.510024830999953 ], [ 116.856641156000137, -8.510092665999935 ], [ 116.856618965000166, -8.510144538999953 ], [ 116.856600809000042, -8.510188432999939 ], [ 116.856572565999954, -8.510248286999854 ], [ 116.856560462000061, -8.510328091999952 ], [ 116.856576601000029, -8.510415878999936 ], [ 116.856584670000075, -8.510597435999955 ], [ 116.856530202000044, -8.510677241999929 ], [ 116.856508011000074, -8.510775003999925 ], [ 116.85646564700005, -8.510826876999943 ], [ 116.856424291000053, -8.510904687999869 ], [ 116.856408152000085, -8.510948580999866 ], [ 116.85639302200002, -8.511018409999906 ], [ 116.85638293500017, -8.511079261999953 ], [ 116.856373857, -8.511135125999942 ], [ 116.856363770000144, -8.511171037999929 ], [ 116.856364779000046, -8.511203957999953 ], [ 116.856365787999948, -8.511232886999949 ], [ 116.856358727000156, -8.511264809999943 ], [ 116.856351666000023, -8.511284760999899 ], [ 116.856342587999961, -8.511304711999855 ], [ 116.856329475000052, -8.511321670999848 ], [ 116.856300355000144, -8.511327740999889 ], [ 116.856218079000087, -8.511603263999859 ], [ 116.85621297299997, -8.511673811999856 ], [ 116.856212468999956, -8.51171521099991 ], [ 116.856198347000031, -8.511766585999908 ], [ 116.856183216999966, -8.511835417999919 ], [ 116.856174139000132, -8.511878312999897 ], [ 116.856170104000057, -8.511908239999912 ], [ 116.856172122000089, -8.511939164999944 ], [ 116.856169096000144, -8.511972084999911 ], [ 116.856105548999949, -8.512169602999904 ], [ 116.856047045999958, -8.512245416999917 ], [ 116.856000646999973, -8.512311256999908 ], [ 116.855960300000106, -8.512359139999887 ], [ 116.855932057000018, -8.512381085999948 ], [ 116.855922473999954, -8.512452411999959 ], [ 116.855913396000119, -8.512479345999907 ], [ 116.855890197000122, -8.512526231999857 ], [ 116.855858928000089, -8.512569126999949 ], [ 116.855819589000134, -8.512597058999859 ], [ 116.855776215999981, -8.512602046999916 ], [ 116.85574696499998, -8.512602046999916 ], [ 116.855703592000168, -8.512611024999956 ], [ 116.855635001999985, -8.512710780999953 ], [ 116.855618863000018, -8.512811534999912 ], [ 116.855595663000031, -8.512862410999958 ], [ 116.85556641200003, -8.512883359999933 ], [ 116.855560359000151, -8.512907300999927 ], [ 116.855546237999988, -8.512937227999942 ], [ 116.85553110800015, -8.512975135999852 ], [ 116.855503369000076, -8.513006558999905 ], [ 116.855455457000176, -8.513045463999902 ], [ 116.855438813999967, -8.513082872999917 ], [ 116.855413597000052, -8.513103820999959 ], [ 116.855388380000022, -8.513117287999933 ], [ 116.855354085000158, -8.513118285999894 ], [ 116.855314235000037, -8.513128943999902 ], [ 116.855273004000082, -8.513175467999929 ], [ 116.855276668999977, -8.513196095999945 ], [ 116.855272635, -8.51320806699988 ], [ 116.855270616999974, -8.513221533999911 ], [ 116.855267087000016, -8.513233005999894 ], [ 116.855264060999957, -8.513246472999924 ], [ 116.855255487000136, -8.513259440999946 ], [ 116.855244392000031, -8.513267421999899 ], [ 116.85523632200011, -8.513277396999911 ], [ 116.855227748000061, -8.513288369999941 ], [ 116.855214131000139, -8.513296849999961 ], [ 116.855203540000048, -8.513301338999952 ], [ 116.855184880000024, -8.513306326999896 ], [ 116.855166219000012, -8.513306824999859 ], [ 116.855158576, -8.513304585999947 ], [ 116.855148310000118, -8.513316169999939 ], [ 116.854877481000131, -8.513595464999867 ], [ 116.854866138000034, -8.513645497999903 ], [ 116.854867147000164, -8.513671932999955 ], [ 116.854868660000079, -8.513684402999957 ], [ 116.854873702999953, -8.513703355999894 ], [ 116.854875215999982, -8.513716324999905 ], [ 116.85487420700008, -8.51373178699987 ], [ 116.854869668000106, -8.513742759999957 ], [ 116.854858573, -8.513764705999904 ], [ 116.854845964000106, -8.513780167999869 ], [ 116.854835373000014, -8.51379014399987 ], [ 116.854818226000134, -8.51380660399991 ], [ 116.854803599999968, -8.513820070999884 ], [ 116.854792, -8.513830544999848 ], [ 116.854781913000011, -8.513845009999898 ], [ 116.854769809000118, -8.513853488999871 ], [ 116.854688106000026, -8.513918828999863 ], [ 116.854609430000096, -8.513948755999877 ], [ 116.854569083, -8.514014594999878 ], [ 116.854494441000043, -8.514076443999954 ], [ 116.854466197999955, -8.514106370999855 ], [ 116.854433920000133, -8.514148267999929 ], [ 116.854403660000116, -8.514196150999908 ], [ 116.854359277999947, -8.514210116999891 ], [ 116.854288657000097, -8.514202695999927 ], [ 116.854262562000144, -8.514229606999947 ], [ 116.854232799999977, -8.514260299999876 ], [ 116.853645330000063, -8.514673209999955 ], [ 116.853103629999964, -8.514988899999878 ], [ 116.852684040000099, -8.515276909999898 ], [ 116.85211182, -8.515772829999889 ], [ 116.851905839999972, -8.516031269999871 ], [ 116.851875299999961, -8.516203879999864 ], [ 116.851776109999946, -8.51679707999989 ], [ 116.851387040000077, -8.517628669999908 ], [ 116.851020810000136, -8.518220879999944 ], [ 116.850753770000097, -8.518457409999883 ], [ 116.850555399999962, -8.518544189999943 ], [ 116.85028077000004, -8.518563269999959 ], [ 116.849693300000126, -8.518527969999866 ], [ 116.849349970000162, -8.518432629999893 ], [ 116.849044800000115, -8.518256189999931 ], [ 116.848716729999978, -8.518013949999954 ], [ 116.848594670000125, -8.51776695999996 ], [ 116.848083510000151, -8.516619679999906 ], [ 116.848091120000049, -8.5164127299999 ], [ 116.848121640000045, -8.516038879999883 ], [ 116.848022460000038, -8.515913029999865 ], [ 116.847770699999955, -8.515706069999908 ], [ 116.847183220000034, -8.515282609999929 ], [ 116.846763610000153, -8.514747639999882 ], [ 116.846099849999973, -8.513956069999949 ], [ 116.845787060000021, -8.513584129999913 ], [ 116.844970709999984, -8.512641899999949 ], [ 116.844528200000127, -8.512130739999918 ], [ 116.844192510000084, -8.511944749999884 ], [ 116.843757640000149, -8.511694899999895 ], [ 116.842048640000144, -8.510613439999872 ], [ 116.841766370000073, -8.510420799999906 ], [ 116.841590890000134, -8.510189059999902 ], [ 116.841514579999966, -8.510008819999939 ], [ 116.841529840000021, -8.509835259999875 ], [ 116.841636669999957, -8.509662639999874 ], [ 116.841896059999954, -8.509290709999959 ], [ 116.842063899999971, -8.508962639999879 ], [ 116.842453, -8.508488649999947 ], [ 116.842552180000098, -8.508192059999885 ], [ 116.84262085, -8.507922189999931 ], [ 116.842750550000119, -8.507716199999948 ], [ 116.842918410000152, -8.507585529999915 ], [ 116.843223559999956, -8.507443429999853 ], [ 116.84338379999997, -8.507432939999944 ], [ 116.843765250000047, -8.507436729999938 ], [ 116.843963619999954, -8.507323259999851 ], [ 116.844497680000131, -8.506910319999918 ], [ 116.844970709999984, -8.506573689999925 ], [ 116.845245370000157, -8.506455419999895 ], [ 116.84545899, -8.506430639999905 ], [ 116.847091679999949, -8.505503659999931 ], [ 116.847358719999988, -8.505320549999908 ], [ 116.84739685, -8.505292909999923 ], [ 116.84774017999996, -8.5050764 ], [ 116.84804535, -8.504893319999894 ], [ 116.848030070000164, -8.504811269999948 ], [ 116.847946170000114, -8.504654879999862 ], [ 116.84800722, -8.504586229999859 ], [ 116.848167409999974, -8.504450799999859 ], [ 116.84840391, -8.504225709999901 ], [ 116.848541260000161, -8.504266719999919 ], [ 116.848609919999944, -8.504374519999942 ], [ 116.848724370000014, -8.50454330999986 ], [ 116.848892220000039, -8.504506099999901 ], [ 116.849266070000112, -8.504360199999951 ], [ 116.849502540000117, -8.504238139999927 ], [ 116.84956360000001, -8.504127499999925 ], [ 116.849525440000093, -8.504068379999921 ], [ 116.849395739999977, -8.504015929999866 ], [ 116.84927368000001, -8.503946289999874 ], [ 116.849266070000112, -8.503872880000017 ], [ 116.84938048000015, -8.503740309999955 ], [ 116.849624630000108, -8.503532409999934 ], [ 116.849845900000105, -8.503489489999936 ], [ 116.849899280000045, -8.503545759999952 ], [ 116.850097649999952, -8.503736489999937 ], [ 116.850189219999947, -8.503680219999865 ], [ 116.850212100000022, -8.503593439999918 ], [ 116.850227350000068, -8.503251079999927 ], [ 116.850379930000031, -8.503064139999879 ], [ 116.850807210000085, -8.503076569999848 ], [ 116.85089873000004, -8.503252049999901 ], [ 116.851036069999964, -8.503448479999918 ], [ 116.851112380000131, -8.503441809999856 ], [ 116.851150510000025, -8.503401739999958 ], [ 116.851264950000086, -8.503294 ], [ 116.85127257, -8.503190049999944 ], [ 116.851303090000101, -8.503007899999943 ], [ 116.851409910000029, -8.502738009999916 ], [ 116.851478560000032, -8.502720819999922 ], [ 116.851600640000015, -8.502757059999908 ], [ 116.851860060000149, -8.502826679999941 ], [ 116.852005, -8.502787579999904 ], [ 116.852340710000135, -8.502706529999955 ], [ 116.852622979999978, -8.502754209999921 ], [ 116.853118890000019, -8.502883909999923 ], [ 116.853286740000044, -8.502803799999924 ], [ 116.853469850000124, -8.502724639999883 ], [ 116.853744509999956, -8.502718929999901 ], [ 116.853881850000107, -8.502662639999869 ], [ 116.854095460000167, -8.502596869999934 ], [ 116.854248050000024, -8.502619749999894 ], [ 116.854324339999948, -8.502593989999866 ], [ 116.854522709999969, -8.502523409999924 ], [ 116.854553200000055, -8.50257205999992 ], [ 116.854621870000074, -8.502767579999954 ], [ 116.85504913, -8.503168089999861 ], [ 116.855178830000114, -8.503170949999912 ], [ 116.85544587000004, -8.503050799999926 ], [ 116.855499259999988, -8.502934439999933 ], [ 116.855636600000139, -8.502659789999939 ], [ 116.855720529999985, -8.502612109999859 ], [ 116.855834970000046, -8.502626419999899 ], [ 116.855941769999959, -8.502696029999925 ], [ 116.856109619999984, -8.502797129999919 ], [ 116.856197087000055, -8.502842252999926 ], [ 116.856509775999939, -8.502820305999876 ], [ 116.856790188, -8.50277840699988 ], [ 116.857032271000094, -8.50278638799989 ], [ 116.857217867000145, -8.502828285999897 ], [ 116.857381272999987, -8.502888141999961 ], [ 116.857382165999979, -8.502888427999892 ], [ 116.857417333000171, -8.502905848999944 ], [ 116.85746121000011, -8.50293128699991 ], [ 116.857480375000023, -8.502959219999923 ], [ 116.857478862, -8.502987151999889 ], [ 116.857475332000035, -8.503018077999911 ], [ 116.857493991999945, -8.503051496999888 ], [ 116.857534844000043, -8.50313479599987 ], [ 116.857559052000056, -8.503195648999849 ], [ 116.85758830400016, -8.503252510999914 ], [ 116.857641763000061, -8.503325334999943 ], [ 116.857698249000123, -8.503364240999929 ], [ 116.85774969199997, -8.503395165999905 ], [ 116.85781122100002, -8.503420105999851 ], [ 116.857860646000177, -8.503472977999877 ], [ 116.857868198, -8.503500779999854 ], [ 116.857874768000102, -8.503545302999896 ] ] ], [ [ [ 116.81858744800013, -8.500314975999913 ], [ 116.818537381000056, -8.500265744999922 ], [ 116.818492128000116, -8.500165335999952 ], [ 116.818464894000158, -8.500049614999853 ], [ 116.81843665100007, -8.499867054999868 ], [ 116.818410425000138, -8.49956677799986 ], [ 116.818438668000113, -8.499299420999876 ], [ 116.818495153999947, -8.499186193999947 ], [ 116.818627290999984, -8.499039546999938 ], [ 116.818872399000043, -8.498831047999943 ], [ 116.818982345, -8.498785158999851 ], [ 116.81920173200001, -8.498762712999905 ], [ 116.819549560000155, -8.498805979999929 ], [ 116.819648750000056, -8.498875619999922 ], [ 116.819694520000098, -8.498904219999872 ], [ 116.819778420000148, -8.499011019999898 ], [ 116.819808960000159, -8.499165529999914 ], [ 116.81980132000001, -8.499349589999952 ], [ 116.819696992000104, -8.499826651999911 ], [ 116.819646054000145, -8.499934391999943 ], [ 116.81959461100007, -8.499992751999855 ], [ 116.819455414, -8.500101489999906 ], [ 116.819220392000148, -8.500164337999934 ], [ 116.81905900400011, -8.500185287999898 ], [ 116.81892309400007, -8.500228699999923 ], [ 116.818860799000163, -8.500290035999853 ], [ 116.818788175, -8.500345900999946 ], [ 116.81867318500008, -8.500350888999947 ], [ 116.81858744800013, -8.500314975999913 ] ] ], [ [ [ 116.831778415000144, -8.499071219999905 ], [ 116.83168359900003, -8.498964476999959 ], [ 116.831502038000053, -8.49904228999992 ], [ 116.831298285, -8.499060246999875 ], [ 116.83109856700014, -8.499060246999875 ], [ 116.830941214000063, -8.499000390999925 ], [ 116.830828242000052, -8.498858731999917 ], [ 116.830652731999976, -8.498675172999924 ], [ 116.830576073000088, -8.498469666999881 ], [ 116.830582125000092, -8.498220266999851 ], [ 116.830570020999971, -8.497938942999951 ], [ 116.83053774300015, -8.497717474999888 ], [ 116.830553882000117, -8.497547882999925 ], [ 116.830646679999973, -8.497180764999882 ], [ 116.830812103000085, -8.496707899999933 ], [ 116.830824206999978, -8.496577213999956 ], [ 116.83080806800001, -8.496376694999924 ], [ 116.830778817, -8.496275935999904 ], [ 116.830793946999961, -8.496176175999949 ], [ 116.830843581999943, -8.496068790999914 ], [ 116.830889186000149, -8.496035850999931 ], [ 116.830914988000131, -8.496030524999867 ], [ 116.830965422000077, -8.496041498999887 ], [ 116.831031849000169, -8.496068007999952 ], [ 116.831188338999937, -8.496123551999915 ], [ 116.831312407000041, -8.496187897999903 ], [ 116.831402179000065, -8.49626970099996 ], [ 116.831511116000115, -8.496358986999951 ], [ 116.831581723, -8.496429317999912 ], [ 116.831623079, -8.496489174999908 ], [ 116.83162333100006, -8.496557260999907 ], [ 116.831629383000177, -8.496605146999912 ], [ 116.831661156000109, -8.496647544999917 ], [ 116.83182758800001, -8.496777232999932 ], [ 116.83197964600015, -8.496857041999931 ], [ 116.832085557000141, -8.496923880999873 ], [ 116.832182390000071, -8.497026634999941 ], [ 116.832350839000014, -8.497198222999941 ], [ 116.83248600200011, -8.497357838999903 ], [ 116.832633268, -8.49760125499995 ], [ 116.83268370199994, -8.497720966999907 ], [ 116.832820881999965, -8.497805762999917 ], [ 116.833051868999974, -8.497894549999899 ], [ 116.833176945, -8.497964381999907 ], [ 116.833473496000124, -8.498135969999908 ], [ 116.834209830000077, -8.498343470999941 ], [ 116.834595144, -8.498471163999909 ], [ 116.834998615000131, -8.498718568999948 ], [ 116.835153950999938, -8.498946021999927 ], [ 116.835272975000066, -8.499177464999889 ], [ 116.835382921000132, -8.499456791999933 ], [ 116.835448485000029, -8.499632369999915 ], [ 116.835466641000039, -8.499823907999939 ], [ 116.835486814000092, -8.500107225999955 ], [ 116.835506988000134, -8.500370591999854 ], [ 116.835507996000047, -8.500598042999854 ], [ 116.835474709999971, -8.500783595999849 ], [ 116.835376869000129, -8.501015037999878 ], [ 116.835239689, -8.501139736999903 ], [ 116.8350440050001, -8.501143727999874 ], [ 116.834818061999954, -8.501089857999943 ], [ 116.834521511000048, -8.500962165999852 ], [ 116.834222942999986, -8.500802549999889 ], [ 116.834108404000062, -8.500746539999909 ], [ 116.833762482, -8.500554647999934 ], [ 116.833383218999984, -8.500359118999882 ], [ 116.833122980999974, -8.500209479999853 ], [ 116.832909141000073, -8.500085777999914 ], [ 116.832683198000041, -8.499956089999955 ], [ 116.832485497, -8.499828397999863 ], [ 116.832243415, -8.499606930999903 ], [ 116.832055801000138, -8.499427362999882 ], [ 116.8318944130001, -8.499238816999934 ], [ 116.831778415000144, -8.499071219999905 ] ] ], [ [ [ 116.808585411999957, -8.491074877999893 ], [ 116.808672662000163, -8.491101813999933 ], [ 116.808746295999981, -8.491127502999916 ], [ 116.808820938000167, -8.491155435999929 ], [ 116.808839094000064, -8.491199330999905 ], [ 116.80885724999996, -8.491273154999874 ], [ 116.808850188999941, -8.491339995999908 ], [ 116.808837076000032, -8.491405838999924 ], [ 116.808807825000031, -8.49145272699991 ], [ 116.808765460000018, -8.491478664999931 ], [ 116.808666610000159, -8.491493628999933 ], [ 116.808469918000014, -8.491504103999887 ], [ 116.808372329, -8.491497619999905 ], [ 116.808288356000162, -8.491456217999939 ], [ 116.808220114000164, -8.491346223999869 ], [ 116.808222792000038, -8.491320791999897 ], [ 116.808234897000034, -8.491268914999864 ], [ 116.80826011299996, -8.4911631679999 ], [ 116.808341815999938, -8.491090340999961 ], [ 116.80848353500005, -8.491069390999883 ], [ 116.808585411999957, -8.491074877999893 ] ] ] ] } }
]
}
