{"type":"FeatureCollection","name":"kec_5207_nov2025_1","crs":{"type":"name","properties":{"name":"urn:ogc:def:crs:OGC:1.3:CRS84"}},"features":[{"type":"Feature","properties":{"gid":331135,"luas":0.096269638178296,"kdkab":"07","kdkec":"04","nmkab":"SUMBAWA BARAT","nmkec":"SEKONGKANG","kdprov":"52","nmprov":"NUSA TENGGARA BARAT","sumber":null,"periode":"2025_1","idkec":"52.07.04"},"geometry":{"type":"MultiPolygon","coordinates":[[[[116.749322175,-9.00385449299994],[116.748510746,-9.00322211399993],[116.747287264,-9.00230797999995],[116.746089139,-9.00151906799994],[116.744954928,-9.00080466099997],[116.743971817,-9.00018542699991],[116.743150879,-8.99965948299997],[116.741185701,-8.99826948399993],[116.740875076,-8.99807851499991],[116.7406532,-8.99786250099993],[116.740459852,-8.99768405499994],[116.740285522,-8.99745864899996],[116.740003424,-8.99714558399995],[116.739711816,-8.99691391699993],[116.739242709,-8.99674799199994],[116.738665834,-8.99666033399996],[116.738041415,-8.99663841999996],[116.737524763,-8.99668850999995],[116.736946303,-8.99686226099994],[116.73670541,-8.99691548199991],[116.73652791,-8.99698592099993],[116.73630445,-8.99708923299995],[116.736184443,-8.99716767199993],[116.736088914,-8.99723011199995],[116.735996995,-8.99735690299991],[116.73594945,-8.99747743199993],[116.735942384,-8.99751639799996],[116.735930432,-8.99758230899994],[116.735905075,-8.99767935899998],[116.735859115,-8.99786563199996],[116.735813155,-8.99799085699994],[116.735846437,-8.99809103799993],[116.735798892,-8.99822408999997],[116.735708557,-8.99831252999991],[116.735653881,-8.99835401099994],[116.735558791,-8.99846906199992],[116.735526096,-8.99849945499995],[116.735451024,-8.99856924199992],[116.735374952,-8.99866629199994],[116.735289199,-8.99878332899993],[116.735287787,-8.9987852559999],[116.735192698,-8.99891361099992],[116.735109879,-8.99899820699995],[116.735007274,-8.99910301399997],[116.734806001,-8.99925797999993],[116.734710912,-8.99932607199993],[116.734527865,-8.99940668499995],[116.734310744,-8.99954130199996],[116.734107887,-8.99969939799993],[116.733882843,-8.99989819299992],[116.73377666,-8.99998898099995],[116.733675231,-9.00012359699991],[116.733601541,-9.00021073199992],[116.733562709,-9.00025664899994],[116.733435923,-9.00037874299996],[116.733339249,-9.00049927199996],[116.733228311,-9.00067458599995],[116.73321801,-9.00083424699995],[116.733206124,-9.00091564299995],[116.733177597,-9.00098686499997],[116.733080131,-9.00106825999997],[116.733019907,-9.00108547899992],[116.732913724,-9.00113478599991],[116.732787731,-9.00120444199996],[116.732652229,-9.00131870899992],[116.73254763,-9.00143297599994],[116.73245888,-9.00155663499993],[116.732354282,-9.00173820999993],[116.732314662,-9.00187752199992],[116.732270287,-9.00208101099992],[116.732290889,-9.00227041299991],[116.732324435,-9.00238637599996],[116.732328925,-9.00240189799998],[116.732342439,-9.00242238499993],[116.732397072,-9.00250520799995],[116.732531782,-9.00260382199992],[116.732690264,-9.00273687199996],[116.732717206,-9.00284800799995],[116.73273147,-9.00299671099994],[116.732690264,-9.00311097799994],[116.732566648,-9.00337707799992],[116.732427184,-9.00387171099994],[116.732227497,-9.00408145999995],[116.731891514,-9.00442582399996],[116.731546023,-9.00468722799991],[116.731462028,-9.00481871199992],[116.731322563,-9.00499245899993],[116.731172005,-9.00503002599993],[116.731097393,-9.00500382399991],[116.731029371,-9.00497993699991],[116.73090734,-9.00498776299993],[116.730791648,-9.00506446199995],[116.730788998,-9.00506921599992],[116.730713992,-9.00520377299995],[116.730547586,-9.00539630299996],[116.730471514,-9.00553561399994],[116.730395443,-9.00565457499994],[116.730368501,-9.00576414499995],[116.730408121,-9.00581423499995],[116.730454081,-9.00588154199994],[116.730474684,-9.00603180899992],[116.730436648,-9.00616172799995],[116.730373255,-9.00627129699995],[116.730287675,-9.00643721699993],[116.730227452,-9.00654365599991],[116.730122853,-9.00660939799991],[116.729923166,-9.00662974699994],[116.729834416,-9.00663444299994],[116.729739327,-9.00660783299994],[116.729681716,-9.00658220699995],[116.729661868,-9.00657036399992],[116.729398788,-9.00645453299995],[116.729216534,-9.00633870199994],[116.729039034,-9.00620095699992],[116.728886891,-9.00603660299994],[116.72876169,-9.00587850899997],[116.728726824,-9.00576267799995],[116.728726824,-9.00566876099993],[116.728749011,-9.00551849299996],[116.728771199,-9.00539640099995],[116.728866288,-9.00524300299992],[116.728942359,-9.00512717199997],[116.728946787,-9.00511861499998],[116.72897446,-9.00506514099995],[116.729015261,-9.00498629599992],[116.729081824,-9.00490176999996],[116.729192761,-9.00476089399996],[116.72929102,-9.00464506299994],[116.729417806,-9.00442592199995],[116.72956361,-9.00424434799993],[116.72973477,-9.00410660299991],[116.729962985,-9.00395633499996],[116.730229235,-9.00376223799992],[116.730298967,-9.00355561999993],[116.730530351,-9.00299837399996],[116.730552538,-9.00276984099992],[116.730457449,-9.00255069899993],[116.730351266,-9.00237225499996],[116.730216556,-9.00233312299993],[116.730179599,-9.00232582199994],[116.730042226,-9.00229868599996],[116.729914188,-9.00228824399996],[116.72986948,-9.00228459799998],[116.72982352,-9.00220789899994],[116.729772806,-9.00207641299994],[116.729674547,-9.00194179699994],[116.729565194,-9.00185883599994],[116.729439993,-9.00180561599996],[116.729303699,-9.00175552699994],[116.729069145,-9.00167256599992],[116.729032763,-9.00166047599993],[116.728899569,-9.00161621499996],[116.728749011,-9.00156925599993],[116.728647583,-9.00149725199992],[116.728606377,-9.00142524799992],[116.728563587,-9.00135324399991],[116.72856055,-9.00134188699991],[116.7285414,-9.00127028299994],[116.728473252,-9.00119358299992],[116.728389257,-9.00114192799992],[116.728149949,-9.00101044199994],[116.728024748,-9.00090556599991],[116.727723632,-9.00051423999992],[116.72764756,-9.00041092899994],[116.727284636,-8.99998829599991],[116.727214112,-8.99993116199996],[116.727172906,-8.99985133099994],[116.727145172,-8.99972062799992],[116.72713487,-8.99962670899993],[116.72722996,-8.99927607899991],[116.727404206,-8.99888333499996],[116.727600808,-8.99844020099994],[116.72767371,-8.99826801599996],[116.727752951,-8.99818348899993],[116.727780804,-8.99816209199992],[116.727895585,-8.99807391699995],[116.728003353,-8.99791425499996],[116.728066746,-8.9977452],[116.728123799,-8.99757614499993],[116.728174513,-8.99741335199993],[116.728317147,-8.99716916199993],[116.728418576,-8.99697819299996],[116.728668978,-8.99671208799992],[116.72888947,-8.99650286999992],[116.72917175,-8.99626445999991],[116.72942353,-8.99607754999995],[116.72963713,-8.99580765999992],[116.72973632,-8.99553011999996],[116.72980499,-8.99531266999993],[116.72995756,-8.99509618999991],[116.7301178,-8.99495696999992],[116.730493091,-8.99456511799991],[116.731810094,-8.99244185899994],[116.732038308,-8.99214757399997],[116.732279201,-8.99185328899996],[116.732573978,-8.99140873099994],[116.732830719,-8.99110505399995],[116.73300505,-8.99088590499992],[116.73318255,-8.99076380699996],[116.733348956,-8.99074815399996],[116.73347187,-8.99072484399995],[116.733547059,-8.99071058599993],[116.7336263,-8.99065266799994],[116.73371505,-8.99059944599993],[116.733829157,-8.99054622399998],[116.733906601,-8.99050008499995],[116.733929001,-8.99048673999994],[116.734012996,-8.99042725699991],[116.73406371,-8.99038499299991],[116.734174793,-8.99034441199996],[116.734179402,-8.99034272799992],[116.734257059,-8.9903020289999],[116.734364827,-8.99024411099992],[116.734483688,-8.99017053899991],[116.734570853,-8.99010949099993],[116.734727751,-8.99001087299997],[116.734789559,-8.98996547799993],[116.734894157,-8.98989503699995],[116.734994001,-8.98984024999993],[116.735068487,-8.98977763599993],[116.735146144,-8.98972128299993],[116.735207868,-8.98968033499995],[116.735252327,-8.98965084199995],[116.735377528,-8.98958822799995],[116.735379632,-8.98958760199992],[116.735556612,-8.98953500599992],[116.735708755,-8.98950682899995],[116.735875162,-8.98949743699997],[116.736032059,-8.98947552199991],[116.736123978,-8.98944421499994],[116.736166769,-8.98939099299992],[116.736269782,-8.98929394099992],[116.736325251,-8.98919062799997],[116.736394983,-8.98901843799996],[116.736440943,-8.98883685699993],[116.736480563,-8.98868501699991],[116.736520184,-8.98853474299994],[116.73655822,-8.98841890599994],[116.736627952,-8.98834846499994],[116.736765831,-8.98824828199992],[116.736859336,-8.98818566699994],[116.736919559,-8.98808861499993],[116.736949671,-8.98800721599993],[116.736989291,-8.98788590099992],[116.736993951,-8.98785252799991],[116.73700197,-8.98779510999993],[116.737046345,-8.98771292799996],[116.737074131,-8.98769404099994],[116.737120039,-8.98766283599991],[116.737213543,-8.98762839799991],[116.737272182,-8.98759709099994],[116.737345084,-8.98754856499996],[116.737392628,-8.98748751599994],[116.737430664,-8.98740142099998],[116.737475039,-8.98723705699996],[116.737506735,-8.98713530899994],[116.737541601,-8.98690363399993],[116.737573298,-8.98665630599993],[116.737585976,-8.98642776299994],[116.737582807,-8.98625557199995],[116.737579689,-8.98619089599994],[116.737566959,-8.98592684399995],[116.73756731,-8.9859152429999],[116.737567489,-8.98590930699993],[116.737573298,-8.98571708499992],[116.737604994,-8.98523494999995],[116.737624012,-8.9849406599999],[116.737579637,-8.98445226199995],[116.73737678,-8.98370088099995],[116.737230976,-8.98319995899994],[116.737091512,-8.98279295899994],[116.736926691,-8.98232960499996],[116.736742851,-8.98181615799998],[116.73657803,-8.98140289499992],[116.736413208,-8.98098336999995],[116.736381512,-8.98057636799996],[116.736368833,-8.98025076599992],[116.736470262,-8.97990950999992],[116.736590708,-8.97963713099995],[116.736698476,-8.97942110599998],[116.736818923,-8.97924891199997],[116.736888655,-8.97909550299994],[116.73692986,-8.97892017799997],[116.736939369,-8.97880746899996],[116.73693303,-8.97855387399994],[116.73692986,-8.97825018499992],[116.736863298,-8.97787448799994],[116.736727003,-8.97737042699995],[116.736560597,-8.97694307099996],[116.736524146,-8.97683036099994],[116.736433811,-8.97666442799993],[116.736362494,-8.97655641499994],[116.736234124,-8.97644370499995],[116.736078811,-8.976367],[116.735926668,-8.97632003699993],[116.735717472,-8.97629812199994],[116.735527293,-8.97623550499994],[116.735406172,-8.97619613299992],[116.735281765,-8.97615339199996],[116.735208744,-8.97610263599996],[116.735162768,-8.97601715199995],[116.735160063,-8.97594769599995],[116.735170881,-8.97586755499992],[116.735197926,-8.9757713859999],[116.735214153,-8.97564583099997],[116.735238493,-8.97556034699994],[116.735241198,-8.97549089099993],[116.73523038,-8.97542143599991],[116.735206039,-8.97536800799992],[116.735216857,-8.97530389499993],[116.735233084,-8.97517833999997],[116.73523038,-8.97505278599994],[116.735222266,-8.97488983199992],[116.735157359,-8.97473489199998],[116.73505649,-8.97463940999996],[116.735027543,-8.97461200799995],[116.734862569,-8.97449713899993],[116.734673255,-8.97440363999994],[116.734429851,-8.97433151299992],[116.734340603,-8.97429678499993],[116.734246757,-8.97420828999992],[116.734129481,-8.97405487899994],[116.733812516,-8.97374179399992],[116.733387784,-8.97329095199996],[116.73306765,-8.97295595099997],[116.732636579,-8.97257085599994],[116.732415996,-8.97236468699992],[116.732341802,-8.97229534099996],[116.732162717,-8.97216540999995],[116.731958275,-8.97206209099996],[116.731766512,-8.97195877299995],[116.731679646,-8.97191287899994],[116.731630217,-8.97188676299993],[116.73151294,-8.97180222999992],[116.731460641,-8.97173335099996],[116.731454208,-8.97172308699995],[116.731337025,-8.97153610599992],[116.731140507,-8.97135764699994],[116.730766489,-8.97114005199995],[116.730428922,-8.97103986399993],[116.730110373,-8.97100855499992],[116.729725261,-8.97097411599993],[116.72920544,-8.97094280699992],[116.728768029,-8.97083009599993],[116.728432047,-8.97072051499993],[116.728146779,-8.97060780399994],[116.727747404,-8.97050448499993],[116.727167359,-8.97036985699994],[116.726856734,-8.97029784699994],[116.72644785,-8.97022270599998],[116.726029457,-8.97016948099991],[116.725706154,-8.97016634999994],[116.725443073,-8.97021018199996],[116.725057962,-8.97024618699994],[116.724928006,-8.97027906199993],[116.724755261,-8.97029471599995],[116.724606288,-8.97032445899993],[116.724457314,-8.97036359499993],[116.724371734,-8.97041525499992],[116.724341622,-8.97046691399993],[116.72432102,-8.97052953199994],[116.724313096,-8.97059527999994],[116.724308341,-8.97065633199992],[116.724272683,-8.97080896199992],[116.724249703,-8.97088723399993],[116.724242571,-8.97092402199991],[116.72422593,-8.97097802899992],[116.724207705,-8.97102420999994],[116.724194893,-8.97103580999994],[116.724179178,-8.97105003899992],[116.724157895,-8.97105678199996],[116.72413718,-8.97106334499995],[116.724076165,-8.97107508599993],[116.724015942,-8.97108369599994],[116.723933531,-8.97110717799995],[116.723835272,-8.97113848599991],[116.723713241,-8.97116979499993],[116.723602303,-8.97120266899993],[116.723526232,-8.97122615099994],[116.723462839,-8.97127154799994],[116.723358241,-8.97131851099993],[116.723204513,-8.97139678299993],[116.723145874,-8.97143748399993],[116.72311814,-8.97147896799993],[116.723115306,-8.97148536699997],[116.723108914,-8.97149979699992],[116.723107046,-8.97150401499994],[116.723112593,-8.97153219299992],[116.723123553,-8.97154066499991],[116.723149044,-8.97156037099995],[116.723179156,-8.97157602499994],[116.723207683,-8.97161907399995],[116.723224323,-8.97165977599991],[116.723245718,-8.97170517299994],[116.723267906,-8.97173648199993],[116.723291678,-8.97177561799993],[116.723297225,-8.97184997599993],[116.72327583,-8.97191415799995],[116.723258397,-8.97194781499992],[116.72322987,-8.97200103999996],[116.723205305,-8.97203860999993],[116.723172024,-8.97208009399993],[116.723153006,-8.97210748899994],[116.723129234,-8.97213488399995],[116.723104669,-8.97216071399993],[116.723076142,-8.97218028099991],[116.723021582,-8.97222791199994],[116.722992939,-8.97225620499995],[116.722969959,-8.97229847099993],[116.722977883,-8.97236265399995],[116.722973129,-8.97240570299993],[116.722998486,-8.97257946599996],[116.723013542,-8.97265304099995],[116.723034937,-8.97269452499996],[116.723076142,-8.97271096199997],[116.723077194,-8.97271152399992],[116.723124479,-8.97273679099993],[116.723156176,-8.97277279599996],[116.723192627,-8.97279705999995],[116.723242549,-8.97281584499996],[116.72329564,-8.97282132399994],[116.723343977,-8.97281114899994],[116.723376466,-8.97279627799992],[116.723417671,-8.97278375399992],[116.723466008,-8.97276966499993],[116.723512761,-8.97277592699993],[116.723557928,-8.97280019099992],[116.723580116,-8.97282367299995],[116.723622906,-8.97283776099995],[116.723717995,-8.97284871899996],[116.723763955,-8.97284245799994],[116.723852705,-8.97289568199994],[116.723890741,-8.97301778499993],[116.723878062,-8.97311484199992],[116.723792482,-8.97321815999995],[116.723678375,-8.97330582399991],[116.723614178,-8.97334133399994],[116.723599133,-8.97334965599993],[116.723478687,-8.97346862799992],[116.723450327,-8.97355266699993],[116.723437482,-8.97359073099995],[116.723437482,-8.97372848799995],[116.7234565,-8.97383180599991],[116.72345016,-8.97387563799992],[116.723399446,-8.97400400299995],[116.723301187,-8.97415115199993],[116.72328186,-8.97417945899991],[116.723209267,-8.97428577899995],[116.723164038,-8.97435685399995],[116.723139535,-8.97439535799993],[116.723091991,-8.97443292799994],[116.72300958,-8.97447049799996],[116.722844758,-8.97449554499992],[116.722789402,-8.97448330399993],[116.722658984,-8.97445446299992],[116.722632392,-8.97444858199992],[116.72262466,-8.97444466599995],[116.722508776,-8.97438596599994],[116.722353464,-8.97433900299996],[116.722259819,-8.97434497099994],[116.722255205,-8.97434526499996],[116.72212208,-8.97441727399997],[116.721995294,-8.97450806799992],[116.721545205,-8.97478984399994],[116.721464379,-8.97486811499994],[116.721380383,-8.97496047399995],[116.721269446,-8.97509196999994],[116.721177526,-8.97524224999995],[116.7210967,-8.97535339399991],[116.720990517,-8.97540505299992],[116.720816187,-8.97545671199994],[116.720587972,-8.97550367399993],[116.720391455,-8.97553341699997],[116.719788899,-8.97556182999995],[116.719760696,-8.97556315999993],[116.719719642,-8.97556956299992],[116.719640249,-8.97558194499993],[116.719538821,-8.97554750599996],[116.719402526,-8.97548801999995],[116.719402357,-8.97548790199995],[116.719253553,-8.97538470199994],[116.719136276,-8.97531269299992],[116.718895383,-8.97517180599994],[116.718663999,-8.97506848799993],[116.718639898,-8.97504357499992],[116.718527704,-8.97492760099995],[116.718404088,-8.97475853499993],[116.718367859,-8.97470092299996],[116.718180628,-8.97440318499994],[116.71811882,-8.97433900299996],[116.718063352,-8.97423881599991],[116.718026901,-8.97416993699996],[116.718014222,-8.97410575499993],[116.718034825,-8.97401965699994],[116.718049088,-8.97396330199998],[116.718050673,-8.97389755399991],[116.718037995,-8.97381458699994],[116.718009468,-8.97375510099994],[116.717952414,-8.97369561399996],[116.717873173,-8.97367369899997],[116.717784423,-8.97365021699994],[116.717692503,-8.97363769399994],[116.717614227,-8.97362419399991],[116.71759266,-8.97362047399993],[116.717438932,-8.97350463299995],[116.7173692,-8.97338252999993],[116.717331164,-8.97327294999992],[116.71729709,-8.97307648899994],[116.717270148,-8.97301856799993],[116.717255093,-8.97293951399996],[116.717252715,-8.97289568199994],[116.717241622,-8.97282993399995],[116.717240829,-8.97277514399991],[116.717236226,-8.97275847199996],[116.717224189,-8.97271487499995],[116.717149702,-8.97268043599991],[116.717087102,-8.97267182599997],[116.716983296,-8.97269687299997],[116.716909602,-8.97272661599992],[116.716850963,-8.97275244599997],[116.716823229,-8.97278218899994],[116.71681086,-8.97280427399995],[116.716802626,-8.97281897599993],[116.716781231,-8.97285263299994],[116.716763006,-8.97286593899992],[116.716733686,-8.97286437399993],[116.716704738,-8.97285224299992],[116.716629088,-8.97282054199991],[116.716583921,-8.97280019099992],[116.716514981,-8.97277044799994],[116.716444456,-8.97272896399994],[116.716434947,-8.97268278399992],[116.716433363,-8.97263503899995],[116.716423854,-8.97257946599996],[116.716410383,-8.97252154499995],[116.716399289,-8.97243701199995],[116.716374724,-8.97232195299995],[116.716355706,-8.97223585399991],[116.716308162,-8.97216071399993],[116.716266956,-8.97209653099992],[116.716225751,-8.97201512899994],[116.716209903,-8.9719415529999],[116.716190885,-8.97185545499991],[116.716151264,-8.97177874799991],[116.716102135,-8.97168951899994],[116.71606093,-8.97154080299993],[116.716021309,-8.97143904999997],[116.716009423,-8.97139286899994],[116.715989613,-8.97133103499994],[116.715969802,-8.97125276299995],[116.7159492,-8.97118466699993],[116.715935729,-8.97111735299996],[116.715896901,-8.97105864899993],[116.715871543,-8.97106412799991],[116.715854903,-8.97109387099993],[116.715831923,-8.97111343899991],[116.715789133,-8.97110874299995],[116.715744758,-8.97109700199991],[116.715530014,-8.97099211799991],[116.715514166,-8.9710156],[116.715498318,-8.97107117299993],[116.715468206,-8.97112126599996],[116.7154167,-8.97118153599997],[116.715334289,-8.97114631299992],[116.715286744,-8.97111970099992],[116.715253463,-8.97109856799995],[116.715224144,-8.97107821699996],[116.715197202,-8.97105786599991],[116.715194493,-8.97105536299995],[116.715172637,-8.97103516799998],[116.715136186,-8.97099290099993],[116.715088642,-8.97093654499992],[116.715100528,-8.97092010799992],[116.715116376,-8.97090132299991],[116.715146488,-8.97085905599994],[116.715176599,-8.97081522399992],[116.715179084,-8.97081215599991],[116.715201956,-8.97078391499992],[116.715211465,-8.97074321399993],[116.715206711,-8.97070094699995],[116.715210673,-8.97065554899997],[116.715213842,-8.97058119099997],[116.715209088,-8.97053579299996],[116.715197202,-8.97049196099994],[116.715174222,-8.97045439099992],[116.71515336,-8.97043090799992],[116.715140148,-8.97041603799994],[116.715114791,-8.97038629399992],[116.715100528,-8.97034480999992],[116.715097358,-8.97030176099992],[116.715093396,-8.97020939999993],[116.715105157,-8.97016641699993],[116.715109244,-8.97015147799993],[116.715123508,-8.97011077699995],[116.715131432,-8.97007633699991],[116.715129847,-8.97003407099993],[116.715128262,-8.96999023799993],[116.715128262,-8.96994327499994],[116.715125092,-8.96990726999993],[116.715117168,-8.96986656899992],[116.715118753,-8.96983369399994],[116.715139356,-8.96978673099996],[116.715155204,-8.96973820199991],[116.715175807,-8.96968341199996],[116.715167883,-8.96964114499992],[116.715183731,-8.96955817699995],[116.715197757,-8.96945874699992],[116.715210673,-8.96936719299993],[116.715255048,-8.9693170989999],[116.71532161,-8.96925134999992],[116.7154167,-8.96923256499993],[116.715518128,-8.96922004099992],[116.715606878,-8.96924195699997],[116.715612363,-8.96924386999996],[116.715660762,-8.96926074299997],[116.715720985,-8.96922004099992],[116.715822414,-8.96918873199991],[116.715993575,-8.96912924599991],[116.716205941,-8.96908541299996],[116.716358084,-8.96896643899993],[116.716415137,-8.96883181099992],[116.716427816,-8.96873475399991],[116.71639295,-8.96864395799992],[116.7163042,-8.96850932999997],[116.716196432,-8.96842792599995],[116.716047459,-8.96836530799993],[116.715904825,-8.96835591599997],[116.715733664,-8.96837783199994],[116.715654423,-8.96843105699992],[116.715537146,-8.96840914099994],[116.715489601,-8.968334],[116.715451566,-8.96822128699995],[116.715442057,-8.96812736099992],[116.715448396,-8.96803656499992],[116.715486432,-8.96794576899994],[116.715527637,-8.96785497299994],[116.715603709,-8.96773286799993],[116.715651253,-8.96760136999997],[116.715711476,-8.96745421699996],[116.715730494,-8.96731019599992],[116.715724155,-8.96716617399995],[116.715681365,-8.96694231499993],[116.715675026,-8.96684995299996],[116.715656008,-8.96671219299992],[116.715649668,-8.96658852199994],[116.715689289,-8.96647894099995],[116.715734456,-8.96632865699992],[116.715743173,-8.96628638999994],[116.715736834,-8.96622924999991],[116.715712269,-8.96617524199993],[116.715661555,-8.96611653799995],[116.71563382,-8.96607113899995],[116.715630651,-8.96602260999994],[116.715641744,-8.96596233999992],[116.715649668,-8.96589659099993],[116.715655215,-8.96583632099992],[116.715663312,-8.96580517299992],[116.715670271,-8.96577839899993],[116.715678195,-8.96573300099993],[116.715696421,-8.96568055799992],[116.715707514,-8.96565629299994],[116.715732872,-8.96564063899997],[116.715772492,-8.96563046299991],[116.715817659,-8.96562106999994],[116.71585411,-8.96560306799995],[116.715885014,-8.96558897899996],[116.715896901,-8.96557175899996],[116.715971783,-8.96553888399995],[116.715999122,-8.96553457899996],[116.716025667,-8.96552792599993],[116.716045478,-8.96551618499996],[116.716102531,-8.96550483499994],[116.71614651,-8.96550052999993],[116.716180302,-8.96550032199992],[116.716209903,-8.96550013899992],[116.716280427,-8.96549896499993],[116.716331142,-8.96550326999994],[116.71638146,-8.96549739899996],[116.716425042,-8.96546452499995],[116.71645555,-8.96543947699996],[116.71649002,-8.96541168999994],[116.716495196,-8.96540942999992],[116.71652766,-8.96539525299996],[116.716559356,-8.96539133899995],[116.716586298,-8.96540268899991],[116.716646917,-8.96550052999993],[116.71666752,-8.96552244699996],[116.716711895,-8.96564142099993],[116.71671348,-8.96568681999992],[116.716730913,-8.96573534899995],[116.716767364,-8.96581362199995],[116.716833926,-8.96589345999995],[116.716908413,-8.96599051799997],[116.71693377,-8.96610792799993],[116.716990824,-8.96618463499994],[116.717035199,-8.96618776599991],[116.717117609,-8.96617993899992],[116.717185757,-8.96617367699993],[116.717225377,-8.96617680799994],[116.717257074,-8.96619559299995],[116.717303033,-8.96621281299993],[116.717317708,-8.96621328099991],[116.717352163,-8.96621437899996],[116.717396538,-8.96618150399991],[116.717428234,-8.96613610599992],[116.717437468,-8.96610190299992],[116.717440913,-8.96608914199993],[116.717455176,-8.96604374399994],[116.717483703,-8.96599677999995],[116.717531248,-8.96597329799994],[116.717572453,-8.9659701669999],[116.71759781,-8.96598112599993],[116.717632676,-8.96598895299991],[116.717684975,-8.96597486399992],[116.717724596,-8.96594355499991],[116.71777531,-8.96591850699993],[116.717816516,-8.96589972199997],[116.717891002,-8.96591067999993],[116.717911605,-8.96593572699993],[116.717919529,-8.9659701669999],[116.717900511,-8.96601243499994],[116.717884663,-8.96604530899992],[116.717865645,-8.96608601099996],[116.717852967,-8.96613767099998],[116.717851382,-8.96618776599991],[116.717878324,-8.96622533699991],[116.717949641,-8.96622377099993],[116.718022542,-8.96620498599993],[116.71808752,-8.96620655099992],[116.718169931,-8.96624725299995],[116.718272944,-8.96630830599992],[116.718350601,-8.96634744199991],[116.718398145,-8.96638501299993],[116.718478971,-8.96643354199995],[116.718505913,-8.96647111299997],[116.718540779,-8.96654782099995],[116.71857406,-8.96659478399996],[116.718608926,-8.96662765899994],[116.71866598,-8.96666053299993],[116.718678659,-8.96670436599994],[116.718730958,-8.96677481099994],[116.718767409,-8.96683899499994],[116.718826047,-8.96686717299992],[116.71892906,-8.96690630899993],[116.719013056,-8.96695483799993],[116.719047922,-8.96698301699991],[116.719047922,-8.96703154599994],[116.719028904,-8.96706441999993],[116.719005132,-8.96712077599995],[116.718960757,-8.96716930499992],[116.718891025,-8.96723192299993],[116.718824462,-8.96726479799994],[116.718778502,-8.96732898099993],[116.718768993,-8.96737281399994],[116.7187579,-8.96748865699993],[116.718746806,-8.96759197699994],[116.718723034,-8.96769999299995],[116.718696092,-8.96782053299996],[116.718675489,-8.96795202999994],[116.718672925,-8.96797767099991],[116.71866915,-8.96801543099991],[116.718719864,-8.96807491799996],[116.718794351,-8.96812188099995],[116.718887855,-8.96815710399996],[116.718969473,-8.96818762999993],[116.719176293,-8.96824868299997],[116.719253156,-8.96826825099993],[116.719340322,-8.96828155699996],[116.719383112,-8.96825650999995],[116.71942194,-8.96819858799995],[116.719451259,-8.96816962799994],[116.719486125,-8.96813205699994],[116.719532877,-8.96807335299991],[116.719559027,-8.96800447299997],[116.719562197,-8.96795594399992],[116.719572498,-8.96793480999991],[116.719589139,-8.96792306999992],[116.719627967,-8.96793011399996],[116.719669965,-8.96793402799995],[116.719702453,-8.96792933099994],[116.719731773,-8.96790506699995],[116.719742074,-8.96786123399994],[116.719749998,-8.96780879199992],[116.719735735,-8.96777122099991],[116.719715132,-8.96771408199993],[116.719715176,-8.96771350599995],[116.719717509,-8.96768277299992],[116.719720679,-8.96765850899995],[116.719767431,-8.96765146399992],[116.719822107,-8.96765224699994],[116.719872822,-8.96766476999994],[116.719949686,-8.96769373099994],[116.720013871,-8.96773130199996],[116.720097866,-8.96775634899996],[116.720185032,-8.96774695699992],[116.720269027,-8.96775478399991],[116.720348268,-8.96775008699996],[116.720365701,-8.96773286799993],[116.720394228,-8.96770781999992],[116.720451282,-8.96770468899996],[116.72046713,-8.96771251699994],[116.720487732,-8.96775321799993],[116.720473469,-8.96778296199995],[116.720459206,-8.96782835999994],[116.720487732,-8.96787688899991],[116.720578067,-8.96792854899991],[116.720628962,-8.96793879799992],[116.720741304,-8.96796142299991],[116.720902956,-8.96796142299991],[116.721021817,-8.96790193599992],[116.721036081,-8.96783618699993],[116.721034496,-8.96771564799993],[116.721056683,-8.9676326789999],[116.721086795,-8.96757788799995],[116.72113117,-8.96753718599997],[116.7211803,-8.9674651759999],[116.72118348,-8.96745395599994],[116.721191393,-8.96742603899992],[116.721280143,-8.96741351599993],[116.721309747,-8.96743375999996],[116.721317348,-8.96743895799995],[116.721321349,-8.96744169399994],[116.72133127,-8.96746487399992],[116.721341951,-8.9674898309999],[116.721356421,-8.96749525999991],[116.721384812,-8.96750591299991],[116.721393062,-8.96750900799994],[116.721456058,-8.96751174799994],[116.721500433,-8.96749922399994],[116.721533715,-8.96748356999995],[116.721536922,-8.9674821339999],[116.721584429,-8.96746087099996],[116.721637917,-8.9674401279999],[116.721711611,-8.96742251699994],[116.72175242,-8.96742838799992],[116.721783426,-8.96744370099993],[116.721785701,-8.96744482499992],[116.721817398,-8.96745343499993],[116.721839439,-8.96745343499993],[116.721854245,-8.96745343499993],[116.721887922,-8.96745147799993],[116.72192992,-8.96746595799995],[116.721935607,-8.96746908899991],[116.721954089,-8.96747926499996],[116.721986578,-8.96748082999994],[116.722009954,-8.96747182899993],[116.722026594,-8.96745539199992],[116.722048386,-8.96743308399993],[116.722052818,-8.96742129499997],[116.722058687,-8.96740568899992],[116.722061857,-8.96737907599993],[116.722061857,-8.96735872499995],[116.722077309,-8.96732311099993],[116.722099892,-8.96728006099995],[116.722146644,-8.96721392099994],[116.722255997,-8.96714504099993],[116.722346332,-8.96710433899996],[116.722427158,-8.96707616099991],[116.722476287,-8.96704798299993],[116.722512738,-8.96702136999994],[116.722539683,-8.96699919099996],[116.722541265,-8.96699788799993],[116.72254251,-8.96699772399995],[116.72258881,-8.96699162699992],[116.72267439,-8.96699319199997],[116.722780573,-8.96698223399995],[116.722893095,-8.96695092499994],[116.722991354,-8.96691491899992],[116.723038899,-8.96687578299992],[116.723088029,-8.96681472999996],[116.723140328,-8.96675054699995],[116.723154591,-8.96671141099995],[116.723192627,-8.96666601199991],[116.723206255,-8.96665351299995],[116.723237002,-8.96662531099992],[116.723313073,-8.96658147799991],[116.723412917,-8.96653451399994],[116.723508006,-8.96651729399991],[116.723537288,-8.96651264599996],[116.723596756,-8.96650320499992],[116.723660149,-8.96649694299993],[116.723720372,-8.96647815799991],[116.72373939,-8.96643745599994],[116.723736221,-8.96639518899992],[116.723718787,-8.96635448699993],[116.723601511,-8.96632161199996],[116.723512761,-8.96630595799993],[116.723414502,-8.96627621399996],[116.723400238,-8.96622611999993],[116.723411332,-8.96617602499992],[116.723436689,-8.96612592999993],[116.723468386,-8.96608679399993],[116.723479479,-8.96604765799993],[116.72347631,-8.96600852099994],[116.723487404,-8.96595059899994],[116.723509591,-8.96590989699997],[116.723558476,-8.96584771199992],[116.723590417,-8.96580970799994],[116.723637962,-8.96578935699995],[116.723692638,-8.96577448499994],[116.723809915,-8.96576509299995],[116.723894703,-8.96575726499992],[116.723950171,-8.96575648299995],[116.724019111,-8.96575883099996],[116.724076165,-8.96576352699993],[116.724113408,-8.96576744099992],[116.724128464,-8.96578466099995],[116.724141142,-8.96580970799994],[116.724139558,-8.96587702299991],[116.724133218,-8.96592007299997],[116.724122917,-8.96594590299992],[116.724092805,-8.96595216499993],[116.724069488,-8.96595677099993],[116.724057147,-8.96595920899995],[116.724036544,-8.96596233999992],[116.72403179,-8.96597721199994],[116.724060317,-8.96599834599994],[116.724084881,-8.96601791399991],[116.724100491,-8.96602083799992],[116.724130841,-8.96602652399991],[116.724181555,-8.96604687499996],[116.724218006,-8.96605704999996],[116.724253665,-8.96606722599995],[116.724322605,-8.96608209799996],[116.724409487,-8.96610016499994],[116.724443051,-8.96610714499993],[116.724520707,-8.96609931799992],[116.724622136,-8.96606331199996],[116.724671265,-8.96602730699993],[116.724744167,-8.96599599799993],[116.724791712,-8.96596155699995],[116.724805013,-8.96594707099996],[116.72485352,-8.96589424299992],[116.7249391,-8.96583945199996],[116.725013587,-8.96577839899993],[116.725103922,-8.96570012599995],[116.725178408,-8.96564063899997],[116.725241801,-8.96559993699993],[116.725332136,-8.96560150199991],[116.725339025,-8.96560349399994],[116.725397114,-8.96562028799991],[116.72549458,-8.96561715699995],[116.725529446,-8.96560384999993],[116.725585707,-8.96558741299992],[116.725628498,-8.9655701929999],[116.725653855,-8.96555297299994],[116.725653855,-8.96553027399995],[116.725637214,-8.96551305399994],[116.725465261,-8.96549661699993],[116.725468431,-8.96546765599993],[116.725504881,-8.96539877499993],[116.725539748,-8.96534711499992],[116.725569859,-8.96529701999992],[116.725598386,-8.96524222899996],[116.72565227,-8.96519369999994],[116.725701399,-8.96514360499993],[116.725748944,-8.96509820699994],[116.725783681,-8.96505921599993],[116.72578381,-8.96505907099994],[116.725831355,-8.96501367199994],[116.725866221,-8.96497296999991],[116.72592169,-8.96494479199993],[116.725983498,-8.96494479199993],[116.726059569,-8.96495731599992],[116.726129301,-8.96496044599991],[116.726194279,-8.96496514299993],[116.726218051,-8.96498862499993],[116.726268765,-8.96502932699992],[116.726340082,-8.96505437399992],[116.726363863,-8.96505907199993],[116.726379703,-8.96506220099991],[116.726438172,-8.9650500429999],[116.726439926,-8.96504967799997],[116.72649698,-8.96503715399996],[116.726557203,-8.96505280899993],[116.726596824,-8.96506533199996],[116.726655462,-8.96508568299993],[116.726726376,-8.96509714599996],[116.726742627,-8.96509977199992],[116.726826623,-8.96513421299994],[116.726929636,-8.96514986699993],[116.72702631,-8.96511229599991],[116.7270691,-8.96505124299995],[116.727135663,-8.9648320789999],[116.727199056,-8.96455655699993],[116.727254524,-8.96431390999991],[116.727271958,-8.96410883499994],[116.727262449,-8.96389749699996],[116.727248185,-8.96375973599993],[116.727210149,-8.96359849299995],[116.727162605,-8.96344664199995],[116.727122984,-8.96336054199992],[116.727084949,-8.96321025699996],[116.727048498,-8.96308188799994],[116.726966087,-8.96293786499996],[116.726859904,-8.96287994299991],[116.726683989,-8.96291438299994],[116.726558788,-8.96293160299997],[116.726325819,-8.96296134699992],[116.726214882,-8.96296134699992],[116.72600727,-8.96293316899994],[116.725853542,-8.96291125199991],[116.725702984,-8.96291594799995],[116.725584123,-8.96295195399995],[116.725476355,-8.96298013299993],[116.725374926,-8.96301613899993],[116.725303609,-8.96302709699996],[116.725263989,-8.96300674599991],[116.725243386,-8.96295821599995],[116.725225953,-8.96289090099993],[116.725476355,-8.96277662199992],[116.725311533,-8.96272339599994],[116.725172069,-8.96268582399995],[116.725092828,-8.96268112799993],[116.724769524,-8.96262633599991],[116.724593609,-8.96255902099995],[116.724476332,-8.96249327099991],[116.724378073,-8.96239151599993],[116.724298832,-8.96223340299992],[116.724233855,-8.96208311799995],[116.724213252,-8.96187490899997],[116.724230685,-8.96154615999995],[116.724263966,-8.96134734399994],[116.724295663,-8.96121740999997],[116.724335283,-8.96109530199994],[116.724385997,-8.96099354599996],[116.724469993,-8.96087613499992],[116.724531801,-8.96077437899993],[116.724660172,-8.96064287899992],[116.724790127,-8.96047380699992],[116.724851935,-8.96040179499995],[116.724973966,-8.96025620499995],[116.725059547,-8.96013722899995],[116.725108676,-8.96008713299995],[116.725172069,-8.96008713299995],[116.725246556,-8.96009965699996],[116.725317872,-8.96016384199994],[116.725344814,-8.96021080599992],[116.725441489,-8.96025933599994],[116.725552426,-8.96031256299995],[116.725723587,-8.96036578899993],[116.725801397,-8.96037417399993],[116.725897917,-8.96038457499992],[116.726021533,-8.96042214599994],[116.726199033,-8.96058808699993],[116.726297292,-8.96072271799995],[116.726314964,-8.96075217499993],[116.726348007,-8.96080725399993],[116.72640506,-8.96080725399993],[116.726458944,-8.96073524199995],[116.726449435,-8.96063192099995],[116.726436757,-8.96040962199993],[116.72640823,-8.96024368099996],[116.726411399,-8.95993997799991],[116.726427248,-8.95979282299994],[116.726373364,-8.95967384599995],[116.726351176,-8.95960496399993],[116.726309971,-8.95951729699993],[116.726300462,-8.95943589199993],[116.726300462,-8.95933883199996],[116.726300462,-8.95925429599993],[116.726300462,-8.95918541399994],[116.726306801,-8.95908835399996],[116.726291585,-8.95902823199993],[116.726281444,-8.95898816299997],[116.726268765,-8.95891928199997],[116.726303632,-8.95880030499996],[116.726354746,-8.95868970499994],[116.726370194,-8.95865627999996],[116.726446265,-8.95854043399994],[116.726626935,-8.95842145599994],[116.726769569,-8.95831187199991],[116.726856734,-8.95813340599995],[116.726904279,-8.95801286399995],[116.727002538,-8.9578751],[116.72716102,-8.95771698599992],[116.727313163,-8.95759644299995],[116.727595261,-8.95746180999993],[116.727827885,-8.95736103899994],[116.727884424,-8.95733001099997],[116.728131964,-8.95719416599991],[116.728350582,-8.95713526999993],[116.72851554,-8.95710974899993],[116.72877987,-8.95712938099997],[116.729077986,-8.95716864499991],[116.729211144,-8.95719220299992],[116.729250975,-8.95721981399994],[116.729324429,-8.95727073099993],[116.729453612,-8.95734140699996],[116.729598695,-8.95738852399996],[116.729694093,-8.95723931999995],[116.729868987,-8.95699097499994],[116.730014071,-8.95684766099992],[116.730146236,-8.95670532799995],[116.730334049,-8.95662483699993],[116.730505749,-8.95659703199994],[116.7305159,-8.95659538899992],[116.730540361,-8.95659428999994],[116.730668933,-8.95658851699995],[116.730779031,-8.95660412399991],[116.730779733,-8.95660422299994],[116.730789404,-8.95660638599992],[116.730885067,-8.95662778199994],[116.731007295,-8.95667293499992],[116.731143434,-8.95674851899992],[116.731219951,-8.95684569799995],[116.731332241,-8.95678876499994],[116.731468381,-8.95669649399992],[116.731625389,-8.9566258179999],[116.731788359,-8.95655906899993],[116.731937417,-8.95650998899993],[116.732094425,-8.95643538699995],[116.732199759,-8.95635293199996],[116.732225352,-8.95633620299993],[116.732334905,-8.95626458799996],[116.732416493,-8.95625539799994],[116.732561474,-8.95623906599991],[116.732823816,-8.95625673499998],[116.732909276,-8.95623906599991],[116.733056347,-8.95616839099995],[116.733221304,-8.95607022999992],[116.733429986,-8.95599562799993],[116.733581031,-8.95596421699992],[116.7337758,-8.95594654799993],[116.734024231,-8.95590139399992],[116.734354146,-8.95580323299993],[116.734543395,-8.95573689899993],[116.734600589,-8.95571685199993],[116.734904667,-8.95570899899991],[116.734946311,-8.95572239199992],[116.735075587,-8.95576396899992],[116.735302156,-8.95588176199994],[116.735520774,-8.95597599599995],[116.735801003,-8.95598581199994],[116.736039496,-8.95597403299996],[116.736285939,-8.95593280499992],[116.73641235,-8.95588452199993],[116.736643614,-8.95579045599994],[116.736801418,-8.95567488999996],[116.73695106,-8.95551632299992],[116.737152395,-8.95526368899995],[116.737234018,-8.95511855899991],[116.737353731,-8.95491967799995],[116.737484328,-8.9546831689999],[116.737549626,-8.95442515999992],[116.737653014,-8.95417790099993],[116.737723754,-8.95387151499995],[116.737723754,-8.95369950899993],[116.737750962,-8.95351675199993],[116.737832584,-8.95333936999993],[116.737957739,-8.95318886399991],[116.738055686,-8.95303835799996],[116.738202607,-8.95286635099997],[116.738273347,-8.95267284299996],[116.738316879,-8.95246320999991],[116.738311437,-8.95227507699991],[116.738289671,-8.95199018999995],[116.738240698,-8.95178055599996],[116.738077452,-8.95149566899995],[116.737944135,-8.95132366099995],[116.737873396,-8.95126722099993],[116.737808097,-8.95122421899993],[116.737696546,-8.95120271799994],[116.737462562,-8.95124840799991],[116.737340128,-8.95130215999995],[116.737307756,-8.95131246399997],[116.73709526,-8.95138010099993],[116.736978267,-8.95133172399995],[116.736899365,-8.95127797199997],[116.736855833,-8.95116509199994],[116.736842229,-8.95109790099991],[116.736869437,-8.95100920999994],[116.736956501,-8.95091514299992],[116.737027241,-8.95083451399994],[116.737117026,-8.95077001099992],[116.737214973,-8.95071088399993],[116.737257387,-8.95068936899992],[116.737315641,-8.95065981899996],[116.737364614,-8.95060875399992],[116.737443516,-8.95053618799994],[116.737519697,-8.95049587399997],[116.737582275,-8.95042599499994],[116.737574112,-8.95036955499996],[116.737555067,-8.95031311499992],[116.737514256,-8.95018410899991],[116.737473445,-8.95003897699993],[116.737459841,-8.94992340899995],[116.73745712,-8.94979171499994],[116.737470724,-8.94964658299995],[116.737429912,-8.94955789099993],[116.737361894,-8.94945038599991],[116.737318361,-8.94935094399994],[116.737255784,-8.94923537499995],[116.737225856,-8.94911980699993],[116.737228577,-8.94902036499992],[116.737165999,-8.94896661199994],[116.737002754,-8.94896392399994],[116.736839509,-8.94900155099992],[116.73676159,-8.94902618199997],[116.736703471,-8.94904455299992],[116.736559271,-8.94909024299996],[116.736510297,-8.94905261599997],[116.73648309,-8.94897736199994],[116.736537505,-8.94889404599991],[116.736554774,-8.94885687699991],[116.736583758,-8.94879729099995],[116.736638173,-8.94873547499993],[116.7366617,-8.94868265099996],[116.737026448,-8.94859857899991],[116.737429571,-8.94842791499993],[116.738322198,-8.94842791499993],[116.739186032,-8.94757459499995],[116.743735554,-8.94674971599994],[116.744513004,-8.94845635899993],[116.744916126,-8.95235316299994],[116.746010315,-8.95343402099991],[116.747795571,-8.95334868999993],[116.74966721,-8.95269448699993],[116.749992261,-8.95267919699995],[116.750876576,-8.95263759999995],[116.75121314,-8.95280383199992],[116.751797999,-8.95309269799992],[116.753093749,-8.95141452099996],[116.754303115,-8.94985011099993],[116.754965387,-8.94905368199994],[116.755512482,-8.94845635899993],[116.756088371,-8.94834258299995],[116.756259952,-8.94834258299995],[116.756260459,-8.94837072099996],[116.756289932,-8.94834969399995],[116.757240149,-8.94769548199992],[116.75770086,-8.94702704599996],[116.758017599,-8.94648660799992],[116.758694268,-8.94583239299994],[116.759687676,-8.94517817599996],[116.760317522,-8.94456479399992],[116.760372155,-8.94455673899996],[116.76062425,-8.94460292999992],[116.7610318,-8.94471693999993],[116.761940296,-8.94497000399992],[116.76194183,-8.94494802299996],[116.762015251,-8.94495738199992],[116.762098146,-8.94497375899994],[116.762159725,-8.94499481599991],[116.762226041,-8.94500885299993],[116.762308936,-8.94503692899992],[116.762403673,-8.94505798499995],[116.762472357,-8.94507904199994],[116.762536305,-8.94510477799992],[116.762555503,-8.94511120599992],[116.76304668,-8.94519042999992],[116.76599294,-8.94518857999992],[116.77259189,-8.94436939999992],[116.77555004,-8.94295858999994],[116.78178899,-8.94064360999995],[116.78229049,-8.94062260999994],[116.78241766,-8.94061729999993],[116.78428424,-8.94035837999991],[116.78649333,-8.94021569999995],[116.78924895,-8.94028547999995],[116.79019408,-8.94033339999994],[116.79053186,-8.94035019999996],[116.79178806,-8.94041356999992],[116.79500321,-8.94053774999994],[116.79760237,-8.94057347999995],[116.79907181,-8.94046036999993],[116.80136104,-8.94039005999991],[116.8043173,-8.94041417999996],[116.80663019,-8.94057200999992],[116.80863251,-8.9410614],[116.80998484,-8.94164333999994],[116.81111608,-8.94204581999992],[116.81207212,-8.94248101999996],[116.81322282,-8.94293728999993],[116.81440185,-8.94332995999991],[116.81537911,-8.94357477999996],[116.81616214,-8.94387145999993],[116.81716868,-8.94421438999996],[116.817946,-8.94462207999993],[116.81891823,-8.94509521999993],[116.82035616,-8.94611269999996],[116.82096903,-8.94661235999996],[116.82198627,-8.94717875999993],[116.82212628,-8.94725658999994],[116.82216695,-8.94724290999994],[116.82295895,-8.94686832999991],[116.82313686,-8.94680095999991],[116.8234947,-8.94671477999994],[116.82439908,-8.94649082999996],[116.82464172,-8.94643501999992],[116.82516869,-8.94633046999991],[116.82546283,-8.94629229999993],[116.82621641,-8.9463314299999],[116.82669168,-8.94655324999991],[116.82751767,-8.94700425999993],[116.82819904,-8.94745507999994],[116.82822699,-8.94747002999991],[116.82845659,-8.94763636999994],[116.82879702,-8.94792323999991],[116.82910904,-8.94815956999991],[116.82945561,-8.94845324999994],[116.83008496,-8.94884458999991],[116.83028282,-8.94900276999994],[116.83047414,-8.94913417999991],[116.83101611,-8.94938549999996],[116.83161788,-8.94961285999995],[116.8321063,-8.94974144999994],[116.83234018,-8.94975982999995],[116.83267256,-8.9497233],[116.83317847,-8.94963985999994],[116.83357414,-8.94965147999995],[116.83429105,-8.94980615999993],[116.83561393,-8.95050384999991],[116.83606888,-8.9508587099999],[116.83643138,-8.95119273999995],[116.83673011,-8.95136301999992],[116.83702884,-8.95155250999996],[116.8378864,-8.95218739999997],[116.83807031,-8.95225251999996],[116.83835274,-8.95227967999995],[116.83871454,-8.95224290999994],[116.83907926,-8.95219136999993],[116.83942642,-8.95221579999992],[116.83966329,-8.95230438999994],[116.83984742,-8.95244939999992],[116.83996613,-8.95262918999993],[116.84017885,-8.95320230999996],[116.84017313,-8.95344508999995],[116.84014539,-8.95432406999993],[116.84014436,-8.95512405999997],[116.84018311,-8.956529],[116.84029603,-8.95695253999991],[116.84063191,-8.95762792999995],[116.84091177,-8.95796991999994],[116.8411108,-8.95816851999998],[116.84131422,-8.95828706999992],[116.84141849,-8.95838603999994],[116.84155709,-8.95845613999996],[116.84173883,-8.95851721999992],[116.84183926,-8.95850375999993],[116.84188131,-8.958479],[116.84223434,-8.95820589999993],[116.84255412,-8.95800617999994],[116.84287598,-8.9578738599999],[116.84325802,-8.95773690999993],[116.84410986,-8.95749719999992],[116.84453634,-8.95743982999995],[116.84471569,-8.95745034999994],[116.84490151,-8.95753205999996],[116.844989102,-8.95761359099993],[116.8452773,-8.95788184999993],[116.8456143,-8.95815227999993],[116.84585158,-8.95829051999994],[116.84625434,-8.95840289999995],[116.84671521,-8.95843695999993],[116.84704829,-8.95842349999993],[116.84736492,-8.95830508999996],[116.84806086,-8.95790842999993],[116.84823655,-8.95778184999995],[116.8483327,-8.95768197999996],[116.84847856,-8.95741550999992],[116.84878877,-8.95699976999993],[116.84899914,-8.95682028999995],[116.84926886,-8.95667055999993],[116.84946368,-8.95661993999994],[116.84964874,-8.95661689999991],[116.85028817,-8.95706410999992],[116.85066146,-8.95739429999993],[116.85089316,-8.95762372999993],[116.85107614,-8.95771401999991],[116.85124243,-8.95773122999992],[116.85152438,-8.95764562999996],[116.8517372,-8.95748925999994],[116.85218059,-8.95687795999993],[116.85227141,-8.95668877999993],[116.85229809,-8.95526994999995],[116.85233615,-8.95493342999993],[116.85240185,-8.95476909999992],[116.85274925,-8.95438330999992],[116.85296893,-8.95418185999995],[116.8531923,-8.95406384999996],[116.85354943,-8.95401983999994],[116.85408889,-8.95404776999994],[116.85445006,-8.95413991999993],[116.85467804,-8.9541980899999],[116.85532921,-8.95433112999996],[116.8557318,-8.95442625999994],[116.85595566,-8.95452477999993],[116.85625673,-8.95478034999992],[116.85651712,-8.95499454999993],[116.85653741,-8.95501122999991],[116.85678924,-8.95514088999995],[116.85709354,-8.95521729],[116.85737023,-8.95519568999993],[116.85802334,-8.95577517999995],[116.85852754,-8.95612208999995],[116.85888755,-8.95630482999992],[116.85987756,-8.95746130999993],[116.86048089,-8.95845132999995],[116.861068607,-8.95941572699991],[116.86120474,-8.95963910999997],[116.86198157,-8.96015913999992],[116.86358968,-8.96114894999995],[116.86436658,-8.96151445999993],[116.86576511,-8.96183804999993],[116.86648554,-8.96207711999995],[116.86712122,-8.96230210999994],[116.86901194,-8.96320769999995],[116.86974646,-8.96357318999991],[116.87121563,-8.96393891999992],[116.87265338,-8.96431857999991],[116.87369048,-8.96449571999995],[116.87452022,-8.96443707999994],[116.87500006,-8.9643753899999],[116.87549851,-8.9643177199999],[116.87681714,-8.96405595999994],[116.8775204,-8.96396878999991],[116.87788961,-8.96389898999991],[116.87825883,-8.96382918999996],[116.87875111,-8.96377690999994],[116.87910275,-8.96368962999992],[116.87945436,-8.96367225999995],[116.87964776,-8.96365483999995],[116.8800873,-8.96358506999992],[116.880516917,-8.96354139099994],[116.88077296,-8.96351535999992],[116.88163446,-8.96334083999994],[116.88212675,-8.96327107999992],[116.88277727,-8.96314892999995],[116.88342782,-8.96293936999995],[116.88395525,-8.96286960999994],[116.8850101,-8.96283497999993],[116.88581881,-8.96285270999994],[116.88659232,-8.96295782999993],[116.88734816,-8.96332513999995],[116.88858892,-8.9638858499999],[116.88950521,-8.96414807999991],[116.88958182,-8.96416101999996],[116.89006916,-8.96424341999994],[116.89107333,-8.96448932999995],[116.8916307,-8.96459422999994],[116.89283029,-8.96473252999994],[116.89339282,-8.96494244999992],[116.89428935,-8.96520490999996],[116.89488704,-8.96543232999996],[116.895221,-8.96565965999992],[116.8962405,-8.96628922999992],[116.89675026,-8.96658653999992],[116.89729512,-8.96707612999995],[116.89755867,-8.96768800999997],[116.89761115,-8.9686144699999],[116.89776911,-8.96957590999995],[116.89799494,-8.96998536999998],[116.89822343,-8.9702301499999],[116.89862769,-8.97057986999994],[116.89892649,-8.97089458999996],[116.89924286,-8.97120930999995],[116.89959434,-8.97169884999995],[116.89977001,-8.97220583],[116.89985782,-8.9725379699999],[116.89992805,-8.97290506999993],[116.90005102,-8.97325470999993],[116.90017402,-8.97351693999991],[116.90054311,-8.9739016],[116.90110563,-8.97419891999993],[116.90182637,-8.97453122999991],[116.90224819,-8.9750032999999],[116.90265245,-8.9753705],[116.90309189,-8.97570272999991],[116.90351114,-8.97609473999997],[116.90393296,-8.97660177999996],[116.9043547,-8.97737100999996],[116.9048293,-8.97775569999994],[116.90556764,-8.97803556999992],[116.90616531,-8.97840279999991],[116.90646413,-8.97863011999994],[116.90714967,-8.97915469999993],[116.90774734,-8.97953940999992],[116.90813408,-8.97973179],[116.90901312,-8.9798718399999],[116.90979996,-8.98005341999994],[116.91002588,-8.98010824999994],[116.91005258,-8.98011461999995],[116.91022321,-8.98014989000002],[116.91061944,-8.9802270099999],[116.91097651,-8.98022588999994],[116.91126178,-8.98021749999992],[116.91173401,-8.98020218999995],[116.91210357,-8.98017292999992],[116.9121108,-8.98017219999991],[116.91232425,-8.9801531299999],[116.91269045,-8.98013192999993],[116.91287547,-8.98011700999998],[116.91313281,-8.98012545999996],[116.91315643,-8.98012988999994],[116.91360668,-8.98025090999995],[116.91365104,-8.9802665199999],[116.91384245,-8.9803399399999],[116.91393213,-8.98037617999996],[116.91408209,-8.98044093999993],[116.91428896,-8.9805354199999],[116.91434779,-8.98056661999994],[116.91440083,-8.98059222999995],[116.91477598,-8.98075819999992],[116.91504213,-8.9808648599999],[116.91516651,-8.98090474999992],[116.91536222,-8.98095290999993],[116.91572614,-8.98101425999996],[116.91625372,-8.98133174999994],[116.91674589,-8.98178633999994],[116.91716774,-8.98231083999993],[116.91751927,-8.98276539999995],[116.91788839,-8.98313256999995],[116.9182048,-8.98339484],[116.91892557,-8.98376207999991],[116.91980446,-8.98458383999992],[116.92069831,-8.98557025999992],[116.92099714,-8.98585],[116.92127839,-8.98609478999993],[116.9215069,-8.98637451999992],[116.92173537,-8.98679408999994],[116.92191111,-8.98712625000001],[116.92208688,-8.98738848999995],[116.92233291,-8.98791293999995],[116.92264925,-8.98848984999995],[116.92276831,-8.98869709],[116.92286016,-8.98885697999992],[116.9232117,-8.98931152999995],[116.92368626,-8.99002831999992],[116.92451248,-8.99065776999993],[116.92500209,-8.99103228999991],[116.92619755,-8.99160937999994],[116.92711169,-8.99223883999992],[116.9278494,-8.99295157999996],[116.92789614,-8.99298410999995],[116.92847255,-8.99335983999994],[116.92852118,-8.99339038999994],[116.9287618,-8.99353460999992],[116.92908458,-8.99371165999992],[116.92914094,-8.99373938999992],[116.92957445,-8.99397909999993],[116.92960171,-8.99399557999993],[116.92976765,-8.99411941999994],[116.929913,-8.99423291999996],[116.93024745,-8.99446312999995],[116.93079244,-8.99480852999994],[116.93099047,-8.99493544999996],[116.9311332,-8.99501995999992],[116.93289285,-8.99614534999997],[116.93320925,-8.9965649299999],[116.93345524,-8.99742149999992],[116.9336903,-8.99807804999996],[116.93389489,-8.99831315999995],[116.93531347,-8.99891465999992],[116.93544176,-8.99903001999992],[116.93551349,-8.99919497999991],[116.9355823,-8.99969428999992],[116.93566342,-8.99991830999994],[116.93576065,-9.00000057999995],[116.94165555,-9.00548847999991],[116.94226939,-9.0060793299999],[116.94292161,-9.00655601999995],[116.943996,-9.00701342999992],[116.94499371,-9.00741392999993],[116.94589537,-9.00800481999992],[116.94611387,-9.00823018999995],[116.94855757,-9.01075055999991],[116.95042522,-9.01082335999996],[116.95075174,-9.01086434999993],[116.95143357,-9.01094920999993],[116.95187333,-9.01111610999992],[116.95239634,-9.01129483999996],[116.95307395,-9.01157994999994],[116.95354898,-9.01175600999994],[116.95413802,-9.01212788999994],[116.95468186,-9.01245892999993],[116.95529095,-9.01291003999996],[116.9558047,-9.01341301999992],[116.95627662,-9.01389100999995],[116.95671747,-9.01445197999993],[116.95712364,-9.01505780999992],[116.95741812,-9.01568072999993],[116.95785032,-9.01632758999995],[116.95816658,-9.01689623999994],[116.95855141,-9.0173020899999],[116.95925951,-9.01803815999994],[116.95986088,-9.01866094999991],[116.96366046,-9.02353381999996],[116.96372155,-9.02358061999991],[116.9639436,-9.0237323199999],[116.963967218,-9.02374813399996],[116.963973894,-9.02372059899995],[116.964049767,-9.02369324199993],[116.964103963,-9.02369918899997],[116.964168997,-9.02371346199993],[116.964209944,-9.02376341799993],[116.964212483,-9.02377132599993],[116.964218375,-9.02380623799992],[116.964212353,-9.02384073099995],[116.964205127,-9.02389425599995],[116.964206331,-9.02394064399994],[116.964218375,-9.02395848499994],[116.964230418,-9.02397632699996],[116.964265344,-9.02398465299997],[116.96432797,-9.02397632699996],[116.964386982,-9.02396324299992],[116.964420147,-9.02394927399997],[116.964509825,-9.02393588599995],[116.964597742,-9.02395372799993],[116.964650733,-9.02400487299991],[116.964713358,-9.02407029199992],[116.964732628,-9.02412262699996],[116.96473865,-9.02420231899993],[116.964765718,-9.02423215099993],[116.96482031,-9.02426353999994],[116.96499195,-9.02437527999997],[116.96500989,-9.02439055999991],[116.96523341,-9.02456164999996],[116.96532602,-9.02460323999992],[116.96556893,-9.02476872999997],[116.96578469,-9.02489478999991],[116.96581038,-9.02490452999998],[116.96628213,-9.02506435999994],[116.96673207,-9.02527696999994],[116.96676989,-9.02530982999992],[116.96695656,-9.02542828999992],[116.96698105,-9.02545782999994],[116.967026,-9.02550727999995],[116.96705558,-9.02553339999991],[116.96762612,-9.02605194999995],[116.96779926,-9.02620414999997],[116.96798399,-9.02629791999993],[116.96803345,-9.02632629999995],[116.96825647,-9.02639053999992],[116.96840144,-9.02643148999995],[116.96858422,-9.02649108999992],[116.96863659,-9.02651175999995],[116.96870253,-9.0265364299999],[116.96901088,-9.02661472999996],[116.96926058,-9.02667682999993],[116.96951221,-9.02674331999993],[116.96953694,-9.02675227999995],[116.96976191,-9.02685525999994],[116.97020603,-9.02705952999992],[116.97070447,-9.02732730999992],[116.9708504,-9.02740137999997],[116.97117915,-9.02757379999993],[116.971632,-9.02787763999993],[116.97175656,-9.02797839999994],[116.97196812,-9.02817565999994],[116.972063,-9.02826480999996],[116.97239856,-9.02869474999995],[116.97264916,-9.02907981999996],[116.97268853,-9.02913909999995],[116.97296773,-9.0294366],[116.97299536,-9.02946111999997],[116.97325041,-9.02962645999992],[116.9735001,-9.02968152999996],[116.97393937,-9.02976900999995],[116.97407945,-9.02986948999996],[116.97629985,-9.03110609999993],[116.97632879,-9.03112218999991],[116.97641138,-9.03116819000001],[116.98114451,-9.03380407999992],[116.99138752,-9.03846997999995],[117.0,-9.04035883999995],[117.00071848,-9.04051538999995],[117.00411146,-9.04074676999995],[117.00575446,-9.04074675999994],[117.00599922,-9.04079456999995],[117.00615206,-9.04082411999991],[117.00618481,-9.04083045999996],[117.00827376,-9.04123669999996],[117.01150508,-9.04303319999991],[117.01325769,-9.04466639999993],[117.0146817,-9.04591851999992],[117.01544849,-9.0467895699999],[117.0159962,-9.04744283999992],[117.01676298,-9.048205],[117.01731067,-9.04842273999992],[117.01785836,-9.04847715999995],[117.01824174,-9.0485860299999],[117.01917282,-9.04902150999993],[117.01970547,-9.04978218999991],[117.01985657,-9.05021394999994],[117.0199699,-9.05053307999993],[117.02008327,-9.05072080999992],[117.02047978,-9.05122765999995],[117.02093314,-9.051941],[117.02153755,-9.0529922599999],[117.02183974,-9.05338646999991],[117.02200973,-9.0536680599999],[117.02236859,-9.05415613999992],[117.02272744,-9.05451279999995],[117.0229352,-9.05483191999991],[117.02312408,-9.05509472999996],[117.02329406,-9.05532],[117.02340739,-9.05552649999993],[117.02352072,-9.05569543999992],[117.02363253,-9.05611281999995],[117.02409359,-9.0565575],[117.02456618,-9.05693173999992],[117.02519854,-9.05726472999994],[117.02605712,-9.05750415999997],[117.02710048,-9.05766674999995],[117.02753596,-9.05777356999995],[117.02781961,-9.05783215999992],[117.02821537,-9.05787587999993],[117.02845432,-9.05794805999994],[117.02878939,-9.05800886999993],[117.02935754,-9.05817068999992],[117.02959818,-9.05833218999993],[117.03002364,-9.05876155999994],[117.03429326,-9.06025586999993],[117.034648636,-9.06030255299994],[117.03465105,-9.06029871199992],[117.04433912,-9.0615653019999],[117.05162455,-9.06278989199997],[117.05162784,-9.06279036199994],[117.051628021,-9.06279145699995],[117.05169678,-9.06320633199994],[117.05181884,-9.06353631199996],[117.05187824,-9.06361761199993],[117.05197144,-9.06374515199991],[117.05215136,-9.06392058199992],[117.05223845,-9.06400549199994],[117.05229719,-9.06402406199994],[117.05251311,-9.06409230199995],[117.05279541,-9.06409230199995],[117.052989979,-9.06404430399994],[117.053014737,-9.06403072199994],[117.053021724,-9.06402727199993],[117.053066686,-9.06399367099994],[117.053114307,-9.06395234499991],[117.053189345,-9.06390816899995],[117.053244181,-9.06387254299996],[117.053306232,-9.06382836699994],[117.053371169,-9.06378419199996],[117.053421676,-9.06374999099996],[117.053493829,-9.06371293999996],[117.053542892,-9.06367018899994],[117.053599171,-9.06360321299991],[117.053666994,-9.06351771099992],[117.053736261,-9.06344218399996],[117.053830059,-9.06333388199995],[117.053936844,-9.06318567899997],[117.054049402,-9.06307167599994],[117.054274518,-9.06294627299993],[117.054522722,-9.06289782199991],[117.054808445,-9.06291492199994],[117.055013358,-9.06296052399994],[117.055186524,-9.06303462499995],[117.055377006,-9.06318282899992],[117.055506881,-9.06336238299991],[117.055607894,-9.06360748799994],[117.055659844,-9.06383264299995],[117.055708667,-9.06426237499995],[117.055726224,-9.06441690399993],[117.055731996,-9.06477316099995],[117.055743541,-9.06497836399997],[117.055717566,-9.06510376699993],[117.055645413,-9.06531466999992],[117.055538628,-9.06556262399993],[117.05542607,-9.06577922699997],[117.055258676,-9.06604713099996],[117.055053764,-9.06633783599995],[117.054923889,-9.06650313799993],[117.054808445,-9.06662568899992],[117.054730521,-9.06669408999996],[117.054623263,-9.06674464199995],[117.054603533,-9.06675394099995],[117.054564376,-9.06675571899996],[117.054352442,-9.06676534099996],[117.054121554,-9.06673684099991],[117.05387335,-9.06666558999996],[117.053671323,-9.06661428899992],[117.053469297,-9.06655158799993],[117.053313448,-9.06655158799993],[117.053221092,-9.06659433899994],[117.053099876,-9.06665703999994],[117.052972888,-9.06669978999992],[117.05279395,-9.06676534099996],[117.052710253,-9.06684514199992],[117.052710253,-9.06693919299996],[117.052716026,-9.06696199399994],[117.052690051,-9.06701614399992],[117.052551518,-9.06708026999991],[117.052503898,-9.06710021999993],[117.052408656,-9.06717574599994],[117.05239134,-9.06731682299994],[117.052436074,-9.06748924899996],[117.052606354,-9.06762035099996],[117.052707367,-9.06772295199993],[117.052909394,-9.06789110299991],[117.053105649,-9.06797090399995],[117.053379828,-9.06813050599995],[117.053483727,-9.06832430699997],[117.053495272,-9.06844685799996],[117.053374056,-9.06865775999996],[117.053255726,-9.06877461099993],[117.053105649,-9.06893421199993],[117.052929597,-9.06905106199991],[117.052626557,-9.06913941299998],[117.052072426,-9.06927336399991],[117.051524068,-9.06937026399994],[117.051319155,-9.06944436499992],[117.051085381,-9.06940446399995],[117.051033825,-9.06937301899996],[117.050987254,-9.06934461399995],[117.050941076,-9.06925056399996],[117.05092376,-9.06913941299998],[117.05092376,-9.06900546199995],[117.050954603,-9.06882711799994],[117.05097571,-9.06857510899993],[117.050969937,-9.06842405799996],[117.050915102,-9.06822170599992],[117.050788113,-9.06803360499993],[117.050580314,-9.06789680299994],[117.050421579,-9.06788255299996],[117.050179147,-9.06803930499996],[117.050005981,-9.06815900599992],[117.049743346,-9.06826160699996],[117.049567295,-9.06838415799997],[117.049316204,-9.06864065999992],[117.048863087,-9.06922776299996],[117.048695694,-9.06949566499994],[117.048493667,-9.06982626599995],[117.048280096,-9.07021956799992],[117.048262779,-9.07041336799995],[117.048240266,-9.07056620899994],[117.048216602,-9.07072686899995],[117.048037664,-9.07130826899994],[117.047927992,-9.07157046899994],[117.047740396,-9.07208061799992],[117.047694218,-9.07226016799995],[117.047639382,-9.07247676699996],[117.047617785,-9.07264156599997],[117.047607635,-9.07271901599996],[117.047624952,-9.07277886599991],[117.047757712,-9.07285581499991],[117.047985714,-9.07295271499993],[117.048213715,-9.07301541499993],[117.048577364,-9.07309806399992],[117.048984303,-9.07326336299991],[117.049163241,-9.07336311299992],[117.049388357,-9.07354408699997],[117.049402787,-9.07360251099994],[117.049399455,-9.07363505199993],[117.0493898,-9.07372933499995],[117.049364659,-9.07378153299993],[117.049333521,-9.07384618499993],[117.049264255,-9.07392455899992],[117.049183444,-9.07401290799992],[117.049122836,-9.07410695799996],[117.049010278,-9.07432070599993],[117.048811137,-9.07460712799992],[117.048743314,-9.07466555299993],[117.048526857,-9.07477670199996],[117.048108373,-9.07496622499991],[117.04796984,-9.07503177399991],[117.047759155,-9.07507167399997],[117.047571559,-9.07510587299993],[117.04747329,-9.07511325699995],[117.047306038,-9.07512582299996],[117.04706072,-9.07515432299994],[117.04689044,-9.07524837199993],[117.046789427,-9.07539086999992],[117.046673983,-9.07558181799993],[117.046596059,-9.07578701499996],[117.046420007,-9.07597511299991],[117.046316107,-9.07612901099992],[117.04628436,-9.07628005899995],[117.046405576,-9.07639120699991],[117.046454669,-9.07640536899993],[117.046662439,-9.07646530599995],[117.04687601,-9.07651375499995],[117.047069378,-9.07648240599991],[117.047239658,-9.07644250599993],[117.047389735,-9.07640830699995],[117.04754847,-9.07642255699996],[117.04771875,-9.07652230499992],[117.047854397,-9.07670470199993],[117.047897688,-9.07696404799993],[117.047829865,-9.07744568999995],[117.047806776,-9.07750268899991],[117.047764928,-9.07757393799994],[117.047667869,-9.07765991199995],[117.047565787,-9.07775063499991],[117.047407052,-9.07792733199994],[117.047343557,-9.07805272899994],[117.047187708,-9.07832347399994],[117.047014543,-9.07860276899993],[117.046604717,-9.07918700599994],[117.046379601,-9.07946629999993],[117.045738917,-9.08051980399995],[117.04548644,-9.08080197999993],[117.04532074,-9.08099055999993],[117.04512026,-9.08121871999993],[117.04499455,-9.08134557999994],[117.04491425,-9.08142661999995],[117.04482797,-9.08150402999991],[117.04470062,-9.08161828999996],[117.04438781,-9.08184337999996],[117.04409025,-9.08208654999994],[117.04404436,-9.08216783999995],[117.04395294,-9.08232974999993],[117.04388427,-9.08253858999996],[117.04384686,-9.08277716999994],[117.04384614,-9.08278178999996],[117.04384614,-9.08336795199995],[117.04384614,-9.08337210999991],[117.04384488,-9.08341480999991],[117.043835039,-9.08375080499991],[117.043836951,-9.08384092299992],[117.043831178,-9.08417721099994],[117.043823963,-9.08425273299991],[117.043836195,-9.08436033899994],[117.043839837,-9.0843923779999],[117.043884571,-9.08468876699993],[117.043904774,-9.08489680899993],[117.043945179,-9.08508490199995],[117.043991357,-9.08523879599995],[117.044051965,-9.08534709199996],[117.044082781,-9.08540219299993],[117.04415875,-9.08553803399991],[117.044239561,-9.08574322599992],[117.044337688,-9.08598831599995],[117.044392524,-9.08636734999993],[117.044412727,-9.08658964099994],[117.044421385,-9.08687747799991],[117.04438781,-9.08708763999994],[117.044372046,-9.08712606699993],[117.04428101,-9.08734797999995],[117.04414367,-9.08757401999991],[117.044000737,-9.08777812699992],[117.043792938,-9.08799756699994],[117.043634202,-9.08815145999994],[117.043484125,-9.08828540299992],[117.043420631,-9.08833670099996],[117.043335491,-9.08840794699995],[117.043218604,-9.08848061899994],[117.043121491,-9.08851159499994],[117.043013334,-9.08853009499996],[117.04297978,-9.08853583499996],[117.042865779,-9.08859568199997],[117.042750335,-9.08869542699995],[117.042683955,-9.0887894729999],[117.042655094,-9.08893196599992],[117.042646436,-9.08912005599996],[117.042632005,-9.08926824899993],[117.0426955,-9.08945633899992],[117.042822488,-9.08958458299993],[117.043025958,-9.08973277499996],[117.043156553,-9.08986244299996],[117.04316482,-9.08987296899994],[117.043183971,-9.08989735399996],[117.043194073,-9.08992656499993],[117.04319768,-9.08997928699995],[117.043178921,-9.09002844699995],[117.043141401,-9.09011394299996],[117.043086566,-9.09019373899992],[117.043002869,-9.09025643499998],[117.042922058,-9.09028208399992],[117.04282986,-9.09028208399992],[117.042806614,-9.09028208399992],[117.042653651,-9.09029633299991],[117.042541093,-9.09032198199993],[117.042365042,-9.09036757899991],[117.042157243,-9.09043882599991],[117.041989849,-9.09054426999995],[117.041906152,-9.09071526099997],[117.041836886,-9.09093754899993],[117.041634859,-9.09134222599995],[117.041603112,-9.09146761899997],[117.041614656,-9.09161011099991],[117.041631973,-9.09183809799993],[117.041675265,-9.09197631499996],[117.041724328,-9.09222709999996],[117.041731321,-9.09225165199996],[117.041776278,-9.09240948999991],[117.041828228,-9.09261752699996],[117.04195233,-9.09297945599991],[117.04201871,-9.09310199799995],[117.042113951,-9.09331288499994],[117.042197648,-9.09356366999992],[117.042313092,-9.09383725199995],[117.042500688,-9.09407948699994],[117.042679626,-9.09445851299995],[117.042783525,-9.09476059299993],[117.042740234,-9.09532770499994],[117.042718909,-9.09538034699996],[117.042665196,-9.09551294299996],[117.042642107,-9.09569532999996],[117.042760437,-9.09596036199992],[117.042821045,-9.09610855199992],[117.043024514,-9.09627811499991],[117.043212111,-9.09637500799995],[117.043411996,-9.09641895199992],[117.043594518,-9.09645907799995],[117.043793659,-9.09649042499996],[117.043937964,-9.09658731899993],[117.044050522,-9.09672125899994],[117.04409237,-9.09682812599994],[117.044105358,-9.09694924299994],[117.044083012,-9.09707639799997],[117.04406032,-9.09716602599991],[117.043992242,-9.09724071699993],[117.043886343,-9.09730046999994],[117.043765315,-9.09738262899993],[117.043621595,-9.09744238199994],[117.043545953,-9.09748719599992],[117.043440054,-9.09753201099995],[117.043349283,-9.09756935599996],[117.043300306,-9.09760804499997],[117.043235921,-9.09764316699995],[117.043150781,-9.09773008599996],[117.043097388,-9.09783125299994],[117.043054097,-9.0980164899999],[117.043039666,-9.09819887599992],[117.042953084,-9.09838126199993],[117.042713538,-9.09849240399996],[117.042443688,-9.09853657499992],[117.042270522,-9.09857362299994],[117.04217897,-9.09859257699994],[117.041733708,-9.09868476399993],[117.041485504,-9.09871896099991],[117.041283477,-9.09874175999994],[117.041038159,-9.09874745899993],[117.040784182,-9.09869616299995],[117.040530206,-9.09865341599994],[117.04046449,-9.09864012599992],[117.04029066,-9.0986049699999],[117.040058329,-9.09862349399993],[117.039838986,-9.09879448099992],[117.039735086,-9.09900536399995],[117.039700453,-9.09930174099992],[117.039781264,-9.09949552599995],[117.03996886,-9.09969785999995],[117.04013729,-9.0999147889999],[117.040712842,-9.10052015999992],[117.04054258,-9.10072898999994],[117.04045106,-9.10085486999992],[117.04042353,-9.10087637999994],[117.04042055,-9.10087870999996],[117.04026792,-9.10103415999993],[117.040195575,-9.10111572199993],[117.040187651,-9.10116423299991],[117.040187651,-9.10121900299993],[117.040198744,-9.10129881099993],[117.040225686,-9.10138487899991],[117.040257383,-9.10146155799993],[117.040284325,-9.10156170899996],[117.040327115,-9.10165247199995],[117.04035949,-9.10169411999994],[117.04051209,-9.1020631999999],[117.04055786,-9.10220624999994],[117.04049683,-9.1025152199999],[117.04039001,-9.10271167999993],[117.04032898,-9.10277079999991],[117.040229636,-9.10286127099994],[117.040215385,-9.10286289499995],[117.040031546,-9.10289732199994],[117.039885742,-9.10294426699994],[117.039844112,-9.10297291699994],[117.039676546,-9.10308823499991],[117.039648523,-9.10312211599997],[117.039521233,-9.10327601799993],[117.039435653,-9.10342624499994],[117.039359581,-9.10353891399996],[117.039318376,-9.10368914099996],[117.039331055,-9.10381119999995],[117.039327885,-9.10396455599995],[117.039274001,-9.10410226299996],[117.039125028,-9.10426500799991],[117.038957037,-9.10428691599992],[117.038795385,-9.10427752699991],[117.038624224,-9.10427752699991],[117.038529135,-9.10429317599995],[117.038310429,-9.10432134299993],[117.038091724,-9.10432760299994],[117.037838153,-9.10434012099995],[117.037112742,-9.10441528599995],[117.03692626,-9.10442161999992],[117.03668212,-9.10448358999993],[117.03649139,-9.10461234999992],[117.03633118,-9.10481165999994],[117.03629302,-9.10504912999994],[117.03612519,-9.10547734999994],[117.03603362,-9.10551833999997],[117.03585815,-9.10547638999992],[117.03572845,-9.10536382999994],[117.03545379,-9.10513402999994],[117.03533173,-9.10511303999994],[117.03504943,-9.10516835999995],[117.0349884,-9.10523509999996],[117.03486632,-9.10529708999993],[117.03474426,-9.10526751999993],[117.03446196,-9.10523796999991],[117.03386688,-9.10527897999994],[117.03359986,-9.10535429999994],[117.03315735,-9.10542105999992],[117.03296659,-9.10549066999993],[117.03255462,-9.10563944999995],[117.03235627,-9.10562610999994],[117.03212739,-9.10566805999992],[117.03182983,-9.10584067999993],[117.0316391,-9.10590648999993],[117.03105927,-9.10576056999992],[117.03040313,-9.10570429999996],[117.03004455,-9.10580539999995],[117.02994539,-9.10595990999989],[117.02985382,-9.10606097999994],[117.02973938,-9.10600565999995],[117.02968596,-9.10590457999996],[117.02965545,-9.10573863999993],[117.02957155,-9.10564517999996],[117.02944182,-9.10561657999995],[117.02863311,-9.10565758999993],[117.02838896,-9.10565470999996],[117.02811431,-9.10560035999994],[117.027359,-9.10538386999993],[117.0272522,-9.10535620999991],[117.02702332,-9.10543725999992],[117.02683259,-9.10559652999996],[117.02667237,-9.10571670999992],[117.02653503,-9.10572146999994],[117.02627563,-9.10568236999995],[117.02610016,-9.10567569999995],[117.0259552,-9.10565567999993],[117.02570344,-9.10565376999995],[117.02496338,-9.1056156399999],[117.02483367,-9.1055698399999],[117.02474211,-9.10549831999992],[117.02471162,-9.1053991299999],[117.02482606,-9.10511682999994],[117.025177,-9.10468577999995],[117.02521513,-9.10457894999991],[117.02512361,-9.10397339999992],[117.02507782,-9.10376738999993],[117.02502443,-9.10348796999995],[117.02454376,-9.10275077999995],[117.02410127,-9.10236931999993],[117.02375794,-9.10214518999993],[117.02334597,-9.10204124999997],[117.0228424,-9.10198021999992],[117.02263642,-9.10197448999992],[117.02189166,-9.10201414999994],[117.02183532,-9.10201739999991],[117.0211563,-9.10227012999991],[117.02097322,-9.10240076999992],[117.02085113,-9.10246847999992],[117.0206375,-9.10270403999994],[117.02059458,-9.10274541999993],[117.02047729,-9.10285853999994],[117.02022553,-9.10313319999995],[117.02015686,-9.10330772999992],[117.0201187,-9.10362718999994],[117.0201416,-9.1041231199999],[117.0205307,-9.10482024999994],[117.02043913,-9.10495470999996],[117.02005767,-9.10538386999993],[117.01986695,-9.10551165999995],[117.01963044,-9.10560702999994],[117.01945497,-9.10564994999995],[117.01937104,-9.10577487999995],[117.0193634,-9.10596657999992],[117.01932527,-9.10636425999991],[117.01904295,-9.10683535999994],[117.01886748,-9.10696123999994],[117.01881409,-9.10709475999994],[117.01868439,-9.10742379999994],[117.01852417,-9.10767745999993],[117.01842499,-9.10784434999993],[117.01830293,-9.10794923999993],[117.01819613,-9.10794544999994],[117.01801299,-9.10796546999997],[117.01786803,-9.10809610999991],[117.01781462,-9.108243],[117.01776123,-9.10831643999996],[117.01757048,-9.10832119999992],[117.01729582,-9.10837458999993],[117.01715089,-9.10851478],[117.01693726,-9.10871503999993],[117.016742765,-9.10889737999992],[117.016704557,-9.10892355499994],[117.016490606,-9.10906751899996],[117.016285371,-9.10920757199995],[117.016192659,-9.10926155899996],[117.016150662,-9.10928972599993],[117.016082514,-9.10931710999996],[117.016011197,-9.10930615699994],[117.015954144,-9.10927955399995],[117.015892336,-9.10926860099995],[117.01583449,-9.10927720699994],[117.015771889,-9.10930146199991],[117.015670461,-9.10934840699992],[117.015589635,-9.10938048599992],[117.015551599,-9.10940552399997],[117.015489791,-9.10945012099995],[117.015468396,-9.10948689499992],[117.015429568,-9.10954322899996],[117.015421644,-9.10955418299995],[117.015401041,-9.10957843799991],[117.015359836,-9.10960582199994],[117.015307192,-9.10962164199992],[117.015305159,-9.10962225299995],[117.015233842,-9.10961990599992],[117.015198184,-9.10959095599993],[117.015172827,-9.10954322899996],[117.015153016,-9.10949471899994],[117.015125054,-9.10944913099991],[117.015118943,-9.10943916799994],[117.015050795,-9.10937892099992],[117.014961253,-9.10934371299995],[117.01487488,-9.10932806399996],[117.014827336,-9.10935623099994],[117.014798809,-9.10938909299995],[117.014738586,-9.10943603799996],[117.014701912,-9.10945187999994],[117.014687871,-9.10945794599991],[117.014656175,-9.10946263999995],[117.014619724,-9.10943447299993],[117.014580103,-9.10937031499992],[117.014521465,-9.10932023999992],[117.014466819,-9.10926493499995],[117.014458072,-9.10925608199994],[117.014413697,-9.10923886899992],[117.014350304,-9.10923886899992],[117.014286911,-9.10924669299994],[117.014236197,-9.10926547099996],[117.01416805,-9.10929363799994],[117.014110996,-9.10933588799992],[117.014063093,-9.10935443699993],[117.01403017,-9.10936718499994],[117.013955684,-9.10936874999993],[117.013911309,-9.10934058299995],[117.013879612,-9.10928737899991],[117.013870103,-9.10923886899992],[117.013863764,-9.10919818299994],[117.013861638,-9.10917649199996],[117.01385901,-9.10914967299994],[117.013836822,-9.10911837699997],[117.013817804,-9.10910116299993],[117.013706867,-9.10911681199991],[117.013656129,-9.10911818399995],[117.013591175,-9.10911994099997],[117.013483407,-9.10910898799995],[117.013400996,-9.10906517199993],[117.013359791,-9.10903856999995],[117.013310661,-9.10899631899991],[117.013267871,-9.10893685599996],[117.013259472,-9.10892630099996],[117.013233005,-9.10889303999995],[117.0131918,-9.10886487299997],[117.01314584,-9.10884296499996],[117.013077692,-9.10883201199993],[117.013008239,-9.10885595899993],[117.012977849,-9.10886643799995],[117.012930304,-9.10890242899997],[117.012906532,-9.10891494799994],[117.012866911,-9.10894311499994],[117.0128368,-9.10896032799991],[117.012806688,-9.10896971699992],[117.012752804,-9.10895250399995],[117.012722692,-9.10893685599996],[117.012697335,-9.10891181799991],[117.012665639,-9.10888365099994],[117.012622849,-9.10888678099991],[117.012592737,-9.10889460499993],[117.01256738,-9.10889929999991],[117.01252459,-9.10891338299996],[117.012470706,-9.10890868899994],[117.012429031,-9.10888598499991],[117.012424746,-9.10888365099994],[117.012388295,-9.10885391899997],[117.012331242,-9.10881949299994],[117.012315224,-9.10882204399993],[117.012282112,-9.10882731699992],[117.012248831,-9.10886330799992],[117.01221555,-9.10891181799991],[117.01216959,-9.10895250399995],[117.012099858,-9.10898849499997],[117.012017447,-9.10897910599994],[117.011954054,-9.10892590199996],[117.011922358,-9.10888834599996],[117.011921055,-9.10888617199994],[117.011910617,-9.10886874899995],[117.011789233,-9.10866613899993],[117.011729009,-9.10849713699992],[117.011716331,-9.10835943099994],[117.011716331,-9.10825302199993],[117.011732179,-9.10814661299992],[117.011757536,-9.10803081499995],[117.011846286,-9.10799012899991],[117.011878804,-9.10797839699995],[117.012011108,-9.10793066499992],[117.012087179,-9.10782112599991],[117.012042804,-9.10771471699992],[117.01199769,-9.10762117299994],[117.011979411,-9.10758326999991],[117.011843116,-9.10739861899992],[117.01163075,-9.10710442799996],[117.011313786,-9.10677581099993],[117.010958786,-9.10655047299992],[117.010670348,-9.10653169499994],[117.010496018,-9.10658802999996],[117.010289991,-9.10670382799992],[117.010175884,-9.10688847999997],[117.010099813,-9.10707939099996],[117.010011063,-9.10730785799996],[117.009893786,-9.1076302159999],[117.009684589,-9.10777418099992],[117.009475393,-9.10776479199997],[117.009240839,-9.10765838299995],[117.009076018,-9.10745808299993],[117.008860482,-9.10714198499995],[117.008768563,-9.10686344199991],[117.008629098,-9.10655986199994],[117.008597402,-9.10629070899997],[117.008597402,-9.10624689299995],[117.00861325,-9.10606849999994],[117.008648116,-9.10592766399992],[117.008725772,-9.10585881099991],[117.008887424,-9.10579778199992],[117.008979344,-9.10578213299994],[117.009121978,-9.10574301199995],[117.009140997,-9.10566252999997],[117.009144165,-9.10564912099995],[117.009128317,-9.10559122099994],[117.009054509,-9.10553509699992],[117.008990438,-9.10548637599993],[117.008860482,-9.10546446899991],[117.008768563,-9.10543943099993],[117.00861325,-9.10540187499993],[117.00857046,-9.10536275299995],[117.008564121,-9.10527042699994],[117.008578384,-9.10521565699994],[117.008625929,-9.10518592499995],[117.008621967,-9.10509203399994],[117.008618797,-9.10505291299995],[117.008607703,-9.10500596699996],[117.008606118,-9.10495902099997],[117.008606118,-9.10490503399995],[117.008602949,-9.10485965299996],[117.008600571,-9.10482757399997],[117.008600571,-9.10479314699996],[117.008591855,-9.10475715499996],[117.008594232,-9.10471568699995],[117.008612458,-9.10468438999994],[117.008632268,-9.10465700499992],[117.008681397,-9.10463509699992],[117.008703585,-9.10459440999997],[117.008708339,-9.10454120499992],[117.008739243,-9.10448174099992],[117.008774109,-9.10443870699993],[117.008833332,-9.1044062199999],[117.008838295,-9.10440349799996],[117.008889801,-9.10437924299993],[117.00898806,-9.10436828899992],[117.009050661,-9.10436046499995],[117.009126732,-9.10430725999993],[117.009160014,-9.1042430999999],[117.009164768,-9.10416955199991],[117.009160014,-9.10410695799994],[117.009139411,-9.10403027999997],[117.00910613,-9.10394734199991],[117.00910101,-9.10391700999992],[117.009088697,-9.10384406199995],[117.009093451,-9.10380963499995],[117.009109299,-9.10374547599991],[117.009185371,-9.10368757599991],[117.009250348,-9.10363750099993],[117.009275705,-9.10360150899993],[117.009259857,-9.10354986799996],[117.009239255,-9.10349040399996],[117.009199634,-9.10345128199994],[117.009144165,-9.10343250399996],[117.009066509,-9.10344502299995],[117.008980929,-9.10346223599993],[117.008863652,-9.10349822799993],[117.008736866,-9.10350761699993],[117.008632268,-9.10349509799993],[117.008614358,-9.10348384499992],[117.008545103,-9.10344032799992],[117.008480125,-9.10334330699993],[117.008454768,-9.10325567499997],[117.008440505,-9.10319933999994],[117.008402469,-9.10316491299995],[117.008361263,-9.10313674499991],[117.008335906,-9.10313361599992],[117.008293116,-9.10315082899996],[117.008267759,-9.10322750699994],[117.008224055,-9.10332306199996],[117.008223384,-9.10332452899993],[117.008148897,-9.10338399299991],[117.008012603,-9.10338868799994],[117.007969812,-9.10336364999995],[117.007947975,-9.10333669699991],[117.007919098,-9.10330105599992],[117.007865214,-9.10321342399994],[117.007844563,-9.10316950399994],[117.007824009,-9.10312579099992],[117.00781133,-9.10296617599994],[117.007820839,-9.10286289499995],[117.007871554,-9.10273770599992],[117.007944455,-9.10266259199995],[117.008068071,-9.10258434899995],[117.008147313,-9.1025061059999],[117.00825508,-9.10238717599993],[117.008251911,-9.10231519199993],[117.008217045,-9.10219000299993],[117.008251911,-9.10208359199994],[117.008287308,-9.10205375599992],[117.008381866,-9.10197405199995],[117.008556196,-9.10198031099992],[117.008670304,-9.10200221899993],[117.008745583,-9.10202803999994],[117.008801844,-9.10204603599993],[117.008852558,-9.10205151299995],[117.008957156,-9.10201082599991],[117.009009455,-9.10197013999994],[117.009052246,-9.10190284999993],[117.009074433,-9.10179174499996],[117.009088697,-9.10165247199995],[117.009091866,-9.10146938199995],[117.009034813,-9.10133793299992],[117.008903272,-9.10127690299993],[117.008822447,-9.10132854399995],[117.008727357,-9.10134262799995],[117.008665549,-9.10132228399994],[117.008576799,-9.10128785699993],[117.008579969,-9.10116892699995],[117.008598987,-9.10107816499993],[117.008618005,-9.10098427299994],[117.008678228,-9.10093106699993],[117.008779656,-9.10088412099992],[117.008858897,-9.10083717499993],[117.008868406,-9.10074641199994],[117.008865237,-9.10052419999994],[117.008852558,-9.10055549799996],[117.008808183,-9.10026130199994],[117.008637022,-9.09982939599991],[117.008507067,-9.09963535199995],[117.008386621,-9.09948199399992],[117.008224969,-9.09925352199992],[117.008161576,-9.09916275899991],[117.007936531,-9.09891237799991],[117.007793897,-9.09871520299992],[117.007730504,-9.09862131099993],[117.007575192,-9.09855558599992],[117.007461085,-9.09853367699993],[117.007312112,-9.09855245599994],[117.007226531,-9.09845856299995],[117.007192458,-9.09841631099993],[117.007138574,-9.09835058599992],[117.007113216,-9.09827234199992],[117.007122725,-9.09817218899993],[117.007144913,-9.09805012899994],[117.007179779,-9.09795623599997],[117.007228908,-9.09787016699995],[117.00730181,-9.09781852599991],[117.007373127,-9.09778409799994],[117.007471386,-9.09774497599995],[117.007534779,-9.09771993799996],[117.007580739,-9.09768081599993],[117.00761085,-9.09762760999996],[117.007620359,-9.09759005299992],[117.007645716,-9.09752589199993],[117.007649679,-9.09744921299995],[117.007649679,-9.09736627399991],[117.007652848,-9.09726142699993],[117.007652848,-9.09718787699996],[117.007651263,-9.09710806799996],[117.007638585,-9.09702669299992],[117.007622737,-9.09694531899993],[117.007589455,-9.09686237999996],[117.007574249,-9.09683384499994],[117.00754547,-9.09677983999997],[117.00727845,-9.096344],[117.00705719,-9.09601971999995],[117.0064621,-9.09523390999994],[117.00621796,-9.09496785999992],[117.00605013,-9.09484671999991],[117.00601224,-9.09481979499993],[117.005971352,-9.09477872499992],[117.005736799,-9.09450799799994],[117.005495906,-9.09424039999993],[117.005255013,-9.09406200099995],[117.005205884,-9.09404791699996],[117.005091776,-9.09409486399994],[117.005015705,-9.09411990299993],[117.004926955,-9.09407295599995],[117.004896073,-9.09399977199998],[117.00487941,-9.09396028299995],[117.004870489,-9.09391875299993],[117.004857223,-9.09385699899991],[117.004835035,-9.0937568459999],[117.004768473,-9.09363791299995],[117.004511838,-9.09343025799995],[117.004426151,-9.09336092499997],[117.00435428,-9.09331668499993],[117.004182089,-9.09321069399994],[117.003950705,-9.09305420399995],[117.003782714,-9.09294153099995],[117.003557669,-9.09284607099996],[117.003424544,-9.0928617209999],[117.003383339,-9.09289614799991],[117.003275571,-9.09294778999993],[117.003197915,-9.09294778999993],[117.003123428,-9.09292901199997],[117.003071129,-9.09289145399992],[117.003002982,-9.09284920099992],[117.002933249,-9.09283824699993],[117.002869857,-9.09284450699993],[117.002801709,-9.0928773699999],[117.002768846,-9.09289399099992],[117.002736732,-9.09291023299996],[117.002659075,-9.09291649199993],[117.002615864,-9.09289915799992],[117.002608361,-9.09289614799991],[117.002570325,-9.09286328499991],[117.00253229,-9.09288519399991],[117.002520883,-9.09288945599991],[117.002473651,-9.09290710299996],[117.002376977,-9.09290710299996],[117.002341419,-9.09289344899992],[117.002290038,-9.09287371799991],[117.00226287,-9.09286328499991],[117.002189968,-9.09283042199992],[117.002105973,-9.09279442999991],[117.002007714,-9.09279129999993],[117.001914209,-9.09282729299993],[117.00181595,-9.09286015599992],[117.001712937,-9.09287893499993],[117.001664107,-9.09288117699993],[117.001576642,-9.09288519399991],[117.001492647,-9.09293057599996],[117.00148547,-9.09295124499994],[117.001473629,-9.09298534799998],[117.001451441,-9.09307298299996],[117.00141816,-9.09313557899992],[117.001392803,-9.09321225899995],[117.001324656,-9.09325764199991],[117.001196285,-9.09322008399996],[117.001128138,-9.09315592299992],[117.00106633,-9.09309019699992],[117.000998182,-9.09304794399992],[117.000879321,-9.09301038699993],[117.000801664,-9.09300412699992],[117.000736687,-9.09289927799997],[117.000695481,-9.09280538399991],[117.000657446,-9.09269896999996],[117.000557241,-9.09264640599992],[117.000505303,-9.09261915999991],[117.000299276,-9.09257690799996],[117.000077401,-9.09252213599995],[116.999920504,-9.09251118099993],[116.999892296,-9.09253844199992],[116.999846017,-9.09258316699993],[116.999825414,-9.09263793899993],[116.999815905,-9.09278660499997],[116.999766776,-9.09285233099996],[116.999510035,-9.09281477299993],[116.999174053,-9.0927021],[116.999122123,-9.09265272199993],[116.999002892,-9.09253934999993],[116.998972378,-9.09249164299997],[116.998926821,-9.09242041699993],[116.998847579,-9.09232339299997],[116.998698606,-9.09233904199995],[116.998527445,-9.09242667599995],[116.998318249,-9.09245484499991],[116.998118561,-9.09240789799992],[116.998077356,-9.09231087299992],[116.998010794,-9.09227018599995],[116.997896686,-9.09231713299994],[116.997722356,-9.09240476799994],[116.997478294,-9.09246423399992],[116.997316642,-9.09238911899996],[116.99713134,-9.09223748999994],[116.997110932,-9.09222820999992],[116.997012356,-9.09214186299994],[116.996682713,-9.09186956899993],[116.996642748,-9.09184639799992],[116.996337222,-9.09166925999995],[116.995995076,-9.09138172999991],[116.995890302,-9.09129368099992],[116.995620883,-9.09123108499995],[116.995357802,-9.09112780099991],[116.995249634,-9.09113447599992],[116.995205659,-9.09113718999992],[116.995167624,-9.09119665699996],[116.995154945,-9.09126238299997],[116.995069365,-9.09127803199994],[116.994980615,-9.09123108499995],[116.994898204,-9.09117161799992],[116.994780927,-9.09108398299992],[116.994704856,-9.09097443899992],[116.994674252,-9.09087370799996],[116.99466682,-9.09084924599995],[116.994631954,-9.09070214399992],[116.994587579,-9.09052374299997],[116.994590749,-9.09034847299995],[116.994600258,-9.09019198099992],[116.994603427,-9.09001983999992],[116.99448615,-9.08982891999995],[116.994283293,-9.08968181799992],[116.994102624,-9.08954097499994],[116.993966329,-9.08938761299993],[116.993753963,-9.08933440499993],[116.99360182,-9.08935631399994],[116.993468695,-9.08940013199993],[116.993364097,-9.08947837799991],[116.993234141,-9.08945333899994],[116.993180257,-9.08933127499997],[116.993180257,-9.08915913399995],[116.993192936,-9.08904019999995],[116.993262668,-9.08893691499993],[116.993297534,-9.08881485099994],[116.993294365,-9.08870530599996],[116.99324682,-9.08859576199995],[116.993215245,-9.08854231199995],[116.99315807,-9.08844552899996],[116.993097847,-9.08830468499991],[116.99306615,-9.08821704999992],[116.993053472,-9.08811689399994],[116.993054049,-9.08808212499991],[116.993056641,-9.08792597299993],[116.993094677,-9.08772253299992],[116.993253159,-9.08730626099992],[116.993326061,-9.08709969099993],[116.993341058,-9.08703808499996],[116.99339294,-9.08682496599993],[116.993405302,-9.08677418499991],[116.99339294,-9.08666876099995],[116.993380474,-9.08656245399995],[116.993370436,-9.08647684699991],[116.993215123,-9.08606996399994],[116.993081998,-9.08579453599994],[116.9929774,-9.08542833999991],[116.992856954,-9.08518420999993],[116.992736507,-9.08500267699994],[116.99253682,-9.08477106499993],[116.992273739,-9.08459579199996],[116.991947266,-9.08445494699993],[116.991570079,-9.08440173899993],[116.991503005,-9.08441074199994],[116.99134457,-9.08443200599993],[116.991243605,-9.08444555799992],[116.991043918,-9.08451754499992],[116.990834721,-9.08463022099994],[116.990511418,-9.08475854599994],[116.99022932,-9.08486496199993],[116.99001312,-9.08502103],[116.98980714,-9.08523462999995],[116.98970034,-9.0854682799999],[116.9894104,-9.08630085999993],[116.98915102,-9.08665085999991],[116.98869323,-9.08720778999992],[116.98866271,-9.08726405999995],[116.98864745,-9.08741950999996],[116.98867799,-9.087615],[116.98858643,-9.08776856999993],[116.98856353,-9.08785152999991],[116.98873138,-9.08803654999991],[116.98878479,-9.08811188999995],[116.98884582,-9.08825873999995],[116.98880005,-9.08853244999996],[116.98851014,-9.08880328999991],[116.98835754,-9.08899115999992],[116.98832702,-9.08905789999995],[116.98818207,-9.08917330999992],[116.98791503,-9.08925626999993],[116.98751831,-9.08921146999996],[116.9873352,-9.08914661999995],[116.98729704,-9.08905789999995],[116.9873352,-9.08890914999997],[116.98737335,-9.08872223999993],[116.98728181,-9.08869648999996],[116.98720552,-9.08876418999994],[116.98698425,-9.08894538999994],[116.98683168,-9.08891866999994],[116.98667908,-9.08880234999992],[116.98630524,-9.08844757999992],[116.98617554,-9.08839131999993],[116.98628998,-9.08868025999993],[116.98627472,-9.08883285999991],[116.98620605,-9.0888538199999],[116.98604584,-9.08880901999993],[116.98588562,-9.08878708999994],[116.9858017,-9.08890628999996],[116.98564912,-9.08900927999992],[116.9854126,-9.08896540999997],[116.98534392,-9.08889388999996],[116.98494718,-9.08850763999994],[116.98480987,-9.08838939999993],[116.98479461,-9.08829783999994],[116.98482515,-9.08809184999996],[116.98490905,-9.08791351999992],[116.98502352,-9.08770941999995],[116.98513794,-9.08749675999991],[116.98516845,-9.08733272999996],[116.98502352,-9.08721254999995],[116.98468781,-9.08704374999991],[116.98439789,-9.0870142099999],[116.98428345,-9.08707044999994],[116.984242149,-9.08709988999993],[116.98392487,-9.08732604999994],[116.98364257,-9.08731649999993],[116.98365785,-9.08726978999995],[116.98383332,-9.08712006999992],[116.98400879,-9.08697031999992],[116.98399351,-9.08679102999991],[116.98387909,-9.08669660999995],[116.98371124,-9.08666608999995],[116.98350525,-9.08667184999996],[116.98336791,-9.08674336999991],[116.98329926,-9.08673],[116.98318482,-9.08663463999994],[116.98310089,-9.08621977999991],[116.98304748,-9.08607482999994],[116.98298645,-9.08564185999995],[116.98289488,-9.08562754999992],[116.98270418,-9.08573531999991],[116.98259735,-9.08568477999994],[116.98238372,-9.08556269999993],[116.98197937,-9.08539771999995],[116.98194121,-9.08531476],[116.9819107,-9.08519458999997],[116.98180389,-9.0850658299999],[116.98170471,-9.08494185999997],[116.98174284,-9.08484649999991],[116.98189544,-9.08473492999993],[116.98202516,-9.08457183999992],[116.98197937,-9.08449840999993],[116.98186492,-9.0844268799999],[116.98143769,-9.08441829999993],[116.98092653,-9.08431817000001],[116.98086548,-9.08419228999992],[116.98091125,-9.08403110999996],[116.98085786,-9.08398247999991],[116.98072816,-9.08383943999991],[116.98059082,-9.08371352999994],[116.98007966,-9.08342549999992],[116.97991181,-9.08331966999993],[116.97981262,-9.08314798999993],[116.97979734,-9.08305932999991],[116.9796982,-9.08277320999991],[116.97948455,-9.08267019999994],[116.97908019,-9.08265496999991],[116.97812652,-9.08263395999995],[116.97701264,-9.08244704999992],[116.97693635,-9.0824298799999],[116.97624969,-9.08220959999995],[116.97542572,-9.08192060999994],[116.97537231,-9.08189963999997],[116.97511291,-9.08175086999995],[116.97474668,-9.08153534999991],[116.97423552,-9.0812625799999],[116.97385406,-9.08102225999995],[116.97382392,-9.08099055999993],[116.9733734,-9.08051680999995],[116.97312164,-9.08029175999991],[116.97290039,-9.08032988999993],[116.97281647,-9.08039091999995],[116.97265625,-9.08038518999997],[116.97254945,-9.08031748999992],[116.97238159,-9.08008862999993],[116.97219848,-9.07982540999996],[116.97219086,-9.07972716999995],[116.97208404,-9.07945823999996],[116.9719467,-9.07932280999997],[116.97174835,-9.07923029999995],[116.97151185,-9.07920074999995],[116.97142028,-9.07925795999991],[116.97106934,-9.07974051999993],[116.97096253,-9.07980345999994],[116.97082522,-9.07979774999997],[116.97052766,-9.07965754999992],[116.97043609,-9.07954786999996],[116.97036742,-9.07915400999993],[116.97045137,-9.07893752999992],[116.97053528,-9.07874488999994],[116.97059631,-9.07845115999993],[116.97061921,-9.07826518999991],[116.97061156,-9.07815170999993],[116.97059631,-9.078043],[116.97045899,-9.07791901],[116.9704132,-9.07789134999996],[116.97026062,-9.07786752999993],[116.97015382,-9.07789610999993],[116.97006225,-9.07792185999995],[116.96981811,-9.07798767999992],[116.96957399,-9.0780124599999],[116.96952822,-9.07798479999991],[116.96927643,-9.07741069999992],[116.96906281,-9.07721518999995],[116.9688492,-9.07700442999993],[116.96875763,-9.0768776099999],[116.96840669,-9.07653904999995],[116.9682007,-9.07638071999992],[116.96807098,-9.07615470999991],[116.96801756,-9.075984],[116.96800233,-9.07592296999991],[116.96788786,-9.07574938999994],[116.96745302,-9.07536219999992],[116.96717069,-9.07514285999991],[116.96705628,-9.07495592999994],[116.96681213,-9.07475184999994],[116.96656038,-9.07461166],[116.96583556,-9.07415103999995],[116.96577456,-9.07413386999991],[116.96552275,-9.07399175999996],[116.9653931,-9.0737680899999],[116.96537018,-9.07372853999995],[116.96542357,-9.07337950999996],[116.96556855,-9.07316590999995],[116.96566009,-9.07318686999992],[116.96597288,-9.07277962999996],[116.96598816,-9.07273767999994],[116.96599578,-9.0724124899999],[116.96591949,-9.07225036999995],[116.96552275,-9.07161711999993],[116.96485902,-9.07081983999996],[116.96409605,-9.06985569999994],[116.96356963,-9.06929683999994],[116.96346283,-9.06916904999992],[116.96292878,-9.0686207],[116.96253206,-9.06825446999995],[116.96247865,-9.06813144999995],[116.9623642,-9.06767940999993],[116.96231841,-9.06755922999992],[116.96219635,-9.06739521999993],[116.96192169,-9.06715775999991],[116.96135712,-9.06668378999996],[116.96131135,-9.06660937999994],[116.96058656,-9.06589317999993],[116.96032716,-9.06570147999992],[116.9600525,-9.06546877999994],[116.95992278,-9.06536006999991],[116.95982359,-9.06519317999995],[116.95963289,-9.06498145999996],[116.95926666,-9.06457424999991],[116.9591217,-9.06433295999995],[116.95902252,-9.06412314999995],[116.95883179,-9.06397628999992],[116.95846556,-9.06376932999997],[116.95844269,-9.06375597999994],[116.95835876,-9.06374359999995],[116.95812224,-9.06376074999991],[116.95783996,-9.0638799799999],[116.95755007,-9.06399917999994],[116.9573059,-9.0640135],[116.95713043,-9.06402396999995],[116.95671843,-9.06412887999995],[116.95614622,-9.06423568999993],[116.95594023,-9.06423568999993],[116.95579528,-9.06418035999991],[116.9556427,-9.06402493999991],[116.95556639,-9.06388473999994],[116.95556639,-9.06376359999997],[116.95559691,-9.06326198999996],[116.95568086,-9.06311606999993],[116.95600129,-9.06281662999993],[116.95602416,-9.06276035999992],[116.95595552,-9.06270694999995],[116.95570373,-9.06263159999992],[116.95570373,-9.06256292999995],[116.95583343,-9.06244086999993],[116.95600129,-9.06237219999992],[116.95600129,-9.06232642999993],[116.95582582,-9.06213760999993],[116.95542908,-9.06190204999996],[116.95516967,-9.06176758999993],[116.95512388,-9.06165887999993],[116.95511626,-9.06139088999993],[116.95513154,-9.06132698999994],[116.95516967,-9.06122779999992],[116.95524596,-9.06098938999994],[116.95520021,-9.06080818999994],[116.9553604,-9.06073378999992],[116.95546723,-9.06062315999992],[116.95558167,-9.06043530999995],[116.95558167,-9.06037710999993],[116.95552062,-9.06029796999991],[116.95509339,-9.0604238499999],[116.9549942,-9.06050684],[116.95489502,-9.06051921999995],[116.9546509,-9.06056691999993],[116.95452118,-9.06068800999993],[116.95440673,-9.06065843999995],[116.95433806,-9.06058500999995],[116.9543228,-9.06023787999995],[116.95439148,-9.06005479999994],[116.95446015,-9.05978298999993],[116.95443725,-9.05957508999995],[116.9543228,-9.05950354999993],[116.954311377,-9.05950312099992],[116.95417023,-9.05949781999994],[116.95409392,-9.059597],[116.9539566,-9.05979633999994],[116.95389555,-9.05977819999993],[116.95383454,-9.05970094999992],[116.9538269,-9.05952453999993],[116.95392609,-9.05928802999995],[116.954216,-9.0588932299999],[116.954216,-9.0587968899999],[116.95418549,-9.0585536899999],[116.95412443,-9.05836105999994],[116.95396422,-9.05821800999992],[116.95378875,-9.05811881999994],[116.95365143,-9.05804253999992],[116.95355225,-9.05798815999993],[116.95349122,-9.05799102999993],[116.952919,-9.05799102999993],[116.95269012,-9.05790900999994],[116.95172883,-9.05756379999991],[116.95146978,-9.05744954999995],[116.95104981,-9.05726433999997],[116.95066072,-9.05691623999992],[116.950534298,-9.05686884499994],[116.950517793,-9.05687405199996],[116.950389679,-9.05687756599991],[116.950197508,-9.05683890799992],[116.949820284,-9.05680024999992],[116.949564057,-9.05683539399997],[116.949379004,-9.05680376499993],[116.949261566,-9.05678267899992],[116.949208185,-9.05671239199996],[116.949197984,-9.05666921799991],[116.9488983,-9.05667016999996],[116.94888307,-9.05669117999992],[116.94883727,-9.05682563999994],[116.94876099,-9.05705546999991],[116.94867708,-9.05714224999991],[116.94846343,-9.05712795999995],[116.94808959,-9.05688],[116.94807433,-9.05683516999994],[116.94798279,-9.05672739999995],[116.94773103,-9.05654812999997],[116.94758607,-9.05661868999995],[116.94740296,-9.05658626],[116.9471054,-9.05660915999994],[116.94709014,-9.05658340999992],[116.94700624,-9.05637359999992],[116.94697573,-9.05624484999994],[116.94692229,-9.05625534],[116.94676207,-9.05626773999996],[116.94667817,-9.05628870999993],[116.94664002,-9.05636786999993],[116.94654083,-9.05633641999992],[116.94654083,-9.05626773999996],[116.94649506,-9.05613518999991],[116.94648742,-9.055995],[116.94651032,-9.05594349999995],[116.94648742,-9.05583666999991],[116.94633484,-9.0556364099999],[116.94627379,-9.05565739999991],[116.94596862,-9.05579471999994],[116.94583892,-9.0557842199999],[116.94589233,-9.05568215999995],[116.94604491,-9.05534649999993],[116.945961,-9.05527496999992],[116.94577025,-9.05519389999995],[116.94571686,-9.05511569999993],[116.94548036,-9.05476857999992],[116.94543458,-9.05473900999994],[116.9453125,-9.05472850999997],[116.94484709,-9.05486584999994],[116.94471741,-9.05490112999991],[116.94461823,-9.05491162999995],[116.94451904,-9.05483245999994],[116.94435121,-9.05454539999995],[116.94431306,-9.05444526999993],[116.94416807,-9.0543775399999],[116.94407656,-9.05445003999995],[116.94396973,-9.05455683999993],[116.94385529,-9.05455779999995],[116.94370271,-9.05446625999991],[116.94374084,-9.05442142999993],[116.94372559,-9.05437183999993],[116.94367217,-9.0543775399999],[116.94341277,-9.05455492999994],[116.94325258,-9.05442427999994],[116.9432144,-9.05433176999992],[116.9431076,-9.05424689999995],[116.94301606,-9.05425835999995],[116.94300842,-9.05434893999995],[116.94295503,-9.05444144999995],[116.94290162,-9.05435942999991],[116.94282533,-9.05431174999996],[116.94276427,-9.05435372999995],[116.94273376,-9.05439091999994],[116.94265747,-9.05443762999996],[116.94255829,-9.05453681999997],[116.942482,-9.05465125999995],[116.94237517,-9.05464552999997],[116.94228363,-9.05458164999993],[116.9421997,-9.05459213999995],[116.94203187,-9.05460166999996],[116.94197846,-9.05452634999995],[116.94200136,-9.05440329999995],[116.94207764,-9.05431554999996],[116.94229125,-9.05411434999991],[116.94230653,-9.05398082999996],[116.94222258,-9.05394075999993],[116.94213106,-9.05388163999993],[116.9420929,-9.05375575999994],[116.94203949,-9.05375002999995],[116.94190217,-9.0537414699999],[116.9417267,-9.05362510000002],[116.94158936,-9.05357075999996],[116.94158174,-9.05351067999993],[116.9417038,-9.05323028999993],[116.94187927,-9.05303000999993],[116.9419632,-9.0529499],[116.94218444,-9.05279064999991],[116.94249723,-9.05252551999996],[116.94253541,-9.05237006999995],[116.94247436,-9.05229757999996],[116.94225312,-9.05231190000001],[116.94192504,-9.05242156999993],[116.94180298,-9.05250167999993],[116.94177245,-9.05250262999994],[116.94161987,-9.05256364999992],[116.94122313,-9.05271242999993],[116.94099131,-9.05276440999995],[116.94049835,-9.05287552999994],[116.94010924,-9.05289650999993],[116.93954467,-9.05284498999993],[116.9391327,-9.05278682999995],[116.93864441,-9.05281543999997],[116.93834686,-9.0528602699999],[116.93824006,-9.05291459999996],[116.93807984,-9.05297755999993],[116.93804169,-9.05292796999994],[116.93798066,-9.05291841999992],[116.937706,-9.05297373999991],[116.93765259,-9.0529957],[116.93755343,-9.05303479999992],[116.93748475,-9.05298611999997],[116.93740083,-9.05291365999994],[116.93733216,-9.05294892999995],[116.93730164,-9.05305384999992],[116.93727877,-9.05317305999997],[116.93719482,-9.05319594999992],[116.93694306,-9.05315972999995],[116.93678284,-9.0530691099999],[116.93670656,-9.05306433999995],[116.93663788,-9.05308818999993],[116.9364319,-9.05322264999995],[116.93624876,-9.05322170999994],[116.93605041,-9.05323886999994],[116.93590546,-9.05319882999994],[116.93568421,-9.0531396899999],[116.93544007,-9.05310725999993],[116.93471526,-9.05303098000001],[116.93428803,-9.05300045999991],[116.93410494,-9.05295180999993],[116.93378449,-9.05293272999996],[116.93367768,-9.05303098000001],[116.9336014,-9.05309487999994],[116.93354796,-9.0530576699999],[116.9335556,-9.05294607999992],[116.93354034,-9.05280017999991],[116.93351093,-9.05278586999992],[116.93348693,-9.05277442999995],[116.93324279,-9.05270384999996],[116.93301393,-9.05266665999995],[116.93296051,-9.05269717999996],[116.93280794,-9.05281925999994],[116.9322815,-9.05281637999992],[116.93223573,-9.05284403999991],[116.93218993,-9.0528974599999],[116.93196868,-9.05323313999993],[116.93180847,-9.05329513999994],[116.93153381,-9.05334281999995],[116.93139647,-9.05343054999992],[116.93135834,-9.05345438999998],[116.93127441,-9.05347536999994],[116.9310913,-9.05353164000001],[116.93090057,-9.05359363999992],[116.93077851,-9.05364607999991],[116.93058776,-9.05372903999995],[116.93051147,-9.05381869999993],[116.93029023,-9.05398370999995],[116.93003083,-9.05403041999995],[116.92964934,-9.05399608999995],[116.92933655,-9.05394651999996],[116.92904661,-9.05398464999996],[116.92852784,-9.05411910999993],[116.92845917,-9.05413054999992],[116.92825318,-9.05411240999996],[116.92807771,-9.05399990999996],[116.92756653,-9.05357170999993],[116.92744444,-9.05345820999992],[116.92732238,-9.05314062999992],[116.92702483,-9.05279920999994],[116.92658234,-9.05266094999996],[116.9262314,-9.0525998999999],[116.92622739,-9.0525979],[116.9261856,-9.052577],[116.9258194,-9.05226038999997],[116.92572785,-9.05220794999991],[116.92554474,-9.05215261999996],[116.92507781,-9.05208524999995],[116.92473602,-9.05203629999994],[116.92461394,-9.05203437999995],[116.92401124,-9.05202100999992],[116.92389677,-9.05202006999991],[116.9237671,-9.05209826999993],[116.92369079,-9.05234431999992],[116.92362978,-9.0524139599999],[116.92357637,-9.05240919999994],[116.92350006,-9.0523643399999],[116.92330933,-9.05223654999992],[116.92316437,-9.05212019999993],[116.92252348,-9.05208015999995],[116.92212679,-9.05223654999992],[116.92193604,-9.05238247999995],[116.92173005,-9.05259895999996],[116.92160797,-9.05276775999994],[116.92158509,-9.05293940999993],[116.92158509,-9.05308912999993],[116.92169951,-9.05333615000001],[116.92173005,-9.05344391999992],[116.92171477,-9.05365371999994],[116.92167664,-9.05375002999995],[116.92140962,-9.05385397999993],[116.9211502,-9.05389498999995],[116.92107391,-9.05393693999992],[116.920784,-9.0541944599999],[116.92069245,-9.05425262999995],[116.92058563,-9.05429363999992],[116.92041015,-9.05436419999995],[116.92015075,-9.05470752999993],[116.91996003,-9.05519580999991],[116.91989135,-9.05551241999997],[116.9198761,-9.05566883999996],[116.91946412,-9.05580805999996],[116.91940309,-9.05582334999992],[116.9189453,-9.05642317],[116.91887665,-9.05653378999996],[116.91874695,-9.05671310999992],[116.91869354,-9.05686950999997],[116.91866302,-9.05712031999992],[116.91857912,-9.05734823999997],[116.91845704,-9.05758952999992],[116.91838075,-9.05765816999991],[116.91808319,-9.05764197999993],[116.91799163,-9.05763149999996],[116.91790772,-9.05763244999991],[116.91786957,-9.05769250999993],[116.91713714,-9.05839253999994],[116.91709137,-9.05843542999992],[116.91694641,-9.05849742999995],[116.91688538,-9.05861663999992],[116.91667939,-9.05885695999996],[116.91634368,-9.05908774999995],[116.91622926,-9.05915162999992],[116.91604613,-9.05924225999992],[116.91585542,-9.05930710999991],[116.91577147,-9.05935573999994],[116.91568757,-9.05952834999995],[116.91551209,-9.05959796999993],[116.91542817,-9.05965519999995],[116.91535188,-9.05977246999993],[116.91525269,-9.05978680999994],[116.9152298,-9.05962086999994],[116.91510774,-9.05959223999991],[116.91461945,-9.05967425999996],[116.91450501,-9.05972004999996],[116.91443634,-9.05988120999996],[116.91439818,-9.05998133999992],[116.91419981,-9.0599679899999],[116.91390992,-9.06002330999991],[116.91320037,-9.0601225],[116.91316224,-9.06012725999994],[116.91300964,-9.06017970999995],[116.91221618,-9.06059740999995],[116.91203309,-9.06066798999997],[116.91136931,-9.06081009999991],[116.91131592,-9.060832],[116.91104126,-9.06102942999991],[116.91087341,-9.06111526999996],[116.91047667,-9.06113528999993],[116.91013337,-9.06111335999992],[116.90988161,-9.06116294999993],[116.90960695,-9.06126022999996],[116.90945435,-9.06126498999993],[116.90920259,-9.06116865999992],[116.90868379,-9.06080341999997],[116.90842437,-9.06055545999994],[116.90829467,-9.06048393999995],[116.90796662,-9.06049060999993],[116.90789795,-9.06050110999991],[116.90751647,-9.06063747999991],[116.90732574,-9.06076144999992],[116.90727997,-9.06081676999993],[116.90722655,-9.06092929999995],[116.90711213,-9.06139566],[116.90697479,-9.06182479999996],[116.90692902,-9.06191824999992],[116.90688325,-9.06196020999994],[116.9066925,-9.06207181999991],[116.90621185,-9.06222627999995],[116.90574646,-9.06235979999992],[116.90507507,-9.06256865999995],[116.90468597,-9.06271840999994],[116.90413665,-9.062891],[116.90357208,-9.06307125999997],[116.90296935,-9.06329247999992],[116.90186311,-9.06359479999992],[116.90161896,-9.06365488999997],[116.90113832,-9.06375218999995],[116.89902496,-9.06450842999994],[116.898575029,-9.06470990299995],[116.898445965,-9.06479600699993],[116.898306437,-9.06488327099993],[116.898204116,-9.06495063299992],[116.898033582,-9.06498584499991],[116.897720419,-9.06499809199994],[116.89732974,-9.06498584499991],[116.896864647,-9.06491848299993],[116.896542182,-9.06483274999995],[116.896126698,-9.06470414999995],[116.895928258,-9.06458167399995],[116.895698812,-9.06433059799991],[116.8951438,-9.06407952199993],[116.894957763,-9.06401215999995],[116.894660103,-9.06396623099994],[116.894415154,-9.06385294099994],[116.894368644,-9.06379476499995],[116.894219815,-9.06369831399991],[116.894170205,-9.06369678299995],[116.894157908,-9.06370285499992],[116.894142299,-9.06371056199993],[116.89410746,-9.06375204899996],[116.894089588,-9.06377333099994],[116.894067884,-9.06382844599994],[116.894072535,-9.06386365699996],[116.894086488,-9.06393101899994],[116.894080286,-9.0639968499999],[116.89404773,-9.06405502699995],[116.893979516,-9.06411626499994],[116.893869444,-9.06413157399993],[116.893785727,-9.06409636199993],[116.893711312,-9.06403053099996],[116.893666353,-9.06392642699996],[116.893604341,-9.06380854299994],[116.893584187,-9.06376720699996],[116.893570236,-9.06370442499991],[116.893577985,-9.06365085499993],[116.893580238,-9.06364047299992],[116.893591938,-9.06358655499992],[116.893655501,-9.06345642399992],[116.893697359,-9.06337834499993],[116.893722164,-9.06331098299994],[116.893722832,-9.06327009899991],[116.893723715,-9.06321606299991],[116.893694259,-9.06308440099991],[116.893630696,-9.06301091499995],[116.893601535,-9.06299805899994],[116.893543879,-9.06297264099993],[116.893478765,-9.06293283599996],[116.893429155,-9.06285934999989],[116.893422954,-9.06276136899992],[116.893416753,-9.06266644999994],[116.89340435,-9.06257459199992],[116.893241568,-9.06243221299992],[116.893134596,-9.06237250499994],[116.89300437,-9.06233882399995],[116.892911531,-9.06233361499994],[116.892867943,-9.06233116999994],[116.892795078,-9.06233729299993],[116.892768821,-9.06235565999993],[116.89275787,-9.06236331999992],[116.892722213,-9.06239393899995],[116.892652449,-9.06238934599993],[116.892517572,-9.06238015999993],[116.892444707,-9.06235566499993],[116.892385796,-9.06231892199992],[116.892314481,-9.06225309099996],[116.892233865,-9.06219644499995],[116.892117592,-9.06213214499992],[116.89196256,-9.06206018899991],[116.89181063,-9.0620173229999],[116.891602888,-9.06198517199994],[116.891472662,-9.06193618199996],[116.891268021,-9.06187800499993],[116.891041675,-9.06186269499994],[116.891011766,-9.06185985499991],[116.890880443,-9.06184738599997],[116.89076572,-9.06185350999993],[116.890675802,-9.06191474799995],[116.890581143,-9.06194666699992],[116.890548676,-9.06195761499993],[116.890458758,-9.06195761499993],[116.890297526,-9.06184279299993],[116.890207607,-9.06179533299991],[116.890140944,-9.06176471399995],[116.890105287,-9.06177389999994],[116.890057227,-9.06184891699991],[116.889950256,-9.06188259799996],[116.8899208,-9.06192852699991],[116.889903746,-9.06196373899991],[116.889844834,-9.06199435799994],[116.88980236,-9.06198184799997],[116.889756467,-9.06196833199994],[116.889705058,-9.06194996899996],[116.889683602,-9.06194230499996],[116.889596785,-9.06189943899994],[116.889540973,-9.06183819999996],[116.889446404,-9.06177696199996],[116.889396794,-9.06172337799996],[116.889285172,-9.06167132499991],[116.889206106,-9.06163611299991],[116.88912704,-9.06163151999993],[116.889046424,-9.06164376799996],[116.889010767,-9.06167285599991],[116.888950305,-9.06170194399995],[116.888903795,-9.06170194399995],[116.88882628,-9.06167132499991],[116.888810776,-9.06164376799996],[116.888762717,-9.06155497199996],[116.888548774,-9.06140493699991],[116.888368938,-9.06142024699994],[116.888102284,-9.06148454799995],[116.887807725,-9.06153047599994],[116.887444952,-9.06140493699991],[116.887331779,-9.06131920299993],[116.887117836,-9.06118907099995],[116.887069427,-9.06113935499991],[116.88704032,-9.06110946099996],[116.886947302,-9.06104516099993],[116.886817075,-9.06099310799994],[116.886747915,-9.06095841699994],[116.886719406,-9.06094411699991],[116.886692599,-9.06089117199991],[116.8866915,-9.06088900199996],[116.886677808,-9.06083897399993],[116.886675997,-9.06083235599995],[116.886666695,-9.06074509099995],[116.886675997,-9.06067466699994],[116.886722506,-9.06057056099991],[116.886724303,-9.06056665799992],[116.886753513,-9.06050319799994],[116.886784519,-9.06040521599993],[116.886815525,-9.06029498699991],[116.886815525,-9.06016026099991],[116.886808562,-9.06007316099994],[116.886806223,-9.06004390799996],[116.886796921,-9.05990305799992],[116.886809324,-9.05976833299992],[116.886860484,-9.05964126199996],[116.886875987,-9.05953409399996],[116.886883739,-9.05940396199992],[116.886893041,-9.05928913899994],[116.886910593,-9.05919553699994],[116.886916295,-9.05916512999991],[116.886916295,-9.05911001499993],[116.886914745,-9.05905643099995],[116.886882569,-9.05896706499994],[116.886815525,-9.05878085499995],[116.886629488,-9.05861550999993],[116.886403142,-9.05847465999995],[116.886161293,-9.05838280099994],[116.88589464,-9.05833380999991],[116.885686898,-9.05841035899994],[116.885479156,-9.05869818299993],[116.88534893,-9.05901509399997],[116.885193899,-9.05911307699995],[116.885124135,-9.05922789999994],[116.885066773,-9.05935037799993],[116.885031116,-9.05945601499992],[116.884955151,-9.05956930699995],[116.884886937,-9.05969484599996],[116.884776865,-9.05979435999996],[116.884624934,-9.05984794399996],[116.88445285,-9.05986325299995],[116.884288517,-9.05983875799996],[116.884133486,-9.05979435999996],[116.884032715,-9.05981273099991],[116.883893187,-9.05986631499993],[116.88380792,-9.05994592599995],[116.88375676,-9.06003931499992],[116.883752109,-9.06011433199995],[116.883874584,-9.06028273899994],[116.883925744,-9.06036081799995],[116.883952763,-9.06042595799994],[116.883967602,-9.06046722099995],[116.883967602,-9.06055754799991],[116.88395675,-9.06064481299995],[116.883931945,-9.06072748499992],[116.883902489,-9.06077800699995],[116.883866832,-9.06083924599996],[116.883814121,-9.06087598899995],[116.883783115,-9.06092344899992],[116.88375986,-9.06096325399995],[116.883731955,-9.06106276699996],[116.883666842,-9.06125872999991],[116.883623433,-9.06139039299995],[116.883580024,-9.06152205599995],[116.883549018,-9.06164453299994],[116.883496307,-9.06178538199993],[116.883493207,-9.06188642499995],[116.883521112,-9.06199665499992],[116.883539716,-9.06214668899992],[116.883539716,-9.06227528899995],[116.883518012,-9.06237327099995],[116.883428094,-9.06241001399991],[116.88316144,-9.06241307599992],[116.882933544,-9.06235030699993],[116.882673092,-9.06233958999993],[116.882280863,-9.06226610399994],[116.881941345,-9.06219414899994],[116.8817181,-9.06212678599993],[116.881580122,-9.06199665499992],[116.881563069,-9.06192469899991],[116.881587874,-9.06187111599991],[116.881674691,-9.06179762999995],[116.88171965,-9.06170883399994],[116.881733603,-9.06164300199993],[116.881738254,-9.06152971099993],[116.881640584,-9.06141795099995],[116.88155365,-9.06132792999994],[116.881330082,-9.06123949799991],[116.881264547,-9.06121357499996],[116.88095092,-9.06108951999994],[116.88063051,-9.06099127999994],[116.880337454,-9.06094031899994],[116.880116628,-9.06085914799991],[116.87983137,-9.06069992799991],[116.87977893,-9.06067921299998],[116.879180239,-9.06044272499992],[116.879152292,-9.06043545399996],[116.878144631,-9.06017327499995],[116.877338469,-9.05991300999995],[116.87714623,-9.05985789499994],[116.876926086,-9.05983033699995],[116.876778128,-9.05985084399993],[116.87674935,-9.05985483299992],[116.876643929,-9.05985789499994],[116.876470294,-9.05977522199993],[116.876377275,-9.05969867399994],[116.876360596,-9.05967903399994],[116.876296659,-9.05960375399991],[116.876240848,-9.05951495699992],[116.876129225,-9.05943840899994],[116.875909081,-9.05938329399993],[116.875648629,-9.05931899299992],[116.875199038,-9.05919345299993],[116.874727744,-9.05904341699995],[116.874234744,-9.05886582399995],[116.87391228,-9.05872191299994],[116.873648726,-9.05861780599992],[116.873534003,-9.05855656699994],[116.873432526,-9.05853819499993],[116.873347966,-9.05852288599995],[116.873285954,-9.05859024899991],[116.873199136,-9.05863311599996],[116.873127822,-9.05863311599996],[116.872929382,-9.05857493899993],[116.872797656,-9.05850236599992],[116.872634823,-9.05841265599991],[116.872458087,-9.05829936299996],[116.872316399,-9.05819442199993],[116.872197635,-9.05810645999993],[116.872036402,-9.0579656099999],[116.871834862,-9.05781557399997],[116.871642623,-9.05768390999992],[116.871348064,-9.05753387399995],[116.871143423,-9.05745732499994],[116.870861266,-9.05731953599991],[116.87051391,-9.0570936299999],[116.87006379,-9.05686853999993],[116.86961366,-9.05679321999992],[116.86930084,-9.05678939999997],[116.86903383,-9.05683134999993],[116.86894226,-9.05696583999992],[116.86876679,-9.05721186999994],[116.86862944,-9.05725190999993],[116.86806487,-9.05725765999995],[116.86796569,-9.05717658999993],[116.86795807,-9.05708216999995],[116.8679352,-9.05697724999995],[116.86781311,-9.0569133899999],[116.86745453,-9.05680368999993],[116.8672409,-9.05679606999991],[116.86703491,-9.05676269999993],[116.86651611,-9.05654907999991],[116.86627959,-9.05638980000001],[116.86618043,-9.05627632999994],[116.8660965,-9.05580997999995],[116.86603547,-9.05566406999993],[116.8659439,-9.05559634999992],[116.86569214,-9.05550479999994],[116.86527253,-9.05551625999994],[116.86511231,-9.05548286999994],[116.86508941,-9.05542851999991],[116.86507416,-9.05524445999993],[116.86503603,-9.05508518999994],[116.86488343,-9.05487537999994],[116.86473847,-9.05466842999994],[116.8645172,-9.0543422699999],[116.86446405,-9.05428731999996],[116.86443981,-9.05426226299994],[116.864235386,-9.05405094099996],[116.86423493,-9.05405046999994],[116.864206953,-9.05400691299991],[116.864151,-9.05391980000001],[116.864035595,-9.05361878899994],[116.86398317,-9.05348204999996],[116.863931291,-9.05338134199991],[116.8638687,-9.05325983999996],[116.86371613,-9.05288983999992],[116.86368561,-9.05281543999997],[116.86356353,-9.05269717999996],[116.863128688,-9.05239583899995],[116.86312866,-9.05239581999998],[116.86282348,-9.05235766999994],[116.86226653,-9.05235672999993],[116.862106314,-9.05231667499993],[116.8619461,-9.05227661999992],[116.861752648,-9.05219784599996],[116.86167906,-9.05216787999996],[116.8613205,-9.0519733599999],[116.86109161,-9.05186940999996],[116.86085511,-9.05167006999995],[116.86066438,-9.05156326999992],[116.85925292,-9.05092237999992],[116.85908508,-9.05085849999995],[116.85744476,-9.05024718999994],[116.856870665,-9.04998377699991],[116.856037184,-9.04949001099993],[116.855640304,-9.04925117299998],[116.855444965,-9.04911338199992],[116.855116709,-9.04888155099991],[116.854933362,-9.04875206199996],[116.854697714,-9.04857140099995],[116.85432564,-9.04829581799994],[116.853993873,-9.04805085499994],[116.853755125,-9.04786713199991],[116.853627999,-9.04770178199994],[116.853440043,-9.04716643499995],[116.85322571,-9.04637908999996],[116.85316468,-9.04621981999992],[116.85289002,-9.04585743999991],[116.85272217,-9.04573058999996],[116.8526535,-9.04559517999992],[116.85266114,-9.04528330999995],[116.85273743,-9.04516219999993],[116.85284423,-9.04507255999993],[116.85298921,-9.0450439599999],[116.85331726,-9.04497719999995],[116.853263676,-9.04476679999994],[116.853195462,-9.04462288199994],[116.853093142,-9.04446059199995],[116.852640451,-9.04402883999996],[116.852507124,-9.04394003999995],[116.852373797,-9.04384817699993],[116.852248222,-9.04379305999993],[116.852108589,-9.04375467599995],[116.852097841,-9.04375172199991],[116.851846691,-9.04375937699995],[116.851580037,-9.04380224599995],[116.851361443,-9.04393238399997],[116.851432758,-9.04396606699993],[116.851468795,-9.04399831999998],[116.851531978,-9.04405486799994],[116.851566084,-9.04414979199993],[116.85154438,-9.044241654],[116.851510273,-9.04428452299995],[116.851386248,-9.04434576499996],[116.851324806,-9.0443807709999],[116.851305632,-9.04439169599994],[116.851304181,-9.04439742899997],[116.851283928,-9.04447743399995],[116.851279272,-9.04449697399991],[116.851259123,-9.04458154399995],[116.851248736,-9.04460513599992],[116.851228116,-9.04465197199995],[116.851156802,-9.04471321299991],[116.850970765,-9.04472546199992],[116.850743002,-9.04470071899994],[116.850704764,-9.04469656499992],[116.850660702,-9.04469177899995],[116.850425055,-9.04459991699991],[116.850338237,-9.04449274399991],[116.8501522,-9.04433963999993],[116.850034452,-9.04422058799991],[116.850021974,-9.04420797099994],[116.850005693,-9.04419768899993],[116.849925738,-9.04414718999994],[116.84975532,-9.04403955699991],[116.849265422,-9.04388645299991],[116.848989466,-9.04378234299993],[116.848623593,-9.04370579099992],[116.848121291,-9.04364454899993],[116.847699607,-9.04356187299994],[116.847330632,-9.04351900399996],[116.847026771,-9.04343632799993],[116.846788023,-9.04337814799993],[116.846567879,-9.04328016099992],[116.846329131,-9.04317298899991],[116.845867138,-9.04307500199991],[116.845507466,-9.04306428499996],[116.84527957,-9.04303060199993],[116.845175699,-9.04297395299995],[116.845060383,-9.04295312099993],[116.845048573,-9.04295098699993],[116.844969507,-9.04296170499992],[116.844794322,-9.04296782899991],[116.844679599,-9.04292955299992],[116.844546272,-9.04288515299993],[116.844516496,-9.04287735799994],[116.844288921,-9.04281778699993],[116.844014392,-9.04273973799991],[116.843879638,-9.04270142699994],[116.843515315,-9.04261109599994],[116.843358733,-9.04256363299993],[116.843250212,-9.04248861199994],[116.843231608,-9.04241512199993],[116.843265715,-9.04227885899991],[116.843299822,-9.04219311999993],[116.843465705,-9.04215178199991],[116.843555623,-9.04213647199992],[116.843674997,-9.04212269199991],[116.843722142,-9.04210347699997],[116.843772667,-9.04208288499996],[116.843823827,-9.04196040099993],[116.843834679,-9.04185935199996],[116.843825567,-9.04181762799994],[116.843817626,-9.04178126899996],[116.843802123,-9.04168787499992],[116.843800572,-9.04162816399992],[116.843819176,-9.04158070199992],[116.843842431,-9.04152864599996],[116.8439401,-9.04148883899995],[116.84403932,-9.04147965199991],[116.844146292,-9.04146740399996],[116.844197038,-9.04144535299992],[116.844223807,-9.04143372099992],[116.844222257,-9.04137094799997],[116.844226908,-9.04130051999994],[116.844217606,-9.04123009099995],[116.84408738,-9.04095909499995],[116.843968006,-9.04079374199995],[116.843716855,-9.0405411179999],[116.843481208,-9.04038495099991],[116.843138589,-9.04010782999996],[116.843080833,-9.04007770999994],[116.842903717,-9.03998534499993],[116.842606057,-9.03984754999995],[116.842358007,-9.03975568699991],[116.842212278,-9.03966382399994],[116.842057247,-9.03959339499995],[116.841871209,-9.03951377999994],[116.841420068,-9.03941426099994],[116.84122783,-9.03938670199996],[116.841180928,-9.03938504799994],[116.841010786,-9.03937904699996],[116.84083095,-9.03938670199996],[116.840782842,-9.03939638499991],[116.840503834,-9.03945253799994],[116.840303844,-9.03951531099996],[116.840108505,-9.0395857399999],[116.840035844,-9.03962015399994],[116.839956574,-9.03965769899992],[116.839882159,-9.03973272099995],[116.83974614,-9.03984912599993],[116.839646512,-9.03995319299992],[116.839480628,-9.04015222999993],[116.839314745,-9.04036963999995],[116.839235191,-9.04055664299995],[116.839165915,-9.04071948599994],[116.839116943,-9.04086094999992],[116.839103903,-9.04089861899996],[116.83901786,-9.04108770399995],[116.838980653,-9.04117956699992],[116.83896515,-9.04129745799991],[116.838991505,-9.04139085199997],[116.839042665,-9.04149190099993],[116.839043594,-9.04149270099994],[116.839088163,-9.04153108599991],[116.839175992,-9.04160672899992],[116.8392177,-9.04164209899996],[116.839293347,-9.04170624999995],[116.839318621,-9.04172768199994],[116.839319569,-9.04172791799994],[116.839490705,-9.04177055199995],[116.839520831,-9.04177960599993],[116.839662106,-9.04182206899993],[116.839668991,-9.04182413799993],[116.83974506,-9.04185580199993],[116.8398239,-9.0418886189999],[116.839856579,-9.04190222199992],[116.839957512,-9.04195459499994],[116.840014044,-9.04198392899991],[116.840039516,-9.04199714699998],[116.840126333,-9.04209053999995],[116.840219352,-9.04219005799996],[116.840324971,-9.04225755099992],[116.840351128,-9.04227426599994],[116.840444147,-9.04226661099995],[116.840499958,-9.04223598999994],[116.840559073,-9.04220225899991],[116.840569722,-9.04219618299994],[116.840628634,-9.04219158899991],[116.840646484,-9.04220225899991],[116.840687546,-9.04222680299996],[116.840695298,-9.04226048699991],[116.840685996,-9.04229263799993],[116.840636386,-9.04235387999996],[116.840538716,-9.04237378399995],[116.840423993,-9.04239062499994],[116.840318572,-9.04241971499994],[116.840250358,-9.04249014299995],[116.840191446,-9.04256516399995],[116.840141836,-9.04269377199997],[116.840107729,-9.04290811799996],[116.840096074,-9.04296981599992],[116.840068972,-9.04311327799991],[116.840104629,-9.04330771999992],[116.840109926,-9.04333322099996],[116.840129434,-9.04342714099996],[116.840155985,-9.04346563099995],[116.840213926,-9.04354962499991],[116.840250358,-9.04361239699995],[116.840245707,-9.04368588699993],[116.840214701,-9.04373947399995],[116.840006959,-9.04394616399992],[116.839982106,-9.04396016299995],[116.839797667,-9.04406405399993],[116.839535664,-9.04417581999992],[116.839296916,-9.04430289599992],[116.838872131,-9.04454939199992],[116.838871144,-9.04455011399995],[116.838762089,-9.04462989099995],[116.838704697,-9.04467187499995],[116.838632232,-9.04474304599995],[116.838583154,-9.04479124799991],[116.838422541,-9.04494899299993],[116.838248906,-9.04515108899995],[116.838062868,-9.04535165399995],[116.837943494,-9.04545729599994],[116.83773805,-9.04556654999993],[116.83723451,-9.04564474999996],[116.8355789,-9.04570197999994],[116.83553315,-9.0457515499999],[116.83548738,-9.04587554999995],[116.835459348,-9.04591408899995],[116.835276696,-9.045931],[116.834898778,-9.04594482299998],[116.834534857,-9.04594482299998],[116.834156939,-9.04594482299998],[116.833569067,-9.04586188599998],[116.833065176,-9.04575130299992],[116.832785237,-9.04568218799994],[116.832379325,-9.04558542799992],[116.831903428,-9.04547484499995],[116.831637485,-9.04537808399996],[116.831343549,-9.04526750099997],[116.831133595,-9.04512927199994],[116.831109758,-9.04511643099995],[116.830825662,-9.04496339699996],[116.830545722,-9.04476987599994],[116.830153807,-9.04457635499995],[116.829943853,-9.04439665699993],[116.829874109,-9.04432012799993],[116.829830096,-9.04427183199994],[116.82981788,-9.04425842799992],[116.829607926,-9.04410637499997],[116.829453959,-9.04399579199992],[116.829299992,-9.04388520799995],[116.829272745,-9.04386983199993],[116.829203346,-9.04384742599995],[116.828661777,-9.0433812099999],[116.82762909,-9.04242420999993],[116.82696533,-9.04192827999993],[116.82673645,-9.0417718899999],[116.82611085,-9.04139136999994],[116.82588194,-9.04123591999992],[116.82557677,-9.04104230999991],[116.82520292,-9.04078007999994],[116.82496642,-9.04060840999995],[116.82464599,-9.04033374999995],[116.824522539,-9.04024532999997],[116.82444762,-9.04019166999995],[116.82441287,-9.04017788999995],[116.82411194,-9.04006005999994],[116.82386888,-9.03998720599992],[116.82355505,-9.03983223999996],[116.823052749,-9.03958114699993],[116.822426423,-9.03934842599995],[116.821626462,-9.03910958099994],[116.820950526,-9.03899934499993],[116.819797094,-9.03881561699996],[116.818711876,-9.03856452299994],[116.81709483,-9.03797915799993],[116.816969325,-9.03793372599996],[116.815499629,-9.03736416899995],[116.814674863,-9.03694771899995],[116.814153959,-9.03651901999997],[116.813533834,-9.03594333699995],[116.812665659,-9.03535540399991],[116.811853296,-9.03493895199994],[116.810985121,-9.03425302899996],[116.810496679,-9.03385037799995],[116.81023477,-9.03363447199996],[116.809916519,-9.03342874599992],[116.809552633,-9.03319351999996],[116.808851892,-9.03281993499993],[116.8078969,-9.03248309599992],[116.806941908,-9.03234223599992],[116.806123343,-9.03226874399991],[116.805893771,-9.03226138299994],[116.805168351,-9.03223812199993],[116.80502593,-9.03224214099993],[116.804344924,-9.03226135699994],[116.804300177,-9.03226261999994],[116.803506417,-9.03230548999995],[116.802570029,-9.03238510699993],[116.801763866,-9.03254433999995],[116.801152366,-9.03281781199992],[116.800942201,-9.03291179999993],[116.800718956,-9.03313227699994],[116.800591831,-9.03336806399994],[116.800429177,-9.03370906199996],[116.800424221,-9.03371202099993],[116.800391465,-9.03373157199991],[116.80017276,-9.03391939199992],[116.80006073,-9.03402621699991],[116.799485443,-9.03436927899993],[116.799320126,-9.03446093799994],[116.798622805,-9.03492422499995],[116.79786843,-9.03527481999993],[116.797291554,-9.03547515999992],[116.79644209,-9.03571306399994],[116.795560929,-9.03581323399993],[116.792841375,-9.03587584],[116.792498994,-9.03588738599996],[116.791541822,-9.03591966399997],[116.790299322,-9.03588836099994],[116.789088518,-9.03573810599994],[116.788182,-9.03548768199994],[116.787395928,-9.03511830499991],[116.786356285,-9.03445467699993],[116.785322982,-9.03358444699995],[116.784505214,-9.03275803899993],[116.783807892,-9.03206936499995],[116.783446553,-9.03164363799994],[116.783059857,-9.03109895799992],[116.782818964,-9.03054175499994],[116.782683005,-9.03025849199991],[116.782377966,-9.02962295999993],[116.782356196,-9.02957760399994],[116.782313682,-9.02951615999996],[116.782096285,-9.02920195999991],[116.781849053,-9.02896405299994],[116.781576464,-9.02874492699993],[116.781303874,-9.02857588699995],[116.781037624,-9.02835675999995],[116.780771374,-9.02815015599993],[116.780706741,-9.02808346499996],[116.780346642,-9.02771190299995],[116.779972624,-9.02747399399995],[116.779700035,-9.02736129999994],[116.778990035,-9.02696687199994],[116.778375124,-9.02659122499995],[116.777906017,-9.02618427499996],[116.777303785,-9.02569593299996],[116.775909142,-9.02442498999994],[116.772485927,-9.02144482899996],[116.769265569,-9.01863994899992],[116.768847177,-9.01827681599992],[116.768666729,-9.01815800499991],[116.768504855,-9.01805142299992],[116.768213248,-9.01793872599996],[116.767832891,-9.01776968099995],[116.767718784,-9.01761941799992],[116.767608836,-9.01746429199996],[116.767585659,-9.01743158999995],[116.767173605,-9.01711228199992],[116.766336819,-9.01666775499996],[116.765404944,-9.01611052999994],[116.764771015,-9.01577243799995],[116.764038828,-9.01530912599994],[116.762850212,-9.01446702399994],[116.762317712,-9.01404753799996],[116.761988069,-9.01375327099993],[116.761595033,-9.01341517699996],[116.760808961,-9.01277655399992],[116.759997533,-9.01208157999993],[116.758805747,-9.01129894999991],[116.75665039,-9.00979629699993],[116.755521997,-9.00896983499996],[116.754672532,-9.00817467599996],[116.75415905,-9.00774892099991],[116.753601193,-9.00722924899992],[116.753049675,-9.00672835999995],[116.752517175,-9.00635269199995],[116.751991014,-9.00598328499996],[116.7517628,-9.00572031699994],[116.751401461,-9.00527577599992],[116.750999767,-9.00499862499993],[116.75007655,-9.00436164699994],[116.749322175,-9.00385449299994]]],[[[116.734638097,-8.97590962899994],[116.734671903,-8.97594034999992],[116.7347003,-8.97597240599992],[116.734721936,-8.97601648399996],[116.734747628,-8.97606056099994],[116.734782787,-8.97610864599995],[116.734811184,-8.97614738099993],[116.734840933,-8.97617810199995],[116.734873387,-8.97621149399993],[116.734903137,-8.97623152899996],[116.734926125,-8.97625289999991],[116.734957226,-8.97627961399991],[116.734986976,-8.97630766299995],[116.73501943,-8.97633437699995],[116.7350316,-8.97635441199992],[116.735038361,-8.97638646799993],[116.735039713,-8.97641585399992],[116.735039713,-8.97645659199992],[116.735040389,-8.97646727699993],[116.735035657,-8.97648464099998],[116.735023486,-8.97649265499996],[116.735007259,-8.97649799799998],[116.735001231,-8.97649998299994],[116.734984947,-8.97650534399993],[116.734957226,-8.97652203999992],[116.734914631,-8.97655075799992],[116.734889614,-8.97656812099996],[116.734868654,-8.97658414999995],[116.734841609,-8.97659149599992],[116.734801042,-8.97659683899991],[116.73475439,-8.97659416699991],[116.734715851,-8.97658147799996],[116.734680016,-8.97656678599992],[116.734648914,-8.97655276099994],[116.734616461,-8.97652871899993],[116.734573189,-8.97650133699994],[116.734537354,-8.97647662699996],[116.734455543,-8.97642920999994],[116.73440982,-8.97639695099991],[116.734408215,-8.97639581799996],[116.734373056,-8.97636776899992],[116.734348716,-8.97632369099995],[116.734347364,-8.97627427099991],[116.734348716,-8.97624221499995],[116.734344659,-8.97620882199994],[116.734335194,-8.97617810199995],[116.734320319,-8.97614470999991],[116.734316262,-8.97609662499991],[116.734324376,-8.97606590399994],[116.734337654,-8.97602364999995],[116.734375761,-8.97592432199991],[116.734428499,-8.97587356599991],[116.734475827,-8.97584818699995],[116.734533974,-8.97584017299994],[116.734596177,-8.97585753699991],[116.734629983,-8.97588425099991],[116.734638097,-8.97590962899994]]],[[[116.734310177,-8.97448845699995],[116.734417004,-8.97450047799993],[116.734503548,-8.97452852799996],[116.734541411,-8.97457394099996],[116.734529241,-8.97463137599994],[116.734495435,-8.97467946099993],[116.734462981,-8.97474223799992],[116.734431879,-8.97478230899993],[116.734404158,-8.97484374999994],[116.734385903,-8.97489250299993],[116.734377789,-8.97495594799995],[116.734352773,-8.97502006099997],[116.734352773,-8.97506413899993],[116.734366295,-8.97510420999993],[116.734379818,-8.97514962299993],[116.734378465,-8.97520839299995],[116.734369,-8.97523377199991],[116.734332489,-8.97527517799995],[116.73427299,-8.97529921999995],[116.734199969,-8.97532726999993],[116.734094494,-8.97533528399992],[116.734034995,-8.97531524799998],[116.733966031,-8.97526182099995],[116.733925463,-8.97519637199992],[116.733898418,-8.97514962299993],[116.733897066,-8.97509085299995],[116.733926816,-8.97504543899993],[116.73395386,-8.9749986899999],[116.733979553,-8.97496796999992],[116.734005246,-8.97493858399991],[116.734028234,-8.97489584199993],[116.734055279,-8.9748664569999],[116.734066097,-8.97484642199993],[116.734064745,-8.97482638599997],[116.734055279,-8.97482237899995],[116.734036347,-8.97482638599997],[116.734006598,-8.97485844299996],[116.733994428,-8.97488114999994],[116.733955213,-8.97490385599991],[116.733901123,-8.97490118499991],[116.733828102,-8.97489450699994],[116.733742731,-8.97486234099996],[116.733720598,-8.97484374999994],[116.733708428,-8.97482438299995],[116.733707752,-8.97480434799991],[116.733703019,-8.97478431199993],[116.733703019,-8.97476427699993],[116.733703695,-8.97474891599995],[116.733704371,-8.97473288799995],[116.733714257,-8.97470296299992],[116.73379447,-8.97459871299992],[116.733865965,-8.97457060199993],[116.733945747,-8.97455590899996],[116.734120187,-8.97452251699991],[116.734185094,-8.97450248199994],[116.734254735,-8.97448177799994],[116.734310177,-8.97448845699995]]],[[[116.992722359,-9.08993471499993],[116.992711843,-9.08994520799996],[116.992684327,-9.08994973699994],[116.992661,-9.08995774799997],[116.992647816,-9.08997577399992],[116.992632603,-9.0899988079999],[116.992622461,-9.09002083899992],[116.992616376,-9.09005188399994],[116.992613334,-9.09007091199993],[116.992604206,-9.09009995399993],[116.992601164,-9.09011597699993],[116.992557554,-9.0901870799999],[116.99251293,-9.09021712299995],[116.992464249,-9.09023915499996],[116.992458164,-9.09024316099995],[116.992370944,-9.09023514899991],[116.992306036,-9.09021511999993],[116.992257355,-9.09018107099997],[116.992186362,-9.09010696399991],[116.992141738,-9.09004287099993],[116.99212754,-9.08998879299994],[116.99211537,-9.08996075299996],[116.992095086,-9.08992970799994],[116.992055533,-9.08990366999996],[116.992030178,-9.08988664599992],[116.99200888,-9.08986561499997],[116.99199671,-9.08982355399991],[116.992005838,-9.08980052099993],[116.992016166,-9.08978012399996],[116.992036263,-9.08975295199992],[116.992050969,-9.08974193599996],[116.992066689,-9.08973893199994],[116.992084437,-9.08974143599996],[116.992106242,-9.08974894599993],[116.992118793,-9.08975424999996],[116.992133625,-9.08977022699992],[116.992156613,-9.08978624999992],[116.992203942,-9.08978892099994],[116.992240452,-9.08978224499994],[116.992272906,-9.08978090899996],[116.992308064,-9.08977289799991],[116.99234728,-9.08977289799991],[116.992387847,-9.08977957399992],[116.992436528,-9.08977156299994],[116.992470334,-9.08976488599996],[116.992500083,-9.08975019799994],[116.992521719,-9.08973283999995],[116.992527128,-9.08971147599993],[116.992524424,-9.08968343499992],[116.992520367,-9.08965539499991],[116.992519013,-9.08965334999994],[116.992519015,-9.08963094299992],[116.992510563,-9.08959088499997],[116.992487575,-9.08955483199994],[116.992475405,-9.08953346799995],[116.992465939,-9.08949608099994],[116.992475405,-9.08947204599991],[116.992484871,-9.08946536999991],[116.992506506,-9.08946002899996],[116.992548426,-9.08946803999994],[116.992603868,-9.08951610999991],[116.992625504,-9.08953480299995],[116.992630913,-9.08955082699993],[116.992637674,-9.08957486099996],[116.992640379,-9.08959488999994],[116.992644171,-9.08962179599998],[116.992639703,-9.08966232099993],[116.992630575,-9.08969136299993],[116.992631589,-9.08971339499994],[116.99263666,-9.08974844599994],[116.992637674,-9.08976747299995],[116.992642745,-9.08979451199993],[116.992659986,-9.08981654399992],[116.992686355,-9.08982856199992],[116.992701331,-9.08983187199993],[116.992716781,-9.08984208099992],[116.992727937,-9.08985309699995],[116.992736557,-9.08987062199993],[116.992740614,-9.08988614499994],[116.992738586,-9.08990316899991],[116.992730979,-9.08991969299996],[116.992722359,-9.08993471499993]]]]}},{"type":"Feature","properties":{"gid":331368,"luas":0.01295141988333,"kdkab":"07","kdkec":"06","nmkab":"SUMBAWA BARAT","nmkec":"POTO TANO","kdprov":"52","nmprov":"NUSA TENGGARA BARAT","sumber":null,"periode":"2025_1","idkec":"52.07.06"},"geometry":{"type":"MultiPolygon","coordinates":[[[[116.78878042700012,-8.532343957999899],[116.78876630499997,-8.532453683999961],[116.78876126199998,-8.532542462999913],[116.788744114,-8.532603310999889],[116.78873100100009,-8.532631240999876],[116.7887380620001,-8.532666153999912],[116.78875823600015,-8.532693086999927],[116.78878547000011,-8.532723011999906],[116.78882380000005,-8.532857675999878],[116.78880665200006,-8.532962414999929],[116.78878647900012,-8.533025257999896],[116.78874512300001,-8.533053187999883],[116.78874008000003,-8.533094085999892],[116.78875319200006,-8.533128998999928],[116.78876428800015,-8.533150943999885],[116.78876832200012,-8.53320979799986],[116.78875722700013,-8.53326964799993],[116.788750166,-8.533319523999921],[116.78873069199994,-8.533371521999925],[116.78875730000004,-8.534128179999925],[116.78872681000007,-8.535140029999923],[116.78871917000015,-8.536266319999925],[116.78880310000011,-8.537467959999958],[116.78884887000004,-8.537965769999914],[116.78869629999997,-8.538605689999827],[116.7886352700001,-8.539699549999852],[116.78861237000001,-8.540150649999873],[116.78856660000008,-8.54040619999995],[116.78844450999998,-8.540647519999936],[116.78816224000002,-8.540923119999945],[116.78779600999997,-8.541237839999951],[116.78764344000012,-8.541419019999921],[116.78756714999997,-8.541598309999927],[116.78756714999997,-8.542261129999872],[116.78762054000015,-8.542648319999955],[116.78766631000008,-8.54287434999992],[116.78765106000003,-8.543076519999943],[116.78755950999994,-8.54332826999996],[116.78722383000002,-8.543829929999902],[116.78598786000009,-8.545276629999876],[116.7857361,-8.545581819999938],[116.78520964999996,-8.546615579999923],[116.7851181100001,-8.546787249999909],[116.7850876,-8.546854959999905],[116.78480530000013,-8.547286979999853],[116.78371431000005,-8.54856204999993],[116.78345489000014,-8.548876769999879],[116.78289795,-8.54964447999987],[116.7825775,-8.55004597999988],[116.78237915000011,-8.550301539999907],[116.78214265000008,-8.551112159999889],[116.78190613000004,-8.551569949999873],[116.78143309999996,-8.55218981999991],[116.78035734000014,-8.553363799999943],[116.77988432000006,-8.553818689999957],[116.77860260000011,-8.554645539999854],[116.77812957000003,-8.554904939999915],[116.77734375,-8.555256849999921],[116.77655030000005,-8.555600179999885],[116.77584077000017,-8.556037909999873],[116.77546691999999,-8.556260119999877],[116.77498628,-8.55658721999987],[116.77474974999996,-8.556799879999858],[116.77469634,-8.556841859999906],[116.77451325000015,-8.55706406999991],[116.77437591000012,-8.557304389999956],[116.77434540000013,-8.55742359999988],[116.77381133999995,-8.558336259999919],[116.77377318000015,-8.5584125499999],[116.77368927999999,-8.558470719999946],[116.77327728,-8.558506029999933],[116.77252198000008,-8.55832002999989],[116.77238464000004,-8.558301919999906],[116.77226258000007,-8.558357219999948],[116.77201082,-8.558745379999891],[116.77191163999998,-8.558898919999933],[116.77172850000011,-8.559025769999948],[116.77088209200008,-8.559080601999938],[116.77012356800003,-8.55908459199992],[116.76929645300004,-8.559000805999915],[116.76857827499998,-8.558597838999958],[116.76826356799995,-8.558318554999857],[116.76788834000001,-8.557668219999869],[116.76781369800005,-8.557307143999935],[116.76773098700005,-8.55708770599989],[116.76758977199995,-8.556970006999904],[116.76752925200014,-8.556806424999877],[116.767367863,-8.556714659999955],[116.76726296100003,-8.556708674999868],[116.76713586800008,-8.556535118999932],[116.76700253400008,-8.556343937999884],[116.76676941000017,-8.555687899999953],[116.76657104000003,-8.554855349999912],[116.76640318,-8.554021819999946],[116.76635740999996,-8.553514489999884],[116.76638031000005,-8.553137789999937],[116.76668550000011,-8.55246829999993],[116.76691437,-8.551498409999908],[116.76721192000014,-8.550638189999859],[116.76736452,-8.550320639999882],[116.76757051000016,-8.550040249999938],[116.76802825000004,-8.549683569999956],[116.76837920000014,-8.549427029999947],[116.76864623999995,-8.549169539999923],[116.76885223,-8.548864359999925],[116.76908875000004,-8.548337949999905],[116.76928712000006,-8.547628399999951],[116.76938630999996,-8.547003759999882],[116.76944734000006,-8.546283739999922],[116.76953888000014,-8.54590224999987],[116.76966858000003,-8.545449249999876],[116.76974486999995,-8.544774049999944],[116.76935577000006,-8.543500889999848],[116.76929473999996,-8.543251989999874],[116.76931764000005,-8.54305743999987],[116.76974486999995,-8.542308809999895],[116.77096558000005,-8.540802949999943],[116.77120969999999,-8.540550239999902],[116.77184295999996,-8.540141119999873],[116.77198792000002,-8.540029509999954],[116.77205657000002,-8.539904599999943],[116.77204895,-8.539666189999934],[116.77196503000016,-8.539301869999917],[116.77195738,-8.539087299999892],[116.7720413400001,-8.538792599999852],[116.77226258000007,-8.53830432999996],[116.77263642000003,-8.537711129999934],[116.77305601,-8.537212379999858],[116.77348327000016,-8.53670215999989],[116.77491760999999,-8.535041789999923],[116.77556611,-8.53430367999988],[116.77605437000011,-8.53385352999993],[116.7765655500001,-8.533376679999947],[116.77710722999996,-8.532783499999937],[116.77744294000001,-8.532395369999904],[116.77783201000011,-8.532060629999933],[116.77834320000011,-8.531695369999909],[116.77870178000012,-8.531514159999915],[116.77924348,-8.531370169999889],[116.7797317400001,-8.531316759999925],[116.77998349999996,-8.531330109999942],[116.7803421100001,-8.531432149999887],[116.780632,-8.531589509999947],[116.78084565000006,-8.531730639999864],[116.78109741000003,-8.531675349999944],[116.78144836000001,-8.531594269999857],[116.78167724000014,-8.531546589999948],[116.78193666000004,-8.531388279999874],[116.78226471000005,-8.53109072999996],[116.78247069999998,-8.53092480999993],[116.78308104000007,-8.530695919999914],[116.78331757000012,-8.530605319999836],[116.78344727000001,-8.530493729999932],[116.78348542000015,-8.530386929999906],[116.78346253000007,-8.530309679999903],[116.78320313000006,-8.530216219999886],[116.78266907000011,-8.530093199999953],[116.7824783100001,-8.52999876999985],[116.7824096700001,-8.529914849999955],[116.78285215999995,-8.5294733],[116.78381349999995,-8.528936389999956],[116.78463747000012,-8.52855204999986],[116.78519440000014,-8.52831172999987],[116.78610193500003,-8.527916164999851],[116.786367294,-8.527686790999951],[116.78663156699997,-8.527545142999884],[116.786857511,-8.527519206999955],[116.78699065599994,-8.527433419999852],[116.78708950600014,-8.52733366699988],[116.78721659999997,-8.52730773199994],[116.78735579700003,-8.527249874999939],[116.78745868200008,-8.527203988999872],[116.78760594899995,-8.52719401399986],[116.78768059100003,-8.527199998999947],[116.78779356300015,-8.527237904999936],[116.78785710900013,-8.527280798999925],[116.78792973400016,-8.527303741999958],[116.78796705499997,-8.52733366699988],[116.78802253200001,-8.527390525999863],[116.78806187099997,-8.527456362999885],[116.78806792299997,-8.52752219999985],[116.78805481000006,-8.527607986999953],[116.78803614900016,-8.527676316999873],[116.78815366000003,-8.52771621799991],[116.78819400700013,-8.527780558999893],[116.7881864420001,-8.527912231999949],[116.78817030300013,-8.528052882999873],[116.78816425100013,-8.528212486999848],[116.78819451200002,-8.52833019499991],[116.788246963,-8.528439921999905],[116.78828932700014,-8.52850276599986],[116.78832765699997,-8.528416978999871],[116.78835993500013,-8.528353137999943],[116.78842045500016,-8.528302263999933],[116.78847895800016,-8.52830824899985],[116.78852737500017,-8.528323211999862],[116.78855460900013,-8.528363112999955],[116.78855864399998,-8.52840700399986],[116.78866657200001,-8.528435931999866],[116.78884712499996,-8.528490795999858],[116.78891773300006,-8.528547654999954],[116.78898934899996,-8.528674339999952],[116.7890851730001,-8.52880601299995],[116.78910736400007,-8.528910752999877],[116.78911039000013,-8.529027462999863],[116.78908013000012,-8.52921200399993],[116.78909929400015,-8.52929779099992],[116.78910433800002,-8.529401532999884],[116.78907609500004,-8.529521234999947],[116.78904785199995,-8.529627969999922],[116.78903877400012,-8.52970677399992],[116.7890438170001,-8.529784580999888],[116.78904684300016,-8.529864381999914],[116.789049869,-8.529901289999941],[116.78903373000003,-8.530016004999936],[116.78900649600007,-8.53011775199991],[116.78896312300014,-8.530220495999913],[116.78893790600011,-8.530266381999866],[116.788920759,-8.530337205999956],[116.78890865500011,-8.530383091999852],[116.78888747199994,-8.530443939999941],[116.78887221599996,-8.530506534999859],[116.78885053,-8.530583342999932],[116.78883585900007,-8.530628187999866],[116.78880804599999,-8.530825407999941],[116.788826826,-8.530901550999943],[116.78883287800011,-8.531081103999952],[116.78882884300003,-8.531246691999911],[116.78881270400007,-8.53140629399985],[116.78877840899997,-8.531504050999956],[116.78871968300007,-8.531584645999885],[116.78869849800003,-8.531925173999923],[116.788750166,-8.53195891699994],[116.788774375,-8.532082608999872],[116.7887905130001,-8.53221827099992],[116.78878042700012,-8.532343957999899]]],[[[116.7921581060001,-8.525213918999896],[116.79210262900017,-8.525279755999918],[116.7919712480001,-8.525346535999859],[116.79185485000005,-8.525454509999918],[116.79173279000008,-8.52552032999995],[116.79155731000014,-8.525620459999857],[116.79150389999995,-8.525641439999902],[116.79136658000016,-8.525745389999827],[116.79096984,-8.52611064999985],[116.7907714700001,-8.526201249999872],[116.79052733000015,-8.52624034999991],[116.79034424000008,-8.526268959999868],[116.79010772000004,-8.526354789999914],[116.79000091000012,-8.526320459999909],[116.78993988000002,-8.526225089999912],[116.78977965000013,-8.525914189999924],[116.7896423300001,-8.525827409999863],[116.78955840000003,-8.525742539999953],[116.78958894000016,-8.525654789999862],[116.78960416999996,-8.525492669999949],[116.78964997000003,-8.524974809999947],[116.78974151,-8.524812709999935],[116.78989410999998,-8.5245246799999],[116.79001616999994,-8.524348259999954],[116.79019928000002,-8.524176589999854],[116.79028318999997,-8.524099359999866],[116.79045866000013,-8.524034509999922],[116.79072570000005,-8.524061199999892],[116.79174043,-8.524275769999917],[116.79187774000013,-8.524366379999947],[116.79198456999995,-8.524525649999873],[116.7921264680001,-8.524805897999897],[116.79216470100016,-8.524950014999945],[116.79218029700007,-8.52500942499995],[116.79218029700007,-8.525124140999935],[116.7921581060001,-8.525213918999896]]],[[[116.76713690999998,-8.674264891999883],[116.76675767800009,-8.674270749999948],[116.76644165100004,-8.674245365999866],[116.76623228300002,-8.674216077999858],[116.76564268599998,-8.67418335799988],[116.76559232900001,-8.674182883999947],[116.76555677600015,-8.67434299499996],[116.76531975600005,-8.67447967499993],[116.76498792799998,-8.674680789999854],[116.76477856000008,-8.674737414999925],[116.76459684400015,-8.6747920869999],[116.7643637750001,-8.674822351999921],[116.764252178,-8.674867748999873],[116.7641766270001,-8.67489508499989],[116.76411194100001,-8.674903871999902],[116.764036884,-8.674888250999857],[116.76397367899995,-8.674901918999922],[116.76348383699997,-8.674948780999898],[116.7631362080001,-8.674978069999952],[116.76265722899996,-8.674967329999959],[116.76245082399998,-8.674957567999911],[116.76234614000009,-8.674979045999919],[116.76224244399998,-8.675012239999944],[116.76207751800007,-8.675069839999878],[116.76187648300004,-8.675117541999953],[116.76169585000014,-8.675104129999909],[116.76001739000014,-8.67471693999994],[116.75907136,-8.674520479999899],[116.75900268999999,-8.674510009999949],[116.75894928000002,-8.6744680299999],[116.75881377400003,-8.674341435999906],[116.75873257100011,-8.674225840999952],[116.75862986200002,-8.674114543999906],[116.75855875600007,-8.673991530999956],[116.75849555100001,-8.673829466999848],[116.75844617100006,-8.673714264999887],[116.75839086700012,-8.67364592499996],[116.758345438,-8.673548295999922],[116.75827433200016,-8.673370610999882],[116.75824272900013,-8.673276887999862],[116.75819137500014,-8.673153874999912],[116.75813409500017,-8.673069913999882],[116.75803533600003,-8.672958616999892],[116.75793262800016,-8.67288637099989],[116.75766993000002,-8.672794599999918],[116.757423034,-8.67271649599985],[116.75709120600015,-8.672562241999913],[116.756932205,-8.672488043999863],[116.75676234100001,-8.672390414999882],[116.756609443,-8.672293611999862],[116.75654408500009,-8.672256174999859],[116.75652532100014,-8.672280093999916],[116.75649569300015,-8.672303524999961],[116.75639397199996,-8.672333789999925],[116.75627151100002,-8.672331836999945],[116.75615497700005,-8.672316216999945],[116.75606115599999,-8.672277164999912],[116.75600782699996,-8.672243970999943],[116.75593869600016,-8.67217758299995],[116.75587154000016,-8.672085810999931],[116.75578307000012,-8.67196080999986],[116.75563049000004,-8.671777729999917],[116.75543212000002,-8.671565069999872],[116.75514221000014,-8.671200749999855],[116.75438691,-8.670599929999867],[116.75431060000005,-8.670494069999904],[116.75393678000012,-8.67011164999991],[116.75375366000003,-8.669693939999888],[116.75365448000002,-8.669493680000016],[116.75347136000016,-8.669156059999864],[116.7532882800001,-8.668931019999889],[116.75306703000001,-8.668635379999955],[116.75283050999997,-8.668460849999917],[116.75266267000018,-8.668274879999956],[116.75228883,-8.668066019999912],[116.75218200999996,-8.667989729999931],[116.75205992000008,-8.667423249999956],[116.75197602000003,-8.667207709999957],[116.75186157999997,-8.667118049999942],[116.75150299000018,-8.667057989999932],[116.75126649000015,-8.666892039999937],[116.75106812000001,-8.666751869999928],[116.75090788000011,-8.666704169999946],[116.75064089,-8.666739449999852],[116.75028228000008,-8.666676529999961],[116.75012206000008,-8.666640259999895],[116.75001526000017,-8.666707989999907],[116.74996187,-8.666741359999946],[116.74985505000006,-8.666819579999924],[116.74976350000009,-8.666825309999922],[116.74949646000005,-8.666650779999884],[116.749115,-8.66606712999993],[116.74900054,-8.665938369999935],[116.74861908000014,-8.665851589999932],[116.74836732000006,-8.665430069999957],[116.74772643999995,-8.664615619999893],[116.74752045000014,-8.664448729999947],[116.74728392000009,-8.664400109999917],[116.74702455,-8.664336199999866],[116.74675750000006,-8.664177899999913],[116.74655914000016,-8.663937569999916],[116.74637604999998,-8.66365623999991],[116.74624635000009,-8.663433069999826],[116.74617768000007,-8.663301479999859],[116.74616242000002,-8.662858019999874],[116.74620055000003,-8.662693989999866],[116.74630737999996,-8.662586219999923],[116.74659728999995,-8.662410749999879],[116.74707032000003,-8.66236970999995],[116.74745178000012,-8.662448899999958],[116.74777221,-8.662567139999851],[116.74799346999998,-8.662707329999932],[116.74858856000003,-8.663241389999882],[116.748703,-8.663521759999924],[116.74881745000016,-8.663718219999907],[116.7490310500001,-8.663908],[116.74913788000003,-8.66394997999987],[116.74932861000002,-8.663930899999912],[116.74936676000016,-8.663886069999933],[116.74955749000014,-8.663678169999855],[116.74971771000003,-8.663512229999924],[116.74983215000009,-8.66344166999994],[116.74999238999999,-8.663464549999958],[116.75020599000015,-8.663497919999884],[116.75061799000014,-8.663751609999906],[116.7508087000001,-8.663779269999907],[116.75090788000011,-8.663794529999905],[116.75104522000015,-8.663890839999908],[116.75138090999997,-8.663908],[116.75188445000003,-8.663730619999853],[116.75239563000014,-8.663530339999909],[116.75292205000017,-8.66326808999986],[116.75322721999999,-8.663045869999848],[116.75352478000013,-8.662678709999852],[116.75385285000004,-8.662229539999942],[116.75405884000008,-8.662014969999916],[116.75444031999996,-8.661733639999909],[116.75469969000017,-8.661549559999855],[116.75495909000006,-8.66134548999986],[116.75544737999996,-8.660981189999916],[116.7556762700001,-8.660827629999915],[116.75593566000009,-8.660743729999922],[116.75638578999997,-8.660665499999936],[116.75667571000008,-8.660564409999893],[116.75690458999998,-8.66049957999985],[116.75700378,-8.660480499999892],[116.75708007000014,-8.660365119999938],[116.7570648300001,-8.660161019999919],[116.75701904000005,-8.6599750499999],[116.7570648300001,-8.659785289999945],[116.75730895000004,-8.659537299999897],[116.75746918999994,-8.659404749999851],[116.75758360999998,-8.659363739999947],[116.75772857000015,-8.659384729999886],[116.75815581999996,-8.659586919999924],[116.75864410999998,-8.659271249999904],[116.75878906000014,-8.659128179999925],[116.75883483999996,-8.659027089999881],[116.7588729900001,-8.658757190000017],[116.75904846000003,-8.658603679999942],[116.75920104000011,-8.658546439999895],[116.75943756000015,-8.658547379999902],[116.75963593000017,-8.65860937999986],[116.75974273999998,-8.658655149999959],[116.7597122200001,-8.658364300000017],[116.75969696000004,-8.658168779999926],[116.75972748000015,-8.658040049999954],[116.75990295000008,-8.658076289999826],[116.75997924,-8.658086789999913],[116.76007842000001,-8.65790655],[116.76013948000013,-8.657797809999863],[116.76026918000002,-8.657755839999936],[116.76030731000014,-8.657755839999936],[116.76026918000002,-8.657546049999894],[116.76020812000013,-8.65735911999991],[116.76024628000005,-8.657205579999925],[116.76035307999996,-8.657019639999874],[116.76057435000007,-8.656760209999902],[116.76083371999994,-8.656430229999955],[116.76093291000007,-8.656204219999893],[116.76090239999996,-8.656081200000017],[116.76076508000017,-8.655877119999957],[116.76067353000008,-8.655684459999918],[116.76069641000015,-8.65554807999996],[116.76078034,-8.655407889999935],[116.76095581000015,-8.655264839999916],[116.76121521000016,-8.65513419999985],[116.76158905000011,-8.655037869999944],[116.76179504000015,-8.654867159999867],[116.76194764000013,-8.65464782999993],[116.76206969000009,-8.654370319999884],[116.76219938999998,-8.654158600000017],[116.76233674000002,-8.654062269999883],[116.76258852,-8.653964989999906],[116.76296997999998,-8.653877239999929],[116.7634887800001,-8.653850569999861],[116.76384736000011,-8.653800949999948],[116.76401520000013,-8.653729429999942],[116.7641067400001,-8.653575909999859],[116.76423646,-8.653260219999936],[116.76419830999998,-8.653162969999926],[116.76390836999997,-8.652627949999953],[116.76396180999996,-8.652358059999926],[116.76407622,-8.652137749999895],[116.76428984999995,-8.651840219999883],[116.76464843999997,-8.651491159999864],[116.76486958300006,-8.65139108299985],[116.76486967999995,-8.651391039999908],[116.76492309000014,-8.65134047999993],[116.76499938000006,-8.651157389999867],[116.76509857000008,-8.650837879999926],[116.76527404,-8.650229469999942],[116.76551817999996,-8.649474139999938],[116.76575467999999,-8.64881990999993],[116.76624728000013,-8.64718844999993],[116.76625220000017,-8.647172150000017],[116.76638794999997,-8.646721839999941],[116.76639721000004,-8.646612477999952],[116.76641696200011,-8.646512888999894],[116.76643572600005,-8.646419158999947],[116.76634388000014,-8.646386938999854],[116.76630042700015,-8.646378151999954],[116.76626191100013,-8.646370340999908],[116.76621747000013,-8.646359600999915],[116.76617697900008,-8.646338120999928],[116.76611969900011,-8.646307853999872],[116.76608019599996,-8.646288325999876],[116.76605649399994,-8.646253176999892],[116.76604365499998,-8.646199477999915],[116.76604157600013,-8.646036405999894],[116.76609800999995,-8.645829219999882],[116.76625822999995,-8.645256039999936],[116.76628112000003,-8.644935609999948],[116.76638794999997,-8.644718159999911],[116.76659394,-8.64445684999987],[116.76681517999998,-8.644284229999869],[116.76691437,-8.644177429999957],[116.76697540000009,-8.644014339999956],[116.76702881000006,-8.643672919999915],[116.76715087000002,-8.643455499999959],[116.76737975000003,-8.643175129999861],[116.76752471000009,-8.643111229999931],[116.76776124000014,-8.643057809999902],[116.76789855000015,-8.643011099999967],[116.76806568500001,-8.642868329999885],[116.76809190400013,-8.64281588499989],[116.76822819100016,-8.6426108469999],[116.76852594700006,-8.642191983999851],[116.76878963200011,-8.641915182999867],[116.76909331399997,-8.641578334999906],[116.76938514500011,-8.641313248999893],[116.76962809099996,-8.64117704499995],[116.7697643780001,-8.641109675999928],[116.76985548200003,-8.641086242999961],[116.76994806800008,-8.641070864999904],[116.77002065600004,-8.641043769999897],[116.7700984280001,-8.641011549999916],[116.77018102800014,-8.640984996999919],[116.77025603000016,-8.640901559999861],[116.770373329,-8.640607791999912],[116.7704620400001,-8.640385619999904],[116.77066041,-8.639574989999858],[116.77110290000007,-8.63738345999991],[116.77108766000003,-8.63698386999988],[116.77103423000005,-8.63650989999985],[116.77087901599998,-8.635958400999868],[116.77083588000016,-8.63580512999988],[116.77056,-8.634948659999907],[116.77055966,-8.634947599999919],[116.77040863000013,-8.634479529999908],[116.77015684000014,-8.632647499999848],[116.77014161000011,-8.63186357],[116.77021028000001,-8.629651079999917],[116.77027892000001,-8.629296289999957],[116.77042387999995,-8.628843309999922],[116.77069854000013,-8.628267279999875],[116.77111818000003,-8.627504359999932],[116.7712707500001,-8.627174379999872],[116.77146912000012,-8.626801479999926],[116.77201844000012,-8.625783919999947],[116.77238464000004,-8.625000939999893],[116.77278135999995,-8.624015809999946],[116.773039831,-8.623360242999865],[116.77325438000003,-8.62281607999995],[116.77348327000016,-8.622470839999892],[116.77375792999999,-8.621974],[116.77404783999998,-8.621444699999927],[116.77423095000006,-8.621207229999868],[116.77435301000003,-8.621140469999943],[116.77498628,-8.620823869999867],[116.77623750999999,-8.619817719999958],[116.77703094000003,-8.618919369999958],[116.77735137000013,-8.618470189999925],[116.77779239400002,-8.617883082999924],[116.77780914000016,-8.617860789999952],[116.77830503999996,-8.617315289999908],[116.77865599000006,-8.616951919999906],[116.779274,-8.616348269999946],[116.77933503000008,-8.616298659999927],[116.77989198,-8.615743639999891],[116.78034973000001,-8.615241039999887],[116.78078461999996,-8.614610669999877],[116.78091808300007,-8.614450606999867],[116.78091839800004,-8.61444933699994],[116.78108875600003,-8.61422524299985],[116.78118504600002,-8.614124180999852],[116.78127837199997,-8.614039230999936],[116.78139497000006,-8.613943089999907],[116.78146363999997,-8.613886849999915],[116.78151243000013,-8.613860540999895],[116.78163538399997,-8.613799024999935],[116.78180722399998,-8.613706750999938],[116.78205837200005,-8.613575560999948],[116.78246495400003,-8.613333260999866],[116.78273456500006,-8.613142853999932],[116.78294742100013,-8.612932322999939],[116.78311972300003,-8.612776686999894],[116.78329452500009,-8.612600925999857],[116.78348710399996,-8.612322638999899],[116.78361746500013,-8.612044350999895],[116.78371819899996,-8.611801214999957],[116.78391966599997,-8.611361811999927],[116.7841211330001,-8.610913620999952],[116.78432852499998,-8.610553309999887],[116.78458628500005,-8.610093400999858],[116.78474034800001,-8.609703795999849],[116.78494477799995,-8.609337624999853],[116.78515661500012,-8.608797155999923],[116.78519809299996,-8.608660939999936],[116.78523364600005,-8.608513006999942],[116.78524105300005,-8.608448560999932],[116.78533586100002,-8.60822592799991],[116.78546029699999,-8.60794177899993],[116.78551658900005,-8.607745509999916],[116.78566768899998,-8.60712155199991],[116.78573879500016,-8.60624273499991],[116.785863231,-8.605419574999928],[116.78585434299998,-8.605153],[116.78588396999999,-8.604895212999907],[116.78598197600013,-8.604547736999848],[116.78612099000009,-8.604159931999902],[116.7862632020001,-8.603869920999898],[116.78644393000013,-8.60348616799996],[116.78673131699998,-8.602791895999871],[116.78684982700008,-8.602510671999937],[116.78690315699998,-8.602241164999953],[116.78690908200008,-8.602033175999907],[116.78690019400005,-8.601617197999929],[116.78689130600003,-8.601268595999954],[116.78684982700008,-8.600580178999905],[116.78668687599998,-8.599291224999945],[116.78662465800005,-8.598954338999874],[116.78649133399995,-8.598415319999958],[116.78634023400014,-8.598016913999913],[116.78620839200005,-8.597644872999865],[116.78617899100016,-8.597559462999925],[116.78604766199999,-8.597173962999932],[116.78592322700013,-8.596781414999953],[116.785869897,-8.595832266999935],[116.78586100899997,-8.595419210999921],[116.785854879,-8.595264647999954],[116.78590749199998,-8.594912089999923],[116.78593804000002,-8.594788640999923],[116.78598692599996,-8.594587970999896],[116.78609506600003,-8.594229109999958],[116.78623135300006,-8.593775038999866],[116.786317273,-8.59351724399994],[116.78652910899996,-8.59286543199994],[116.78659429000015,-8.59266036799994],[116.78690834200006,-8.591916274999903],[116.7870075940001,-8.591714138999919],[116.78713202899996,-8.59149442599994],[116.78742237899996,-8.591132631999926],[116.78772754300007,-8.590763513999946],[116.78787864300011,-8.590505716999928],[116.78840897600003,-8.589940319999926],[116.78861044300004,-8.589761619999877],[116.78892449400007,-8.589509680999925],[116.78907263200006,-8.589386640999862],[116.78928446900011,-8.589281177999851],[116.78949037999996,-8.589177179999865],[116.789700735,-8.589081970999871],[116.79013774099997,-8.588721638999914],[116.79029476699998,-8.588572232999923],[116.79085176399997,-8.588078606999886],[116.79097471900013,-8.587957031999906],[116.791047306,-8.587888187999852],[116.79118359300003,-8.587814948999949],[116.7914043180001,-8.587690443999861],[116.79174059000002,-8.58747805299987],[116.7919983490001,-8.58731692799995],[116.7921998170001,-8.587179239999955],[116.79232128900014,-8.587088423999944],[116.79250794300015,-8.586965382999892],[116.79269459600005,-8.586886285999924],[116.79282380000006,-8.586818679999851],[116.79285430999994,-8.586797709999871],[116.79446888799998,-8.585632875999863],[116.79462432000003,-8.585520739999936],[116.79485460000012,-8.585355389999904],[116.79486814000018,-8.585345659999916],[116.79494613400004,-8.585289628999874],[116.79579926000008,-8.584676739999907],[116.79623415000003,-8.584411609999904],[116.79651643000011,-8.584291439999902],[116.79667663999999,-8.58422660999986],[116.79694366000012,-8.584055899999953],[116.79729463000001,-8.58385276999985],[116.7988135700001,-8.583114069999908],[116.80085338000015,-8.582263239999861],[116.80218751999996,-8.58169825999994],[116.80261037100013,-8.58161765299991],[116.80302811900003,-8.581567849999885],[116.803516974,-8.581532694999908],[116.80421618300011,-8.581494609999936],[116.80485613700012,-8.581447736999905],[116.80508723200012,-8.581427229999917],[116.80529166199995,-8.581384750999916],[116.80532869600017,-8.581374496999956],[116.80549923900003,-8.581334542999855],[116.80559090000008,-8.581317369999852],[116.80572422400007,-8.581269031999852],[116.80592865400013,-8.581189932999905],[116.80609456800016,-8.581138665999902],[116.80627233300004,-8.581121087999861],[116.80635007800015,-8.58113458799994],[116.80652825700008,-8.581222710999953],[116.80668193299994,-8.58135545499988],[116.80682414500006,-8.581447736999905],[116.80690710200008,-8.581516581999892],[116.8070048730001,-8.581586891999848],[116.80715523300012,-8.581630835999931],[116.80726485500008,-8.581663060999858],[116.80741759,-8.581673424999906],[116.807610017,-8.581642805999877],[116.80792188100008,-8.581566259999931],[116.80823595699997,-8.581515957999954],[116.80857436300005,-8.58151158399994],[116.80878669599997,-8.581513770999948],[116.80914058400015,-8.581432849999885],[116.80948562600008,-8.581314749999933],[116.80994256700012,-8.58119749799988],[116.8105747300001,-8.580930769999952],[116.8110653,-8.580769519999933],[116.81162104999999,-8.580866169999922],[116.8117659940001,-8.580833599999892],[116.81196726799999,-8.580757053999946],[116.81217517700009,-8.580654262999872],[116.81242511100004,-8.580509917999848],[116.81262638500016,-8.580415874999858],[116.81287189500006,-8.580391816999906],[116.81301054699998,-8.580396788999906],[116.81307980500003,-8.580413687999851],[116.81320145400002,-8.580472737999855],[116.813462447,-8.580481485999883],[116.81368141500002,-8.580426809999892],[116.81390038300003,-8.580324018999931],[116.81411271599995,-8.580302147999873],[116.81436486200016,-8.580365572999881],[116.81461921899995,-8.580328392999945],[116.814946566,-8.58021904099985],[116.81513456899995,-8.580135932999895],[116.81574723900007,-8.579950033999864],[116.81607900899996,-8.579761946999952],[116.81636433100016,-8.579580421999935],[116.81651082500002,-8.579475752999883],[116.81670716099995,-8.579335471999912],[116.81706326100004,-8.579137543999877],[116.81728001800013,-8.579055528999959],[116.81740387900004,-8.57899210499994],[116.81763260000002,-8.5787932799999],[116.81775887300012,-8.578673887999912],[116.81794687600006,-8.578470491999951],[116.81812050300016,-8.578273655999908],[116.81829191700012,-8.578082288999951],[116.81848545000003,-8.57787561099991],[116.81855069799997,-8.577817653999944],[116.81872874800013,-8.577694084999905],[116.81881390299998,-8.577643782999928],[116.819042824,-8.57748959499986],[116.81917774399994,-8.577371492999873],[116.81956851999996,-8.577052759999958],[116.81957303000002,-8.577047349999873],[116.81984205300012,-8.576798174999851],[116.82004783000002,-8.576607579999916],[116.82024288000002,-8.576426929999855],[116.82035928000005,-8.576315269999952],[116.82061464000003,-8.576047609999932],[116.82072448000008,-8.5759324899999],[116.82105347699996,-8.575546981999878],[116.82123374100001,-8.575354727999866],[116.82130455900017,-8.575274515999922],[116.82142688200008,-8.575172658999918],[116.82155177900006,-8.575103905999924],[116.82166251299998,-8.575064435999934],[116.82179384899996,-8.575054250999926],[116.82195737400014,-8.575014780999936],[116.82208871000012,-8.574892552999927],[116.82222004500011,-8.574780509999925],[116.82230502699997,-8.574627724999857],[116.82234365499994,-8.574520774999883],[116.82241576100012,-8.574441835999949],[116.82251876900011,-8.57435780399993],[116.82264753000015,-8.574273771999913],[116.82292107000012,-8.574123429999872],[116.82320763700011,-8.573910906999913],[116.82344713099997,-8.573709738999924],[116.82362997100006,-8.57353403499991],[116.82388976000016,-8.57321199099988],[116.8242402950001,-8.572810848999893],[116.82448493900006,-8.572502729999883],[116.82468323,-8.572204159999899],[116.82477722500005,-8.572027182999932],[116.824867358,-8.571861663999869],[116.82489749000001,-8.57181954799995],[116.82500126800005,-8.571674500999961],[116.82511071499994,-8.57152808],[116.82519312099998,-8.57144786699996],[116.82524848799994,-8.57142494899989],[116.825302567,-8.57141348999994],[116.82535793400007,-8.571402030999877],[116.82541845200012,-8.571362560999887],[116.82546480500014,-8.571302719999892],[116.82556523799997,-8.571167757999945],[116.825619318,-8.571099003999848],[116.82567468500008,-8.570969135999917],[116.82577898099998,-8.570724676999873],[116.82587426300006,-8.570561703999886],[116.82602362500018,-8.570261222999875],[116.82641633000003,-8.569510351999952],[116.82698059000006,-8.568489049999926],[116.82773592,-8.567538259999935],[116.82832336000013,-8.566715229999943],[116.82848360000003,-8.566394799999898],[116.82865906999996,-8.565760589999911],[116.82873536000011,-8.565309519999914],[116.82881165000003,-8.564625739999883],[116.82896511000013,-8.564102299999945],[116.82901144699997,-8.563943417999951],[116.8290939200001,-8.563660629999902],[116.82949066000003,-8.562494269999945],[116.82985312500011,-8.561552509999899],[116.83023507100006,-8.560594390999938],[116.830365432,-8.560213524999881],[116.83049875500012,-8.55998207399989],[116.830700223,-8.559797499999945],[116.83094316799998,-8.559607065999955],[116.83150607699997,-8.559264655999868],[116.83154296000009,-8.559245099999941],[116.83189390999996,-8.558994289999873],[116.83225248999997,-8.558733939999854],[116.83249664000004,-8.558570879999934],[116.83256531000006,-8.55850981999987],[116.83290647800004,-8.558112021999932],[116.83303634200001,-8.55786802699987],[116.83327375800013,-8.557423194999956],[116.83346744000016,-8.55686097399996],[116.83352965100005,-8.556513235999944],[116.83358149900005,-8.556236371999944],[116.83361334799997,-8.555608666999888],[116.83363705,-8.555251232999922],[116.83364001300015,-8.554908447999878],[116.833586148,-8.554266101999929],[116.83350965200009,-8.553625198999896],[116.83348298700014,-8.553270693999877],[116.83338077200006,-8.552784346999886],[116.83348372800003,-8.552752118999877],[116.83385280699997,-8.552683595999895],[116.83401628299998,-8.552656899999931],[116.833971841,-8.552012341999955],[116.83388888399998,-8.551502554999956],[116.83385925699997,-8.551233011999955],[116.833794076,-8.550749591999931],[116.83374963500012,-8.550453679999862],[116.83377333700014,-8.550069872999927],[116.83380592699996,-8.549715363999894],[116.83387999599995,-8.549073731999897],[116.83388888399998,-8.548684063999929],[116.83387110800015,-8.54840572899991],[116.83382370400011,-8.547904726999946],[116.83375556100009,-8.5475707249999],[116.83357779500011,-8.546782595999957],[116.83350076400006,-8.546395854999957],[116.83340891900002,-8.545979815999885],[116.83321930199997,-8.545244420999893],[116.83310227400011,-8.544837169999937],[116.83300018,-8.544501299999865],[116.83289338000009,-8.544161799999927],[116.83283997000012,-8.54403115999986],[116.83270691000007,-8.54361771999993],[116.83269401200005,-8.543577902999857],[116.83261872000003,-8.543345469999906],[116.83193209000012,-8.541352259999826],[116.83171082000013,-8.540779099999895],[116.83153534999997,-8.540265069999919],[116.83130642000003,-8.539644229999908],[116.83045311000012,-8.537748579999914],[116.83039090000011,-8.53761102999988],[116.82993318000013,-8.536783209999953],[116.82982634999996,-8.53657816999987],[116.82946015000005,-8.535755159999894],[116.82891083000004,-8.534357069999942],[116.82871246000002,-8.533949839999934],[116.82804109000006,-8.532769209999913],[116.82772064000017,-8.53215980999994],[116.8274127200001,-8.531588479999925],[116.82741098999998,-8.531585279999945],[116.82739259000004,-8.531551349999859],[116.8266372600001,-8.53018188999988],[116.8263473500001,-8.529677399999912],[116.82516479000003,-8.527757649999955],[116.82485197999995,-8.527133959999958],[116.82481385000017,-8.527044299999943],[116.82477569000002,-8.526959409999904],[116.82468201999995,-8.526695609999933],[116.82467800999996,-8.52668432999991],[116.82429505000005,-8.525608079999927],[116.82413483000016,-8.52514742999989],[116.82340241000009,-8.523576739999896],[116.82307433999995,-8.523177169999883],[116.82199096,-8.521965009999917],[116.82166292000011,-8.521512029999826],[116.82083895000005,-8.520338059999858],[116.82070767000005,-8.520140401999868],[116.82064169900002,-8.520041073999892],[116.82050851100007,-8.51984054299993],[116.81999208000002,-8.519062989999895],[116.81975554999997,-8.5187378],[116.81912992000014,-8.517900479999923],[116.81893158000003,-8.51745319999992],[116.81888579999998,-8.517200449999905],[116.81890870000007,-8.516995409999879],[116.81901550999999,-8.51677130999991],[116.81927489999998,-8.516400349999856],[116.81953431,-8.5161132799999],[116.81986238000013,-8.515860559999851],[116.82014464999997,-8.515726089999873],[116.8206329300001,-8.5155420399999],[116.82187652000016,-8.515193],[116.82259368999996,-8.515390379999872],[116.82293702000015,-8.515439029999925],[116.82338715000003,-8.515424719999942],[116.82345579000003,-8.515420899999924],[116.82386018,-8.515424719999942],[116.82417297000006,-8.515471459999901],[116.82434844,-8.51554012999992],[116.82443239000008,-8.515624029999913],[116.82453712100016,-8.515731886999959],[116.824612344,-8.515789747999861],[116.82479343499995,-8.515789747999861],[116.82497452700011,-8.515800769999885],[116.825161191,-8.51587240799995],[116.82530049299999,-8.515927513999884],[116.82542307799997,-8.515966087999914],[116.82565153200005,-8.515957821999905],[116.825899489,-8.515938534999918],[116.82631739299995,-8.515930268999853],[116.82667957600017,-8.515864141999884],[116.826963751,-8.515861386999859],[116.82745687800002,-8.515795258999958],[116.827972294,-8.515682290999848],[116.828624224,-8.515572078999924],[116.82902541199996,-8.515494929999932],[116.82952968300003,-8.515434312999957],[116.830117535,-8.51542880199986],[116.83078339600013,-8.515404003999947],[116.8311149330001,-8.515423291999923],[116.83132945800014,-8.515486663999923],[116.831413968,-8.5155389009999],[116.83143463,-8.515569322999852],[116.83144229200013,-8.515612719999865],[116.83141791399999,-8.515676780999854],[116.83137055100008,-8.515747040999884],[116.83131901000002,-8.515822811999954],[116.83118110199996,-8.516012928999942],[116.83117413599996,-8.516039792999948],[116.83117274300002,-8.516067345999943],[116.83117135000009,-8.516094209999949],[116.83115672400004,-8.516130717999943],[116.83115045500006,-8.516146560999914],[116.83114349000004,-8.516168603999859],[116.83114070400018,-8.516186512999923],[116.831127616,-8.516229505999945],[116.83112334999998,-8.516440389999957],[116.831203,-8.516651372999945],[116.83132736799996,-8.516882227999929],[116.83155303600017,-8.517298278999931],[116.83182328100008,-8.517692286999932],[116.83197929900007,-8.517934752999906],[116.83211860000006,-8.518113846999881],[116.83231919399998,-8.518328759999918],[116.83246964,-8.518488566999906],[116.83260415899997,-8.51865689799996],[116.83269913900006,-8.518811280999955],[116.83275903799995,-8.518928380999853],[116.83279744200013,-8.519009137999888],[116.83285062899995,-8.519129172999953],[116.83288406100007,-8.519277957999918],[116.83288406100007,-8.519437764999907],[116.83288406100007,-8.519543842999894],[116.83289381199995,-8.519604459999925],[116.83288963300004,-8.519667830999936],[116.83287988200004,-8.519709159999877],[116.83286595200013,-8.519783552999911],[116.832852022,-8.519824881999853],[116.83284366400005,-8.5198799879999],[116.83283252000001,-8.519933715999912],[116.83282694800005,-8.519975044999853],[116.83281998300015,-8.52001361899994],[116.8328185900001,-8.52003703899993],[116.8328185900001,-8.520075612999904],[116.83281441099996,-8.52012107499985],[116.83278097799996,-8.520236796999939],[116.83276700500016,-8.520300162999945],[116.8327667000001,-8.520301545999871],[116.83283235,-8.520384799999931],[116.83286959400004,-8.520433127999922],[116.83274848700012,-8.520565814999884],[116.83264241899997,-8.520641355999942],[116.83222883500002,-8.52098109699989],[116.83220390099996,-8.521000666999896],[116.83216194900001,-8.52114861799987],[116.83210970699997,-8.521369370999935],[116.83207092099997,-8.521517713999856],[116.83198385100002,-8.521857452999939],[116.83191340300004,-8.52214787499986],[116.83192290200009,-8.52219014699989],[116.83192131800013,-8.522255902999916],[116.83191736100002,-8.52230130599986],[116.83189757200012,-8.52233809799992],[116.83186432699995,-8.522378020999895],[116.83182079200014,-8.522457867999947],[116.83172430500008,-8.522681376999856],[116.83157970400009,-8.523015052999938],[116.83157435800001,-8.523027389999925],[116.83150563200002,-8.523243646999958],[116.83148715400011,-8.523266115999945],[116.83145450300015,-8.52329351499992],[116.83142442400003,-8.523310931999902],[116.83138774600002,-8.523331085999928],[116.83122891100015,-8.523401737999961],[116.83116242100016,-8.523432266999919],[116.83108722400004,-8.52350115399986],[116.83102469200003,-8.523577085999932],[116.83099065500005,-8.523667108999916],[116.83098106200009,-8.52378845499993],[116.83097799000006,-8.5238753349999],[116.83097761399995,-8.523881100999915],[116.83112099200014,-8.523908864999953],[116.83106130600004,-8.524263027999893],[116.83096094200005,-8.52425788699992],[116.83096045800016,-8.524278665999873],[116.83098706500016,-8.52449793999989],[116.831137012,-8.524936632999868],[116.83136193300004,-8.525449469999955],[116.83146527600002,-8.525798978999887],[116.83158368299996,-8.526164047999941],[116.83164079599999,-8.526374134999912],[116.83177954400014,-8.526406441999882],[116.83180817300001,-8.52641307999994],[116.83196689100009,-8.526449880999849],[116.83199884600015,-8.52645728999994],[116.83216999699994,-8.526527309999949],[116.83231784600002,-8.5265987169999],[116.83245529700014,-8.526691397999855],[116.83254901400016,-8.526784078999867],[116.83263648299999,-8.526969440999949],[116.83269980700015,-8.527120307999894],[116.83277393399999,-8.52729691299993],[116.83288639500006,-8.527649100999952],[116.83292565800002,-8.527748114999952],[116.83301135099998,-8.52796421499994],[116.83308632400008,-8.528137218999916],[116.83308787300007,-8.528141186999903],[116.833309923,-8.528710061999902],[116.83332339499998,-8.528744575999895],[116.83344244800003,-8.529016139999896],[116.83353428800001,-8.529276114999902],[116.83378295300008,-8.52998001599991],[116.83378903000005,-8.529996573999938],[116.83393602399997,-8.530397076999861],[116.83402036899997,-8.530616419999888],[116.83409221900001,-8.530857387999959],[116.8341359530001,-8.531002586999932],[116.83415157299999,-8.53108908799993],[116.8341541740001,-8.531170260999886],[116.83415069199998,-8.531219165999914],[116.8341458330001,-8.531284263999908],[116.83414391300005,-8.531296919999875],[116.83414233400003,-8.531307332999859],[116.83411029400008,-8.531381722999868],[116.83456421999995,-8.531803109999942],[116.83489991,-8.532058709999944],[116.83498899000006,-8.532075669999927],[116.83512706,-8.532080569999891],[116.83528901,-8.532044399999904],[116.83564757,-8.531970969999861],[116.83580327000016,-8.531998069999872],[116.83589098000016,-8.532008509999855],[116.83600573000001,-8.53207244999993],[116.83612059999996,-8.532123559999889],[116.83627682000008,-8.532223889999955],[116.83658604000004,-8.532410539999944],[116.83676041000012,-8.53264275999993],[116.83675503999996,-8.532735009999953],[116.83676909999997,-8.532775889999868],[116.83679199000005,-8.533234599999957],[116.83681602000013,-8.533507899999961],[116.83682985999997,-8.533590819999858],[116.83697356000016,-8.533712559999913],[116.83709768999995,-8.533756259999905],[116.83725283100011,-8.533726977999947],[116.83736693800017,-8.533708170999887],[116.83743350099996,-8.533694065999896],[116.83750481699997,-8.533679959999859],[116.83756662600001,-8.533686228999954],[116.83758564300012,-8.533712872999956],[116.83758938200015,-8.533753536999939],[116.83759039799997,-8.533764592999944],[116.83757613400007,-8.533817879999901],[116.83756820999997,-8.533872734999932],[116.83758881300002,-8.53391818599988],[116.83762050899998,-8.533955800999877],[116.837668054,-8.533974607999937],[116.83776314300007,-8.533998116999896],[116.8377911020001,-8.53400341199989],[116.83783763000008,-8.534012221999944],[116.83790260800015,-8.534034163999877],[116.83792162600002,-8.534076480999943],[116.83796441600009,-8.534131334999927],[116.838038902,-8.534162680999941],[116.83813874600014,-8.534186189999957],[116.83816093400014,-8.534211265999943],[116.83819738500006,-8.534283360999893],[116.83823066600007,-8.534357022999927],[116.83825443800004,-8.534424414999933],[116.83826739899996,-8.534467140999936],[116.83827345600002,-8.534487105999858],[116.83829881299994,-8.534551363999867],[116.83834477300002,-8.534620323999889],[116.83837646899997,-8.534665774999894],[116.83839296600001,-8.534691728999917],[116.83841133500005,-8.534720629999924],[116.83842718400001,-8.534761378999917],[116.83843827700014,-8.534819367999944],[116.83843827700014,-8.534911836999925],[116.8384204250001,-8.53499467599994],[116.83841767499996,-8.535007439999958],[116.83839548699996,-8.535082668999848],[116.83839707200002,-8.535182974999884],[116.83841609000012,-8.53529111599994],[116.83848106799996,-8.535380449999877],[116.83854604500016,-8.535436871999934],[116.83863162600005,-8.535513667999908],[116.83871879100002,-8.535573223999961],[116.83874097800003,-8.53563278099989],[116.8387536570001,-8.535704874999908],[116.83883289799996,-8.535748757999897],[116.83895017500004,-8.535748757999897],[116.83926265700006,-8.53576556299987],[116.83926391000011,-8.535765629999958],[116.83946990000015,-8.535837179999874],[116.83969783999999,-8.535972059999892],[116.83969878000005,-8.53597260999993],[116.83987424999998,-8.53616237999995],[116.84003449000011,-8.53646754999994],[116.84033966000015,-8.537084569999934],[116.84060670999997,-8.537420279999935],[116.84085846000005,-8.537747399999887],[116.84098816000017,-8.537758839999867],[116.84120177,-8.537714009999888],[116.84156799000016,-8.537649159999944],[116.84175875000017,-8.537706369999853],[116.84203341000011,-8.537845599999912],[116.84231568000007,-8.538078299999938],[116.84283447999996,-8.538567559999876],[116.84300995000012,-8.538616179999906],[116.84315489000016,-8.5385818499999],[116.84326935000001,-8.538466459999881],[116.84362791,-8.538114549999875],[116.84379577000004,-8.538065919999951],[116.84439088,-8.537978169999917],[116.84528351999995,-8.537565229999927],[116.84552764,-8.537355429999877],[116.84569550000003,-8.53713033999992],[116.84591674000012,-8.536827099999869],[116.84616852,-8.536600119999889],[116.84654236999995,-8.536334989999887],[116.84666442000014,-8.53632258999994],[116.84681702,-8.536383639999826],[116.84697721000009,-8.536519049999868],[116.84724425000013,-8.536847119999948],[116.84740447000013,-8.537031179999872],[116.84753419000015,-8.537048339999956],[116.84770967000009,-8.536997809999946],[116.84794617000011,-8.536808969999868],[116.84829711000009,-8.53655625999994],[116.84851073999994,-8.536469459999921],[116.84864805999996,-8.536494269999935],[116.84889984000017,-8.536623019999922],[116.84918475999996,-8.536800449999873],[116.84922422,-8.536825],[116.84999846999995,-8.537306799999953],[116.85010050000005,-8.537470879999944],[116.85011291,-8.53749082999991],[116.85033418,-8.537888539999926],[116.85045623999997,-8.537934309999912],[116.85063935000005,-8.53790473999993],[116.85090473000014,-8.537840729999914],[116.85118494000005,-8.537771129999896],[116.8512207,-8.537814239999932],[116.85144379999997,-8.53808322999987],[116.85156531000007,-8.53815789999993],[116.85186023999995,-8.5383391499999],[116.85219573000006,-8.538523669999904],[116.85240938000015,-8.538655279999944],[116.85254123000004,-8.538671759999886],[116.85271867999995,-8.538679789999946],[116.85298157,-8.538684849999925],[116.85324097,-8.538775449999946],[116.8534956100001,-8.538878599999862],[116.85474020000004,-8.539336969999852],[116.85482788000002,-8.539317149999931],[116.85490914000002,-8.539284419999944],[116.85544587000004,-8.539068219999933],[116.85626222000008,-8.538537039999937],[116.85672759,-8.538247099999921],[116.85680384000011,-8.538213969999958],[116.85704804,-8.53810787999987],[116.85719477000009,-8.538012299999878],[116.8572415000001,-8.537981859999945],[116.85747527,-8.537829399999907],[116.85798646000012,-8.537461289999953],[116.85848238000005,-8.537060719999943],[116.85904693000009,-8.536538129999826],[116.85953521,-8.536093699999924],[116.85989380000012,-8.535700809999923],[116.86017607000008,-8.535347929999944],[116.86051940000004,-8.534996989999854],[116.86059570999998,-8.534769039999958],[116.86053468,-8.534659389999945],[116.86032867000006,-8.53444481999992],[116.86019135000004,-8.534275049999906],[116.86019897000017,-8.534157759999914],[116.8602752600001,-8.534023269999864],[116.86042785999996,-8.53389073999989],[116.86145784000007,-8.533308979999902],[116.86161041000003,-8.533350009999936],[116.86229704000004,-8.533588419999944],[116.86241151000013,-8.533546450000017],[116.8625335700001,-8.533436769999923],[116.86269378999998,-8.533308009999928],[116.86286164,-8.533292779999897],[116.86364746000004,-8.533251769999879],[116.86408997,-8.532987599999956],[116.86460877000002,-8.532586099999946],[116.86524963000011,-8.532079679999924],[116.86550903,-8.531846049999956],[116.86595152000007,-8.531426419999946],[116.86636354000007,-8.531173709999905],[116.86653137000008,-8.53118990999991],[116.86697386000014,-8.5313024699999],[116.86705781000012,-8.531329139999912],[116.86713410000004,-8.531263369999863],[116.86758423000015,-8.530842769999879],[116.86805726,-8.530624399999908],[116.86824798999999,-8.530514719999928],[116.86856842000009,-8.53032492999995],[116.86872862999996,-8.530134179999948],[116.86880494000013,-8.529919609999865],[116.86896516000002,-8.529552439999861],[116.86938477000012,-8.528776169999958],[116.86945342000013,-8.528508189999911],[116.86955260000013,-8.528246879999926],[116.86968993999994,-8.528064729999869],[116.86987303,-8.527924539999901],[116.87005617,-8.527874949999898],[116.87016581000012,-8.527878349999924],[116.87019854000016,-8.527879259999906],[116.87035368,-8.527883529999883],[116.87052153000002,-8.527945509999881],[116.87065123000014,-8.528067589999921],[116.87078096000016,-8.528343209999946],[116.87090301000012,-8.528544439999848],[116.87120819000017,-8.52885245999994],[116.87134552999999,-8.528813359999901],[116.87164306000011,-8.528744689999826],[116.87168885999995,-8.528753279999933],[116.87184143000013,-8.528781899999956],[116.87217712000006,-8.528825769999855],[116.87337493000007,-8.528833379999867],[116.87386322000009,-8.528796189999923],[116.87436676000004,-8.528679839999882],[116.87484740000002,-8.528495789999909],[116.875,-8.528390869999953],[116.87516786000003,-8.528276449999908],[116.87596893000011,-8.527606],[116.87613679000015,-8.527374279999947],[116.87635803000012,-8.527070049999907],[116.87652586000013,-8.526979449999885],[116.87671662000014,-8.526953699999865],[116.87700653000013,-8.526884059999873],[116.87729645000013,-8.526750569999933],[116.87781525000003,-8.526410089999956],[116.87851716,-8.525948529999937],[116.87879182000006,-8.525857929999916],[116.87956238000004,-8.525760649999938],[116.87991334000014,-8.525806449999891],[116.88044793600011,-8.525853364999875],[116.88073692,-8.525841932999924],[116.88085650300013,-8.525845954999909],[116.88120235099996,-8.52585758899994],[116.88162232000013,-8.52591133999988],[116.88187407999999,-8.52591133999988],[116.88335820000009,-8.52591482999992],[116.88349915000015,-8.525915159999954],[116.88354616000015,-8.525922679999951],[116.88368988000013,-8.525945669999942],[116.88404084000001,-8.526000969999927],[116.88459778000015,-8.526159279999945],[116.88462829000014,-8.526166919999866],[116.88518525000006,-8.526289],[116.88576507000005,-8.526357649999852],[116.88628280700016,-8.526374327999918],[116.88713896600007,-8.526300653999954],[116.88766138899996,-8.526378933999922],[116.88805558000001,-8.526549584999941],[116.88833618000001,-8.52674006999996],[116.88832947200012,-8.526747726999872],[116.88816054500012,-8.526940556999932],[116.8881527100001,-8.526949499999887],[116.88814728,-8.526955689999852],[116.88805940999998,-8.527055989999894],[116.88764191000007,-8.527532559999884],[116.88687131999995,-8.528391839999927],[116.88660950999997,-8.528644409999856],[116.8855209300001,-8.52969456999989],[116.88465116000009,-8.530350679999913],[116.88179017000016,-8.532553669999857],[116.88075290999996,-8.533179079999911],[116.88075255000012,-8.533179299999915],[116.87918852999996,-8.534618379999927],[116.87818068000013,-8.535585069999854],[116.87806701000011,-8.535694109999895],[116.87804596,-8.535721309999929],[116.87725067000008,-8.536748879999948],[116.87649447000001,-8.53804471999996],[116.87646486000006,-8.538095469999917],[116.87644229,-8.538145409999856],[116.87620545999994,-8.538669589999927],[116.87618287999999,-8.538740139999959],[116.8760910100001,-8.539027209999915],[116.87601471000016,-8.539423849999935],[116.87601471000016,-8.539423949999957],[116.87601471000016,-8.539424109999914],[116.87602713000012,-8.539695779999875],[116.87603760000002,-8.539924619999908],[116.876297,-8.540552149999883],[116.87663369000018,-8.541159899999911],[116.87693786000011,-8.541708959999937],[116.87748963000013,-8.542388259999939],[116.87870788999999,-8.543888079999931],[116.87940216000004,-8.544582379999895],[116.88082886000007,-8.545856479999884],[116.88220215000013,-8.54703141999994],[116.88247594000006,-8.54729422999992],[116.88300536999998,-8.547802429999876],[116.88300541000001,-8.5478024599999],[116.88360596999996,-8.548378929999899],[116.88365457000009,-8.548435869999878],[116.88366016999998,-8.548442439999917],[116.88410031900003,-8.548957789999918],[116.88419911300002,-8.5490734629999],[116.88443756000015,-8.54935264999989],[116.88550318,-8.550542089999908],[116.8855209300001,-8.550561899999934],[116.88556707999999,-8.550609639999891],[116.88626862000001,-8.551335339999923],[116.88657927000008,-8.551646219999952],[116.88662776000001,-8.55169474999991],[116.88757323000004,-8.55264091999993],[116.88837791000003,-8.55334776999996],[116.88924408000014,-8.55410862999986],[116.89086914999996,-8.555322669999953],[116.89098318000015,-8.555390319999958],[116.89109758000006,-8.55545818999991],[116.89396667000005,-8.557160379999857],[116.89653779000002,-8.558615679999946],[116.89685595600008,-8.55882282999994],[116.89708249,-8.558970319999958],[116.89713088000008,-8.559001829999886],[116.89975794999998,-8.560712259999946],[116.9011459400001,-8.561615949999918],[116.90451049000012,-8.563930529999936],[116.90729167200004,-8.565586805999942],[116.90753689200005,-8.565732841999932],[116.90797197999996,-8.565991949999955],[116.90985017000014,-8.567110469999875],[116.90984922000007,-8.56711078],[116.90879321000011,-8.567462909999904],[116.90776177700013,-8.567845370999919],[116.90702850900004,-8.567990387999942],[116.90601791999995,-8.568010159999915],[116.89936806000003,-8.568125379999913],[116.8986657700001,-8.568137809999882],[116.89194510000016,-8.570621359999848],[116.88756206000005,-8.572666779999906],[116.88215631000003,-8.57515049999995],[116.87821156999996,-8.578072529999872],[116.87587395000003,-8.58041014999992],[116.87397463000013,-8.583916589999887],[116.8732193300001,-8.587489639999944],[116.87301508000007,-8.58845203999988],[116.87301465000007,-8.588454079999906],[116.87236752000001,-8.591513859999907],[116.87178311000014,-8.597942319999959],[116.87179672000002,-8.598265929999911],[116.87179735000007,-8.598280329999909],[116.87192920999996,-8.601302649999923],[116.87178311000014,-8.60510128999988],[116.87178311000014,-8.610507039999959],[116.87160592999999,-8.611924479999914],[116.87146830999995,-8.612036729999886],[116.8711381600001,-8.612515189999954],[116.87093192000009,-8.612916959999893],[116.87091070000008,-8.613153899999872],[116.87082763000012,-8.613435419999917],[116.87080097,-8.613585159999957],[116.87028957999996,-8.613823789999856],[116.86954573000014,-8.614252799999917],[116.86879481999995,-8.614632109999945],[116.86827353000001,-8.614895689999912],[116.86753333000001,-8.61516274999991],[116.86715270000002,-8.615366849999816],[116.86695645000009,-8.615470799999912],[116.86634909000009,-8.61582913999996],[116.86629216000017,-8.615852859999961],[116.86560333,-8.616139869999927],[116.86510732800002,-8.616456747999848],[116.86510373099998,-8.616459045999932],[116.86503360000017,-8.616503849999958],[116.86472306000007,-8.616645759999926],[116.86416753000003,-8.617115349999892],[116.86340886000005,-8.617401369999925],[116.86307133500009,-8.617503177999936],[116.86210137,-8.617795749999914],[116.86163525999996,-8.617989949999867],[116.86154503,-8.618030879999878],[116.86096885000006,-8.618289129999937],[116.86096165000004,-8.618292359999941],[116.86090231000014,-8.618319149999934],[116.86083200799999,-8.618358531999888],[116.86067792000006,-8.618444849999946],[116.86057417000018,-8.618507389999877],[116.86045209999997,-8.618596169999932],[116.86035869000011,-8.618646249999927],[116.86030282000002,-8.618694749999918],[116.86024643999997,-8.618764059999876],[116.86020183000005,-8.618852409999931],[116.86016915000005,-8.619039259999909],[116.86013674000003,-8.619218639999929],[116.86010461,-8.6193845599999],[116.86009195999998,-8.619542459999877],[116.86008534999996,-8.619700109999883],[116.86008491999996,-8.619815089999918],[116.85986993999995,-8.619977589999849],[116.85968805000016,-8.620066609999924],[116.85951411999997,-8.620119089999946],[116.85938058,-8.620209509999938],[116.85935759999995,-8.620222769999884],[116.85926414999994,-8.620276669999896],[116.85917741000003,-8.620356169999923],[116.85908405000009,-8.620418079999865],[116.85893994000014,-8.620485039999892],[116.85891710500005,-8.620500444999948],[116.85879590000002,-8.620582209999952],[116.85868172000005,-8.62066800999986],[116.85845559999996,-8.620855419999941],[116.85841584000002,-8.620883899999967],[116.85838084,-8.620908969999903],[116.85836701699998,-8.620916786999942],[116.85834353100006,-8.62093006899994],[116.85834160900004,-8.62093115599987],[116.85822355000016,-8.621023219999927],[116.85819139300008,-8.621045559999914],[116.85817707000001,-8.621055509999849],[116.85814076600002,-8.621080730999893],[116.85814054100013,-8.621080887999938],[116.85810867000009,-8.621103029999858],[116.85801178000008,-8.621134949999941],[116.85786322000001,-8.621192359999895],[116.85770816000013,-8.621249689999956],[116.85762406000015,-8.621268529999895],[116.85749451000004,-8.621300009999914],[116.85707944,-8.621395219999897],[116.85693031000005,-8.62143341999996],[116.85675612,-8.621458799999914],[116.85662973600006,-8.621475432999944],[116.85663408800008,-8.621641991999866],[116.85663653200015,-8.621767655999918],[116.856678084,-8.621828070999925],[116.85668786099995,-8.621860694999953],[116.85668786099995,-8.621907818999944],[116.85665241900006,-8.621945276999952],[116.85645151000006,-8.622033189999911],[116.85638888000005,-8.621984729999895],[116.85626335000018,-8.621977839999886],[116.85603227000001,-8.622005569999942],[116.85598286000004,-8.621943139999928],[116.85584926000001,-8.621970799999929],[116.85570178,-8.621970719999922],[116.85560353000005,-8.621956819999923],[116.85558934000017,-8.621873849999872],[116.85547028000008,-8.621880759999954],[116.85537938000004,-8.621873849999872],[116.85523980000016,-8.621873839999864],[116.85521187999996,-8.621956629999886],[116.85502356000006,-8.621956569999895],[116.85493988000007,-8.621984139999938],[116.85487013,-8.6220255],[116.85485605000008,-8.622087629999896],[116.85477250000008,-8.622087539999882],[116.85465890000012,-8.622078509999938],[116.85453342000017,-8.622078489999865],[116.85436626,-8.622092189999933],[116.85429661000012,-8.622099039999853],[116.85419880000006,-8.622130429999913],[116.85423486000002,-8.622184259999926],[116.85423833000004,-8.62221601999994],[116.854206,-8.622228779999944],[116.85414773000002,-8.622228769999936],[116.85407652000004,-8.622228759999928],[116.85399885000004,-8.622244709999961],[116.85392769999999,-8.622260559999916],[116.85385976000009,-8.622260369999879],[116.85377232000008,-8.622256929999878],[116.85368478999999,-8.622263089999933],[116.8535939200001,-8.622294929999896],[116.85351919999994,-8.622310779999907],[116.85343791000014,-8.622320209999941],[116.85337934000006,-8.622323279999932],[116.85331114999997,-8.62229761999987],[116.85324031999994,-8.622282129999917],[116.85317305,-8.622282789999872],[116.85311237999997,-8.622277009999948],[116.85305506000009,-8.622277589999896],[116.85296628000003,-8.622259409999913],[116.85288414000013,-8.622253929999886],[116.85278357000016,-8.622232859999826],[116.85270538000009,-8.622211639999932],[116.85264610000002,-8.622202869999853],[116.85258894000003,-8.62219986999986],[116.85253498999998,-8.622200029999874],[116.85238621999997,-8.622211359999937],[116.8522286000001,-8.622221169999932],[116.85212018000016,-8.622182539999926],[116.85180490000005,-8.622134529999869],[116.8514217500001,-8.622154219999913],[116.85118516000011,-8.62217405999985],[116.85098716000005,-8.622174859999916],[116.85068163000017,-8.622204899999929],[116.8504148500001,-8.622206669999912],[116.85020824000003,-8.62222738999992],[116.85017093,-8.622218019999934],[116.85006131,-8.622190499999874],[116.84974109999996,-8.622079169999893],[116.84946241,-8.621901759999957],[116.84911828999998,-8.621712369999955],[116.84888751000005,-8.621557339999924],[116.84868477999999,-8.621488359999887],[116.84839825899996,-8.621422080999878],[116.84830904399996,-8.621424496999907],[116.84819172100015,-8.62143537199995],[116.8481012850001,-8.62146316299993],[116.84799251699997,-8.621507870999892],[116.84788497099998,-8.62154774499993],[116.84772487400016,-8.621611784999857],[116.84752078100007,-8.6216999909999],[116.84744745400008,-8.621748322999906],[116.84736679399998,-8.62175557299986],[116.847232362,-8.621712073999902],[116.84713948100011,-8.621683074999908],[116.84707838700001,-8.62166379699994],[116.84702460200003,-8.62164682599996],[116.84686572700002,-8.621629908999864],[116.84672396199994,-8.621634741999912],[116.84657730800006,-8.621649241999876],[116.84653597199997,-8.62166600899991],[116.846481983,-8.621687907999956],[116.84643065500006,-8.621731406999913],[116.84627911200005,-8.621830487999944],[116.84622533900017,-8.621900568999877],[116.84615201299994,-8.621987566999906],[116.84606646500015,-8.622040732999949],[116.84596625100005,-8.622086647999936],[116.84585870499996,-8.62209389799989],[116.84578782200003,-8.622074564999878],[116.84568516499996,-8.622076981999896],[116.84563628,-8.62211564699993],[116.84559228400008,-8.62216881299986],[116.84552873400014,-8.622231643999896],[116.84544562999997,-8.622308975999943],[116.84533075200011,-8.622376640999903],[116.84520976200008,-8.622418930999856],[116.84516087800012,-8.622429805999957],[116.845044777,-8.622437055999853],[116.84497389400008,-8.622440680999887],[116.84490056699997,-8.622452763999945],[116.84482968500015,-8.622469679999881],[116.84474780300013,-8.622478137999906],[116.84470014100009,-8.622482970999954],[116.84454859800007,-8.622491428999922],[116.84445571800018,-8.622518011999887],[116.84436528100002,-8.62255184399993],[116.84426262399995,-8.62257842699995],[116.84416241000008,-8.622605009999916],[116.84408663900012,-8.622638841999958],[116.84395953900002,-8.622643674999892],[116.84385199300004,-8.622617092999917],[116.84376400100007,-8.622597759999906],[116.84367112000007,-8.622605009999916],[116.84356357400009,-8.62261225899988],[116.84347069400008,-8.622629175999862],[116.8433631470001,-8.62265575799995],[116.843182275,-8.622658174999856],[116.84301362300016,-8.622631591999948],[116.84285230399996,-8.62260984299985],[116.84264943300002,-8.622595342999887],[116.84243434099994,-8.622525261999954],[116.8422656890001,-8.622467262999862],[116.84214347700004,-8.622380265999936],[116.84206037400008,-8.622319849999826],[116.8418403930001,-8.622273934999953],[116.84168151799997,-8.622252184999923],[116.84152997600006,-8.622230435999882],[116.84134665900001,-8.62215793799993],[116.84121711500018,-8.622070939999958],[116.84111201300016,-8.621993608999958],[116.8409824690001,-8.621928359999856],[116.84066489000008,-8.621816109999884],[116.8405793600001,-8.621966819999955],[116.83978256,-8.622472099999925],[116.83857764000004,-8.623813059999918],[116.83764480000013,-8.624959669999953],[116.83725632999995,-8.625231900000017],[116.83712758000013,-8.625455749999958],[116.83680893000007,-8.626009080000017],[116.83632327999999,-8.62645609999987],[116.83599290000006,-8.626728179999816],[116.83586446000004,-8.626881319999882],[116.83588444000009,-8.626884079999911],[116.83528793000016,-8.627805969999827],[116.83436603000007,-8.629270149999911],[116.83409336,-8.630258479999952],[116.83393220000005,-8.63084277999991],[116.8336360400001,-8.632285629999899],[116.83361258000002,-8.632440899999892],[116.83357733000003,-8.632552799999928],[116.83357107999996,-8.632568979999917],[116.83355939000012,-8.632647599999927],[116.83353152999996,-8.632871709999904],[116.83353,-8.633005449999871],[116.83352739999998,-8.633232729999861],[116.83351730000015,-8.63329758999987],[116.83351299000003,-8.63347758999987],[116.83352120999996,-8.633833779999918],[116.83359982000002,-8.634138819999862],[116.83363932999998,-8.634295039999927],[116.83363190000011,-8.634340929999894],[116.83364259000007,-8.634495229999857],[116.83365116000004,-8.634515719999854],[116.83379810999998,-8.634766929999955],[116.83407364000004,-8.635172989999887],[116.83409999000003,-8.63530994999985],[116.83422732999998,-8.635886439999865],[116.83424675000015,-8.635911689999944],[116.83442162000006,-8.636162559999889],[116.83442388000003,-8.636168269999928],[116.83447239999998,-8.636300899999867],[116.8344861600001,-8.636336809999932],[116.83446029000004,-8.636482729999898],[116.83447920000003,-8.636677139999904],[116.8344741200001,-8.637171869999918],[116.83446420999996,-8.63731367999992],[116.83451342,-8.637516539999922],[116.83464759000003,-8.637907629999859],[116.83467248,-8.637957829999948],[116.83475885000007,-8.638088179999954],[116.83495979999998,-8.638412779999896],[116.83522969000012,-8.638813019999816],[116.83522973000015,-8.638815469999827],[116.83527063999998,-8.639159139999947],[116.83535107,-8.639526849999925],[116.83544948999997,-8.639797759999908],[116.83548027000006,-8.639898879999862],[116.83549183000014,-8.639937959999884],[116.83558949000007,-8.640109839999923],[116.8356975700001,-8.640299749999883],[116.83570342000007,-8.640327129999946],[116.83578960000011,-8.640560439999888],[116.83582632000014,-8.640703639999913],[116.83584478,-8.640840209999851],[116.83584225000016,-8.641050069999892],[116.83583676,-8.641256049999868],[116.83588413000007,-8.641334409999956],[116.83615830999997,-8.641649639999855],[116.83624783999994,-8.641674939999916],[116.83650753000018,-8.641720689999943],[116.83677255000009,-8.6417995299999],[116.83684843000015,-8.641870249999897],[116.83688378,-8.641980609999905],[116.83688398000004,-8.64198443999993],[116.83686082000008,-8.642126009999913],[116.83674810000014,-8.642310719999955],[116.83655546,-8.642503499999918],[116.83652460999997,-8.642564409999864],[116.83644670000012,-8.642716609999923],[116.83641791000002,-8.642880699999921],[116.83636335999995,-8.643269639999858],[116.83625275999998,-8.64354944999991],[116.83620565000001,-8.643650519999937],[116.83602045999999,-8.643950819999816],[116.83587979000004,-8.644216759999892],[116.8358302900001,-8.644469349999952],[116.83581028000003,-8.644574109999894],[116.83580990999997,-8.644868859999917],[116.83581047999996,-8.645012399999928],[116.83585535999998,-8.645134919999919],[116.83590691999996,-8.64527777099994],[116.8359852100001,-8.645494679999956],[116.83601907000002,-8.645824709999886],[116.83602676999999,-8.645972189999952],[116.83571762999998,-8.646514959999877],[116.83616094000001,-8.647942319999856],[116.83623851000004,-8.648193299999946],[116.83624110999995,-8.64820170999991],[116.83666567000012,-8.649730139999917],[116.8368925210001,-8.650206668999886],[116.83740951000016,-8.651292669999862],[116.83750741999995,-8.651498599999854],[116.8375148,-8.65151329999992],[116.83776953999995,-8.65346628999987],[116.83768462,-8.65482488999993],[116.83726006000006,-8.65635331999988],[116.83513725000012,-8.658645959999888],[116.83414587000016,-8.659778949999918],[116.83375034999995,-8.657323549999887],[116.83251642000016,-8.656216179999944],[116.83137294300013,-8.655633438999928],[116.83029422300001,-8.655136249999941],[116.82897283,-8.654602580000017],[116.82878321300007,-8.654576154999859],[116.82845826000005,-8.654530869999917],[116.82829844100013,-8.65450859799995],[116.82784465999998,-8.654445359999954],[116.82781488599994,-8.654486423999913],[116.82739926499994,-8.654459819999886],[116.82709496400014,-8.654449010999883],[116.82691821399999,-8.654458017999957],[116.82671048800012,-8.654485038999951],[116.82637885500003,-8.654537279999943],[116.82614561800006,-8.6545715069999],[116.82601442200007,-8.654614740999932],[116.82597415099997,-8.654638912999872],[116.82597570200005,-8.654639735999865],[116.824438709,-8.657520858999874],[116.82239788799995,-8.659884286999954],[116.81919088500013,-8.66230534399989],[116.81646779000005,-8.663838169999906],[116.81494572000008,-8.664691959999914],[116.81377308000003,-8.665408459999867],[116.81256961999998,-8.66636111999992],[116.81219153000018,-8.66673607999985],[116.81164082999999,-8.667282239999906],[116.81054418000008,-8.668644799999925],[116.80947901000002,-8.670156409999947],[116.80909370999996,-8.671244379999905],[116.80874605999998,-8.67244411999991],[116.80859088000011,-8.672991149999916],[116.80847342000015,-8.67369344999986],[116.80838802000005,-8.674886549999826],[116.80824342999995,-8.676306809999915],[116.80824058000007,-8.67632828],[116.80801799000017,-8.677639659999954],[116.80779504999998,-8.678733579999914],[116.80718457000012,-8.679679019999867],[116.80658634999998,-8.680332409999949],[116.80615633000014,-8.68084880999993],[116.80581096000014,-8.681172439999898],[116.80510308999999,-8.681324409999945],[116.80354823000016,-8.681879669999944],[116.80216006,-8.682545989999937],[116.80138267999996,-8.683101259999944],[116.80066083999998,-8.683545469999956],[116.80005004000009,-8.683656519999886],[116.79782896999996,-8.683767579999937],[116.79777165000007,-8.683759389999864],[116.79666291000012,-8.683601],[116.79605212000001,-8.683823109999935],[116.79510817000005,-8.684100739999906],[116.79455289999999,-8.683934159999865],[116.79360894000001,-8.683434419999912],[116.79322026,-8.683267839999871],[116.7927205200001,-8.68332335999986],[116.79210971999998,-8.683378889999915],[116.79155445000004,-8.683767579999937],[116.79055497000013,-8.68448941999992],[116.78955549,-8.684878109999886],[116.78850049000016,-8.685322329999906],[116.78813936000006,-8.685219419999896],[116.78811180000014,-8.685211269999911],[116.78777863999994,-8.683989679999911],[116.78755652999996,-8.682657039999867],[116.78722337,-8.68182413999989],[116.78689021000014,-8.680824659999871],[116.78683467999997,-8.67988070999985],[116.78666810000004,-8.67865911999985],[116.786446,-8.677826219999872],[116.78622389000009,-8.677104369999938],[116.78600178,-8.677048849999949],[116.78455809000002,-8.677215429999876],[116.78405835000012,-8.676937789999897],[116.78316991999998,-8.675438569999926],[116.78316963999998,-8.675437969999905],[116.7825977,-8.67421204999988],[116.78241691000005,-8.673824979999893],[116.78239245999998,-8.673772769999857],[116.78184862000012,-8.673112319999916],[116.78161522000016,-8.672828989999914],[116.78056017000006,-8.672162489999948],[116.7788943600001,-8.671274069999868],[116.77817252,-8.67110748999994],[116.7771730400001,-8.670940909999956],[116.77634014000012,-8.670996429999946],[116.77545170999997,-8.670940909999956],[116.77506302000018,-8.670885379999959],[116.77378591000002,-8.670663269999864],[116.77243112100007,-8.670350627999937],[116.77244998900005,-8.670583475999933],[116.7724677650001,-8.670759208999925],[116.77249443000005,-8.670914440999866],[116.77251220699998,-8.670987662999892],[116.77251516900003,-8.671063813999922],[116.772521095,-8.671142893999956],[116.77249739299998,-8.671213186999921],[116.77243813799998,-8.67130691199992],[116.77238184500004,-8.671412351999948],[116.77183225500005,-8.671227831999886],[116.77155227499998,-8.671107746999894],[116.77087084200002,-8.670847075999916],[116.77049600800012,-8.670711776999894],[116.77002349500015,-8.670529291999912],[116.76968870400003,-8.67036673799987],[116.76930354600006,-8.670220292999943],[116.76912874400011,-8.67015585799993],[116.76899542000012,-8.670132425999952],[116.76885617100004,-8.670138283999961],[116.76876432500012,-8.67015],[116.76869618199999,-8.670169037999926],[116.76864433399999,-8.67019100399989],[116.76859989299999,-8.670227614999874],[116.768585079,-8.670677200999876],[116.76859396700002,-8.671119462999911],[116.76862952,-8.672027416999867],[116.76860435200001,-8.672833539999942],[116.76860096900009,-8.673188574999926],[116.76843262099999,-8.673359871999878],[116.76831213499997,-8.673489718999917],[116.76814029600007,-8.673698644999945],[116.76790760200015,-8.67393231299991],[116.76776303899999,-8.674032534999867],[116.76741540900002,-8.674212171999898],[116.76713690999998,-8.674264891999883]]],[[[116.79337311000006,-8.517233840000017],[116.79294586000003,-8.51743506999992],[116.79270171999997,-8.517625819999921],[116.79210663000003,-8.518075949999854],[116.79161834000001,-8.518326739999907],[116.79135130000009,-8.518418309999959],[116.79045104,-8.518598549999922],[116.7901916400001,-8.518604279999863],[116.78977965000013,-8.518542299999922],[116.78942870000003,-8.518515589999879],[116.7887039100001,-8.518468869999936],[116.78816224000002,-8.518172259999915],[116.78761292000002,-8.517712579999909],[116.78754426,-8.517560949999961],[116.78743745000008,-8.517266269999936],[116.78734587999998,-8.51698587999988],[116.78714750999995,-8.516618709999875],[116.78704071000016,-8.516543389999867],[116.7869262700001,-8.516387939999902],[116.78687286000013,-8.51621149999994],[116.78687286000013,-8.515942569999936],[116.78702546000011,-8.515192039999874],[116.78719331000013,-8.514626499999906],[116.78752897000004,-8.513947479999956],[116.78778076000003,-8.513334259999908],[116.787941,-8.513217929999882],[116.78812409000011,-8.513201709999862],[116.78839113000015,-8.513239839999926],[116.7884826400001,-8.513231279999957],[116.78850553999996,-8.51316833999988],[116.78859710999996,-8.513021469999956],[116.78902433999997,-8.512352929999906],[116.78913114000011,-8.512248039999918],[116.78932952000014,-8.512166019999881],[116.78961181000011,-8.512124069999913],[116.78983306000009,-8.512160309999956],[116.78997802000015,-8.512147879999816],[116.79018402999998,-8.512070649999885],[116.7903137300001,-8.511998189999872],[116.79036714000006,-8.51194094999994],[116.79045104,-8.511802669999952],[116.79058074000011,-8.511611],[116.79076385999997,-8.511546149999958],[116.79097748000004,-8.511539469999946],[116.79125978000002,-8.511573809999902],[116.79139710000015,-8.511615759999927],[116.79156495000007,-8.511635779999892],[116.79160308999997,-8.511625289999927],[116.79166414000008,-8.511638629999936],[116.79183961000001,-8.511718769999902],[116.79225158999998,-8.511996279999892],[116.79256439999995,-8.512267109999925],[116.79281616000014,-8.512599],[116.79304504000004,-8.513012889999914],[116.79311370999994,-8.513229369999863],[116.79312132999996,-8.5132684699999],[116.79318235999995,-8.51338863999996],[116.79406739000012,-8.514924049999934],[116.79421234000006,-8.515615469999943],[116.79423524000015,-8.516393669999957],[116.79413606000014,-8.516578669999944],[116.79393003999996,-8.516845709999927],[116.79365539000014,-8.51710892999995],[116.79337311000006,-8.517233840000017]]],[[[116.85781122100002,-8.50342010599985],[116.85786064600018,-8.503472977999877],[116.857868198,-8.503500779999854],[116.8578747680001,-8.503545302999896],[116.85786972400001,-8.503572237999947],[116.85786215899998,-8.503605656999923],[116.85783038600016,-8.503619623999953],[116.85778297800016,-8.503624611999896],[116.85775271800014,-8.50363857799988],[116.857739605,-8.50365453899991],[116.85776381300002,-8.503693444999897],[116.85781727300002,-8.503736340999922],[116.85791713200001,-8.503783227999861],[116.858093651,-8.503828118999934],[116.85832867199997,-8.503851063999889],[116.85851426900012,-8.50387301099994],[116.85863530999995,-8.503912913999955],[116.85878459399999,-8.503998706999937],[116.858867305,-8.503962793999904],[116.8589560690001,-8.503948826999931],[116.85906221000005,-8.503982539999924],[116.85912322000001,-8.50406742999985],[116.85913088000007,-8.504235289999883],[116.85918427000001,-8.504293439999913],[116.85928086299998,-8.504334768999854],[116.85934087900011,-8.504352724999933],[116.85942056499994,-8.504379160999918],[116.85948108499997,-8.504399112999863],[116.85956177900016,-8.504441010999926],[116.859613222,-8.504504856999915],[116.85965457700001,-8.504587655999899],[116.85966668200001,-8.504654494999954],[116.859665673,-8.504704373999914],[116.85965568999995,-8.504737133999924],[116.85962091300007,-8.504797398999926],[116.85957199200016,-8.504870221999852],[116.85932688399998,-8.505120615999942],[116.85923912900012,-8.505215385999918],[116.85894012999995,-8.505506509999918],[116.85899036399996,-8.505530248999946],[116.85904029300013,-8.505560674999856],[116.85904584100001,-8.505581623999888],[116.85904130200015,-8.505602572999862],[116.859027685,-8.505625517999874],[116.85903777199997,-8.505646466999849],[116.85903575400005,-8.50567290299989],[116.8590332330001,-8.50568736799994],[116.85904584100001,-8.505697343999884],[116.85905643199999,-8.505713803999924],[116.85905441500006,-8.505729764999899],[116.85905643199999,-8.505736248999938],[116.85906752799997,-8.50574273399991],[116.859069041,-8.505792612999869],[116.85903676300006,-8.50581705299993],[116.85899944200003,-8.505836505999866],[116.85895808600003,-8.505845982999915],[116.85895859100015,-8.5058724189999],[116.85895859100015,-8.505889876999902],[116.85895556500009,-8.505895363999912],[116.85894749499994,-8.505904840999904],[116.85893740800009,-8.505914317999896],[116.85893690399996,-8.505922796999869],[116.85893186100009,-8.505934268999852],[116.85893135600008,-8.505943745999957],[116.8589323650001,-8.50595172699991],[116.85893892100012,-8.506045499999914],[116.85892782600001,-8.506081412999947],[116.858914713,-8.506120317999887],[116.85889554799996,-8.506147252999881],[116.85888344400007,-8.50616520899996],[116.85888344400007,-8.506185160999848],[116.85887638400015,-8.506207107999955],[116.85887133999995,-8.506224066999948],[116.85886427900016,-8.506238032999931],[116.85885822700016,-8.506250003999867],[116.85878862899995,-8.506425577999948],[116.85872407300008,-8.506549277999852],[116.85865951799997,-8.506641054999932],[116.85862118800003,-8.506710885999894],[116.85859092800001,-8.506778720999932],[116.85855259799996,-8.506842565999875],[116.85853444200006,-8.506912396999951],[116.85844971300014,-8.507020134999891],[116.85835893199999,-8.5071458299999],[116.85827420400005,-8.507255563999934],[116.85817938800005,-8.507321403999867],[116.85800934999997,-8.507440549999956],[116.85770416000014,-8.507635099999902],[116.8573684700001,-8.507761949999917],[116.85680326,-8.507941720999952],[116.85680254499994,-8.508055620999869],[116.85680456199998,-8.508156375999874],[116.85679750099996,-8.508282070999883],[116.85679245800009,-8.508395793999853],[116.85675110199998,-8.508454650999852],[116.85676118900005,-8.508503531999906],[116.85676724099994,-8.508554408999942],[116.85676824999996,-8.508592315999863],[116.85674202400014,-8.508728983999902],[116.85673798900007,-8.508812779999914],[116.85672992000002,-8.508884605999924],[116.85673798900007,-8.508954435999897],[116.85674807600014,-8.50898236799992],[116.85677833600016,-8.509052197999893],[116.85676623200004,-8.509094095999899],[116.85680758800004,-8.509261687999924],[116.85683179600005,-8.509340496999869],[116.85682776199997,-8.50937042399994],[116.85681464900006,-8.509391372999914],[116.85681263100003,-8.509402345999945],[116.85681364000004,-8.50942229799989],[116.85681868300003,-8.509446238999942],[116.85682776199997,-8.509463197999935],[116.85683583100001,-8.509484146999853],[116.85685701299997,-8.509599864999927],[116.856834822,-8.509703612999886],[116.85678842300001,-8.509777432999954],[116.85675412800003,-8.509827311999913],[116.85670772900005,-8.509893151999961],[116.85667948599996,-8.509966971999916],[116.85666133000007,-8.510024830999953],[116.85664115600014,-8.510092665999935],[116.85661896500017,-8.510144538999953],[116.85660080900004,-8.51018843299994],[116.85657256599995,-8.510248286999854],[116.85656046200006,-8.510328091999952],[116.85657660100003,-8.510415878999936],[116.85658467000007,-8.510597435999955],[116.85653020200004,-8.510677241999929],[116.85650801100007,-8.510775003999925],[116.85646564700005,-8.510826876999943],[116.85642429100005,-8.510904687999869],[116.85640815200009,-8.510948580999866],[116.85639302200002,-8.511018409999906],[116.85638293500017,-8.511079261999953],[116.856373857,-8.511135125999942],[116.85636377000014,-8.51117103799993],[116.85636477900005,-8.511203957999953],[116.85636578799995,-8.511232886999949],[116.85635872700016,-8.511264809999943],[116.85635166600002,-8.5112847609999],[116.85634258799996,-8.511304711999855],[116.85632947500005,-8.511321670999848],[116.85630035500014,-8.511327740999889],[116.85621807900009,-8.51160326399986],[116.85621297299997,-8.511673811999856],[116.85621246899996,-8.51171521099991],[116.85619834700003,-8.511766585999908],[116.85618321699997,-8.511835417999919],[116.85617413900013,-8.511878312999897],[116.85617010400006,-8.511908239999912],[116.85617212200009,-8.511939164999944],[116.85616909600014,-8.511972084999911],[116.85610554899995,-8.512169602999904],[116.85604704599996,-8.512245416999917],[116.85600064699997,-8.512311256999908],[116.8559603000001,-8.512359139999887],[116.85593205700002,-8.512381085999948],[116.85592247399995,-8.51245241199996],[116.85591339600012,-8.512479345999907],[116.85589019700012,-8.512526231999857],[116.85585892800009,-8.51256912699995],[116.85581958900013,-8.512597058999859],[116.85577621599998,-8.512602046999916],[116.85574696499998,-8.512602046999916],[116.85570359200017,-8.512611024999956],[116.85563500199999,-8.512710780999953],[116.85561886300002,-8.512811534999912],[116.85559566300003,-8.512862410999958],[116.85556641200003,-8.512883359999933],[116.85556035900015,-8.512907300999927],[116.85554623799999,-8.512937227999942],[116.85553110800015,-8.512975135999852],[116.85550336900008,-8.513006558999905],[116.85545545700018,-8.513045463999902],[116.85543881399997,-8.513082872999917],[116.85541359700005,-8.513103820999959],[116.85538838000002,-8.513117287999933],[116.85535408500016,-8.513118285999894],[116.85531423500004,-8.513128943999902],[116.85527300400008,-8.513175467999929],[116.85527666899998,-8.513196095999945],[116.855272635,-8.51320806699988],[116.85527061699997,-8.51322153399991],[116.85526708700002,-8.513233005999894],[116.85526406099996,-8.513246472999924],[116.85525548700014,-8.513259440999946],[116.85524439200003,-8.513267421999899],[116.85523632200011,-8.51327739699991],[116.85522774800006,-8.513288369999941],[116.85521413100014,-8.51329684999996],[116.85520354000005,-8.513301338999952],[116.85518488000002,-8.513306326999896],[116.85516621900001,-8.513306824999859],[116.855158576,-8.513304585999947],[116.85514831000012,-8.51331616999994],[116.85487748100013,-8.513595464999867],[116.85486613800003,-8.513645497999903],[116.85486714700016,-8.513671932999955],[116.85486866000008,-8.513684402999957],[116.85487370299995,-8.513703355999894],[116.85487521599998,-8.513716324999905],[116.85487420700008,-8.51373178699987],[116.8548696680001,-8.513742759999957],[116.854858573,-8.513764705999904],[116.8548459640001,-8.513780167999869],[116.85483537300001,-8.51379014399987],[116.85481822600013,-8.51380660399991],[116.85480359999997,-8.513820070999884],[116.854792,-8.513830544999848],[116.85478191300001,-8.513845009999898],[116.85476980900012,-8.513853488999871],[116.85468810600003,-8.513918828999863],[116.8546094300001,-8.513948755999877],[116.854569083,-8.514014594999878],[116.85449444100004,-8.514076443999954],[116.85446619799995,-8.514106370999855],[116.85443392000013,-8.514148267999929],[116.85440366000012,-8.514196150999908],[116.85435927799995,-8.514210116999891],[116.8542886570001,-8.514202695999927],[116.85426256200014,-8.514229606999947],[116.85423279999998,-8.514260299999876],[116.85364533000006,-8.514673209999955],[116.85310362999996,-8.514988899999878],[116.8526840400001,-8.515276909999898],[116.85211182,-8.51577282999989],[116.85190583999997,-8.516031269999871],[116.85187529999996,-8.516203879999864],[116.85177610999995,-8.51679707999989],[116.85138704000008,-8.517628669999908],[116.85102081000014,-8.518220879999944],[116.8507537700001,-8.518457409999883],[116.85055539999996,-8.518544189999943],[116.85028077000004,-8.518563269999959],[116.84969330000013,-8.518527969999866],[116.84934997000016,-8.518432629999893],[116.84904480000012,-8.518256189999931],[116.84871672999998,-8.518013949999954],[116.84859467000013,-8.51776695999996],[116.84808351000015,-8.516619679999906],[116.84809112000005,-8.5164127299999],[116.84812164000004,-8.516038879999883],[116.84802246000004,-8.515913029999865],[116.84777069999996,-8.515706069999908],[116.84718322000003,-8.515282609999929],[116.84676361000015,-8.514747639999882],[116.84609984999997,-8.51395606999995],[116.84578706000002,-8.513584129999913],[116.84497070999998,-8.512641899999949],[116.84452820000013,-8.512130739999918],[116.84419251000008,-8.511944749999884],[116.84375764000015,-8.511694899999895],[116.84204864000014,-8.510613439999872],[116.84176637000007,-8.510420799999906],[116.84159089000013,-8.510189059999902],[116.84151457999997,-8.510008819999939],[116.84152984000002,-8.509835259999875],[116.84163666999996,-8.509662639999874],[116.84189605999995,-8.50929070999996],[116.84206389999997,-8.50896263999988],[116.842453,-8.508488649999947],[116.8425521800001,-8.508192059999885],[116.84262085,-8.507922189999931],[116.84275055000012,-8.507716199999948],[116.84291841000015,-8.507585529999915],[116.84322355999996,-8.507443429999853],[116.84338379999997,-8.507432939999944],[116.84376525000005,-8.507436729999938],[116.84396361999995,-8.50732325999985],[116.84449768000013,-8.506910319999918],[116.84497070999998,-8.506573689999925],[116.84524537000016,-8.506455419999895],[116.84545899,-8.506430639999905],[116.84709167999995,-8.505503659999931],[116.84735871999999,-8.505320549999908],[116.84739685,-8.505292909999923],[116.84774017999996,-8.5050764],[116.84804535,-8.504893319999894],[116.84803007000016,-8.504811269999948],[116.84794617000011,-8.504654879999862],[116.84800722,-8.504586229999859],[116.84816740999997,-8.504450799999859],[116.84840391,-8.5042257099999],[116.84854126000016,-8.504266719999919],[116.84860991999994,-8.504374519999942],[116.84872437000001,-8.50454330999986],[116.84889222000004,-8.504506099999901],[116.84926607000011,-8.504360199999951],[116.84950254000012,-8.504238139999927],[116.84956360000001,-8.504127499999925],[116.8495254400001,-8.504068379999921],[116.84939573999998,-8.504015929999866],[116.84927368000001,-8.503946289999874],[116.84926607000011,-8.503872880000017],[116.84938048000015,-8.503740309999955],[116.84962463000011,-8.503532409999934],[116.8498459000001,-8.503489489999936],[116.84989928000005,-8.503545759999952],[116.85009764999995,-8.503736489999937],[116.85018921999995,-8.503680219999865],[116.85021210000002,-8.503593439999918],[116.85022735000007,-8.503251079999927],[116.85037993000003,-8.503064139999879],[116.85080721000008,-8.503076569999848],[116.85089873000004,-8.503252049999901],[116.85103606999996,-8.503448479999918],[116.85111238000013,-8.503441809999856],[116.85115051000002,-8.503401739999958],[116.85126495000009,-8.503294],[116.85127257,-8.503190049999944],[116.8513030900001,-8.503007899999943],[116.85140991000003,-8.502738009999916],[116.85147856000003,-8.502720819999922],[116.85160064000002,-8.502757059999908],[116.85186006000015,-8.502826679999941],[116.852005,-8.502787579999904],[116.85234071000014,-8.502706529999955],[116.85262297999998,-8.502754209999921],[116.85311889000002,-8.502883909999923],[116.85328674000004,-8.502803799999924],[116.85346985000012,-8.502724639999883],[116.85374450999996,-8.5027189299999],[116.8538818500001,-8.502662639999869],[116.85409546000017,-8.502596869999934],[116.85424805000002,-8.502619749999894],[116.85432433999995,-8.502593989999866],[116.85452270999997,-8.502523409999924],[116.85455320000005,-8.50257205999992],[116.85462187000007,-8.502767579999954],[116.85504913,-8.50316808999986],[116.85517883000011,-8.503170949999912],[116.85544587000004,-8.503050799999926],[116.85549925999999,-8.502934439999933],[116.85563660000014,-8.502659789999939],[116.85572052999999,-8.502612109999859],[116.85583497000005,-8.502626419999899],[116.85594176999996,-8.502696029999925],[116.85610961999998,-8.50279712999992],[116.85619708700006,-8.502842252999926],[116.85650977599994,-8.502820305999876],[116.856790188,-8.50277840699988],[116.8570322710001,-8.50278638799989],[116.85721786700014,-8.502828285999897],[116.85738127299999,-8.50288814199996],[116.85738216599998,-8.502888427999892],[116.85741733300017,-8.502905848999944],[116.85746121000011,-8.50293128699991],[116.85748037500002,-8.502959219999923],[116.857478862,-8.50298715199989],[116.85747533200004,-8.503018077999911],[116.85749399199995,-8.503051496999888],[116.85753484400004,-8.50313479599987],[116.85755905200006,-8.50319564899985],[116.85758830400016,-8.503252510999914],[116.85764176300006,-8.503325334999943],[116.85769824900012,-8.503364240999929],[116.85774969199997,-8.503395165999905],[116.85781122100002,-8.50342010599985]]],[[[116.81892309400007,-8.500228699999923],[116.81886079900016,-8.500290035999853],[116.818788175,-8.500345900999946],[116.81867318500008,-8.500350888999947],[116.81858744800013,-8.500314975999913],[116.81853738100006,-8.500265744999922],[116.81849212800012,-8.500165335999952],[116.81846489400016,-8.500049614999853],[116.81843665100007,-8.499867054999868],[116.81841042500014,-8.49956677799986],[116.81843866800011,-8.499299420999876],[116.81849515399995,-8.499186193999947],[116.81862729099998,-8.499039546999938],[116.81887239900004,-8.498831047999943],[116.818982345,-8.498785158999851],[116.81920173200001,-8.498762712999905],[116.81954956000015,-8.49880597999993],[116.81964875000006,-8.498875619999922],[116.8196945200001,-8.498904219999872],[116.81977842000015,-8.499011019999898],[116.81980896000016,-8.499165529999914],[116.81980132000001,-8.499349589999952],[116.8196969920001,-8.49982665199991],[116.81964605400015,-8.499934391999943],[116.81959461100007,-8.499992751999855],[116.819455414,-8.500101489999906],[116.81922039200015,-8.500164337999934],[116.81905900400011,-8.500185287999898],[116.81892309400007,-8.500228699999923]]],[[[116.832243415,-8.499606930999903],[116.83205580100014,-8.499427362999882],[116.8318944130001,-8.499238816999934],[116.83177841500014,-8.499071219999905],[116.83168359900003,-8.498964476999959],[116.83150203800005,-8.49904228999992],[116.831298285,-8.499060246999875],[116.83109856700014,-8.499060246999875],[116.83094121400006,-8.499000390999925],[116.83082824200005,-8.498858731999917],[116.83065273199998,-8.498675172999924],[116.83057607300009,-8.498469666999881],[116.83058212500009,-8.498220266999851],[116.83057002099997,-8.497938942999951],[116.83053774300015,-8.497717474999888],[116.83055388200012,-8.497547882999925],[116.83064667999997,-8.497180764999882],[116.83081210300008,-8.496707899999933],[116.83082420699998,-8.496577213999956],[116.83080806800001,-8.496376694999924],[116.830778817,-8.496275935999904],[116.83079394699996,-8.496176175999949],[116.83084358199994,-8.496068790999914],[116.83088918600015,-8.496035850999931],[116.83091498800013,-8.496030524999867],[116.83096542200008,-8.496041498999887],[116.83103184900017,-8.496068007999952],[116.83118833899994,-8.496123551999915],[116.83131240700004,-8.496187897999903],[116.83140217900007,-8.49626970099996],[116.83151111600012,-8.496358986999951],[116.831581723,-8.496429317999912],[116.831623079,-8.496489174999908],[116.83162333100006,-8.496557260999907],[116.83162938300018,-8.496605146999912],[116.83166115600011,-8.496647544999917],[116.83182758800001,-8.496777232999932],[116.83197964600015,-8.496857041999931],[116.83208555700014,-8.496923880999873],[116.83218239000007,-8.49702663499994],[116.83235083900001,-8.497198222999941],[116.83248600200011,-8.497357838999903],[116.832633268,-8.49760125499995],[116.83268370199994,-8.497720966999907],[116.83282088199996,-8.497805762999917],[116.83305186899997,-8.497894549999899],[116.833176945,-8.497964381999907],[116.83347349600012,-8.498135969999908],[116.83420983000008,-8.498343470999941],[116.834595144,-8.498471163999909],[116.83499861500013,-8.498718568999948],[116.83515395099994,-8.498946021999927],[116.83527297500007,-8.499177464999889],[116.83538292100013,-8.499456791999933],[116.83544848500003,-8.499632369999915],[116.83546664100004,-8.49982390799994],[116.83548681400009,-8.500107225999955],[116.83550698800013,-8.500370591999854],[116.83550799600005,-8.500598042999854],[116.83547470999997,-8.500783595999849],[116.83537686900013,-8.501015037999878],[116.835239689,-8.501139736999903],[116.8350440050001,-8.501143727999874],[116.83481806199995,-8.501089857999943],[116.83452151100005,-8.500962165999852],[116.83422294299999,-8.50080254999989],[116.83410840400006,-8.50074653999991],[116.833762482,-8.500554647999934],[116.83338321899998,-8.500359118999882],[116.83312298099997,-8.500209479999853],[116.83290914100007,-8.500085777999914],[116.83268319800004,-8.499956089999955],[116.832485497,-8.499828397999863],[116.832243415,-8.499606930999903]]],[[[116.80826011299996,-8.4911631679999],[116.80834181599994,-8.49109034099996],[116.80848353500005,-8.491069390999883],[116.80858541199996,-8.491074877999893],[116.80867266200016,-8.491101813999933],[116.80874629599998,-8.491127502999916],[116.80882093800017,-8.491155435999929],[116.80883909400006,-8.491199330999905],[116.80885724999996,-8.491273154999874],[116.80885018899994,-8.491339995999908],[116.80883707600003,-8.491405838999924],[116.80880782500003,-8.49145272699991],[116.80876546000002,-8.491478664999931],[116.80866661000016,-8.491493628999933],[116.80846991800001,-8.491504103999887],[116.808372329,-8.491497619999905],[116.80828835600016,-8.49145621799994],[116.80822011400016,-8.49134622399987],[116.80822279200004,-8.491320791999897],[116.80823489700003,-8.491268914999864],[116.80826011299996,-8.4911631679999]]]]}},{"type":"Feature","properties":{"gid":331328,"luas":0.006577754327119,"kdkab":"07","kdkec":"02","nmkab":"SUMBAWA BARAT","nmkec":"TALIWANG","kdprov":"52","nmprov":"NUSA TENGGARA BARAT","sumber":null,"periode":"2025_1","idkec":"52.07.02"},"geometry":{"type":"MultiPolygon","coordinates":[[[[116.81110380999996,-8.816017159999944],[116.81109618999994,-8.815944669999908],[116.81095123,-8.815723419999927],[116.8109436100001,-8.81558704999992],[116.81102752000004,-8.815364839999916],[116.81116486000008,-8.815173159999858],[116.8112335300001,-8.81507776999996],[116.81132507000007,-8.815044409999928],[116.81137085000012,-8.815098759999898],[116.81143952000002,-8.815173159999858],[116.81153870000014,-8.815179809999961],[116.81169892000003,-8.815137859999936],[116.81177605599999,-8.81517321899986],[116.81179185400015,-8.81526787599995],[116.81186915600006,-8.81536876599995],[116.81195083299997,-8.81541488799985],[116.81198437900014,-8.815473980999855],[116.81200771499994,-8.815535955999849],[116.81199021300006,-8.815595048999853],[116.81197271100007,-8.815638287999946],[116.81192312100006,-8.815681525999878],[116.81190124299997,-8.815727647999893],[116.81190561899996,-8.815796829999954],[116.81193187200017,-8.815845833999902],[116.8119829200001,-8.815887630999896],[116.81203980300006,-8.815917897999896],[116.81210543600014,-8.815942399999926],[116.81216523600006,-8.815975549999905],[116.81223086900013,-8.816017346999956],[116.81227608300014,-8.816040407999935],[116.81233588300006,-8.81606202699993],[116.8124044330001,-8.816070674999935],[116.81243506200008,-8.816070674999935],[116.81248173500012,-8.816070674999935],[116.81257653900013,-8.8160274359999],[116.81269263900015,-8.816073996999876],[116.81272180999997,-8.816186416999926],[116.81279473600011,-8.816373784999882],[116.812807862,-8.816513589999943],[116.812749521,-8.81657844799986],[116.81264450799995,-8.816669248999915],[116.81253220200006,-8.816721134999852],[116.81248552900001,-8.816797522999877],[116.81245927600003,-8.816847967999877],[116.81238343300015,-8.816935886999943],[116.81232509200015,-8.816950299999917],[116.81222591200014,-8.81694021099986],[116.81210485500014,-8.816935886999943],[116.81186857500018,-8.816878234999876],[116.81175995000012,-8.816859239999928],[116.81167602000005,-8.816905979999945],[116.8115616,-8.816937459999906],[116.81127928000012,-8.816880229999867],[116.81121063,-8.816803939999943],[116.81119536999995,-8.816696169999943],[116.81121827000004,-8.816267],[116.81115722000015,-8.816206919999956],[116.81108093000012,-8.816149709999934],[116.81110380999996,-8.816017159999944]]],[[[116.80084783999996,-8.806383969999956],[116.80090632000008,-8.80627066999989],[116.80095783000002,-8.806170849999887],[116.80111594999994,-8.806047109999895],[116.80134625000005,-8.806019609999908],[116.80146656,-8.806084919999932],[116.80153873999996,-8.806167419999895],[116.80160405000004,-8.806246479999857],[116.80158342999994,-8.806363339999848],[116.80157311000016,-8.806476769999904],[116.80153186999996,-8.806597080000017],[116.80144593000011,-8.806734569999946],[116.8012396900001,-8.806765509999934],[116.80109876000017,-8.80674488999989],[116.80100252,-8.806696759999909],[116.80095783000002,-8.806638329999942],[116.80090954000013,-8.806574949999856],[116.80090284000005,-8.806566139999916],[116.80085814999995,-8.806497399999955],[116.80084783999996,-8.806383969999956]]],[[[116.71312798000008,-8.748792549999905],[116.71337214000016,-8.74891079999992],[116.713601,-8.748963269999933],[116.71389856000008,-8.74904241999991],[116.71451653999998,-8.74892800999993],[116.71546260000014,-8.748964279999882],[116.71606530000008,-8.749076799999955],[116.71646965000014,-8.74904819999989],[116.71679011000003,-8.748986239999851],[116.71709527999997,-8.748997679999889],[116.71712580000008,-8.748993859999928],[116.71727837000003,-8.748969079999938],[116.717492,-8.748869899999931],[116.71777430000009,-8.748700139999869],[116.71798793000016,-8.748662949999925],[116.71821681000006,-8.748616239999876],[116.7185219700001,-8.748432169999944],[116.71872798000015,-8.748312969999915],[116.71891107,-8.748302479999836],[116.71909418000007,-8.748358749999909],[116.71930015999999,-8.748490359999948],[116.71974267000007,-8.748822259999883],[116.71982659000003,-8.748998679999886],[116.71991813,-8.74941828999988],[116.71997153999996,-8.749735869999881],[116.72000965999996,-8.750101129999905],[116.72007069999995,-8.750742009999897],[116.71997151000016,-8.751065299999937],[116.71990284000015,-8.751120619999881],[116.71962056000007,-8.751131079999936],[116.71947558,-8.751223589999881],[116.71901019000018,-8.751568819999932],[116.71895676999998,-8.751591709999957],[116.71870501,-8.751627929999927],[116.71826252000017,-8.751678459999937],[116.71774662000007,-8.751499189999947],[116.71748736999996,-8.751549],[116.71741756000006,-8.751756709999938],[116.71719701000006,-8.75179500999991],[116.71714678,-8.751718029999836],[116.71708882999997,-8.751602569999875],[116.71697663999998,-8.751587089999816],[116.71684506000008,-8.751633159999926],[116.71648913000013,-8.751625209999872],[116.71600940000008,-8.751601759999915],[116.71585462000007,-8.751643969999918],[116.71573859,-8.751578479999921],[116.71522439000012,-8.75150490999988],[116.71494113999995,-8.75135768999985],[116.71464858000013,-8.75133296999985],[116.71455618999994,-8.751317589999928],[116.71453158999998,-8.751262439999891],[116.71451933000003,-8.75118890999994],[116.71451016000003,-8.751109279999923],[116.71448376000012,-8.75096096999988],[116.71447371,-8.75082983999988],[116.71451439999998,-8.750688649999915],[116.71447396999997,-8.750486859999853],[116.71429146000003,-8.750395939999862],[116.71408859999997,-8.750375609999878],[116.71383505999995,-8.750304809999875],[116.71360181,-8.75023401999988],[116.71342941000012,-8.75018345999996],[116.71319618999996,-8.750062239999863],[116.71295280000015,-8.749991439999917],[116.71270944000003,-8.74987020999987],[116.71240534000015,-8.74960770999985],[116.71198976000017,-8.749203909999949],[116.71165515000007,-8.749042259999953],[116.71154368000009,-8.748880779999922],[116.71166562999997,-8.748598419999894],[116.71179766000012,-8.748386689999961],[116.71211209,-8.74840710999996],[116.71226418000015,-8.748498009999935],[116.71244135000006,-8.7487066999999],[116.71255579000012,-8.748757259999934],[116.71312798000008,-8.748792549999905]]],[[[116.7718582,-8.709803559999898],[116.77156069000011,-8.710530279999887],[116.77136231999998,-8.710814469999946],[116.77079772000002,-8.711528779999924],[116.77036285000008,-8.711921679999932],[116.77025603000016,-8.712020869999947],[116.76973725000005,-8.712405199999864],[116.76947785000004,-8.71242330999985],[116.76905060000001,-8.712375659999907],[116.76867675000005,-8.71227646999995],[116.76825714000006,-8.712060909999877],[116.76811982000015,-8.71192549999995],[116.76802064000003,-8.711690909999902],[116.76802825000004,-8.711543079999956],[116.76808167000002,-8.711225519999857],[116.76796721999995,-8.7107000499999],[116.76806640999996,-8.710387209999851],[116.76846315000012,-8.709352489999958],[116.76865386000009,-8.70904349999995],[116.76870727000005,-8.708943369999929],[116.7689437900001,-8.708516139999858],[116.76925658000005,-8.707994459999952],[116.76976012000011,-8.707355509999957],[116.77033998000013,-8.706739409999955],[116.77072905,-8.706407549999938],[116.77113341000006,-8.706181509999851],[116.77147674000003,-8.706104279999863],[116.77182007,-8.70609284999989],[116.77238464000004,-8.70614717999996],[116.77259827000012,-8.706247329999883],[116.77280425000015,-8.70643138999992],[116.77337647000002,-8.70707033999986],[116.77362060999997,-8.70754909999988],[116.77359008999997,-8.707722659999945],[116.77345275000016,-8.708059309999896],[116.77324677000013,-8.708366389999924],[116.77300262000006,-8.708615299999906],[116.77276612000014,-8.708771689999935],[116.77256775000012,-8.708823219999942],[116.7722396800001,-8.708888049999928],[116.77211762000013,-8.709024419999935],[116.77201844000012,-8.709235200000023],[116.77187348000007,-8.709753989999854],[116.7718582,-8.709803559999898]]],[[[116.77112579000016,-8.689021099999934],[116.77103423000005,-8.689126019999946],[116.77085875000012,-8.689164149999954],[116.77059173999999,-8.689175609999836],[116.76986695000005,-8.689434979999817],[116.76969910000003,-8.689485539999907],[116.76947785000004,-8.689462649999882],[116.7694015400001,-8.689411169999914],[116.76937867000004,-8.68926047999986],[116.76944734000006,-8.68893528999996],[116.76969148000012,-8.688343029999885],[116.76986695000005,-8.687990199999888],[116.76996613999995,-8.687845239999888],[116.77037049,-8.687905329999921],[116.77084352000008,-8.68780137999994],[116.77104186999998,-8.687758439999925],[116.77114104999998,-8.687778479999906],[116.77124785000012,-8.687900539999873],[116.77131652000014,-8.688097939999864],[116.7712707500001,-8.688197129999878],[116.77120208000008,-8.68826673999996],[116.7711791800001,-8.68887328999989],[116.77112579000016,-8.689021099999934]]],[[[116.7295608500001,-8.683796879999875],[116.72957610000014,-8.683928489999914],[116.72951507000005,-8.684017179999898],[116.72938537000016,-8.684128769999916],[116.72933960000012,-8.684239389999902],[116.72946166000008,-8.684375769999917],[116.72954559000004,-8.685027119999859],[116.72947692000002,-8.685109139999895],[116.72874451000007,-8.685928349999926],[116.72834777000003,-8.686289779999925],[116.72828674000016,-8.686359399999901],[116.72806549999996,-8.686633109999889],[116.72800445000007,-8.686762809999948],[116.72795867000002,-8.686875339999858],[116.72778320000009,-8.686998369999912],[116.72743222999998,-8.68729495999986],[116.72679140000002,-8.687623009999925],[116.72666167,-8.687643049999906],[116.72647858999994,-8.687642109999956],[116.72628022000004,-8.687800409999909],[116.72617341000011,-8.687849039999946],[116.72592163000002,-8.68779086],[116.72579193000001,-8.687751759999912],[116.72567748999995,-8.687826139999913],[116.72554779000006,-8.687979699999914],[116.72556307000002,-8.68803308999992],[116.72559358000012,-8.688062659999957],[116.72554017000016,-8.688228609999896],[116.72545624000009,-8.688294399999961],[116.72510526999997,-8.688252449999936],[116.72497556999997,-8.688154229999896],[116.7243042,-8.68781090999994],[116.72424317000014,-8.687772749999851],[116.72432706999996,-8.687500969999917],[116.72438049000004,-8.687350260000017],[116.72444154000016,-8.687191979999852],[116.72448729000007,-8.687078479999911],[116.72449493,-8.686985019999952],[116.72436525000012,-8.68688201999987],[116.72417450000012,-8.686718949999886],[116.72416687999998,-8.686660769999946],[116.72424317000014,-8.686549179999872],[116.72447966999994,-8.686473859999865],[116.72476195000002,-8.686409959999878],[116.72491457000001,-8.686333669999897],[116.72502899000006,-8.686180109999896],[116.72523497000009,-8.685896889999924],[116.72534180000002,-8.685826309999925],[116.72563936000017,-8.685832979999873],[116.72590637000008,-8.68587301999986],[116.72605895000004,-8.685841569999866],[116.72621154,-8.68575763999985],[116.72624970000004,-8.685662269999852],[116.7263641400001,-8.68545531999996],[116.72660826000003,-8.685243619999937],[116.72718047000012,-8.684894539999902],[116.72734833000015,-8.68480872999993],[116.72753908000016,-8.684536949999938],[116.72760773000016,-8.684249859999852],[116.72772217,-8.684025759999884],[116.72792054000001,-8.683841709999854],[116.72813414999996,-8.68370818999989],[116.72844696000016,-8.683594689999836],[116.7289505,-8.683560349999937],[116.72946166000008,-8.683734879999918],[116.7295608500001,-8.683796879999875]]],[[[116.731658078,-8.682267980999939],[116.73165104300006,-8.682299043999933],[116.73160771300002,-8.68235176199994],[116.7315679620001,-8.6823686809999],[116.73152771800005,-8.682385809999914],[116.73145550100003,-8.682413266999959],[116.73135328600006,-8.682475869999905],[116.731278847,-8.682567028999927],[116.73122848000003,-8.682651963999945],[116.73115293,-8.682764722999934],[116.73105812200015,-8.682840871999929],[116.73092035399998,-8.68293019999993],[116.7308618400001,-8.682982917999936],[116.73080554700016,-8.683015134999948],[116.7307574030001,-8.68305540599988],[116.7307203680001,-8.683100801999956],[116.73069890800014,-8.683131350999872],[116.730683334,-8.683153519999848],[116.73065229500003,-8.683179293999956],[116.73062778200006,-8.68319964899996],[116.73057667500007,-8.683244312999875],[116.73053371499998,-8.683291173999862],[116.73050038400004,-8.683332908999944],[116.73048927399998,-8.683354874999907],[116.73048186699998,-8.683377572999916],[116.73048483000014,-8.683395877999942],[116.73050112500016,-8.683425897999939],[116.73052334500005,-8.683456649999869],[116.73055445400007,-8.68348227699994],[116.73056704600003,-8.683507171999906],[116.73056038000016,-8.683543049999912],[116.73054038100008,-8.683584052999947],[116.73051149399998,-8.683596499999908],[116.73045446100002,-8.683592838999857],[116.73041418000014,-8.683588107999924],[116.73037965200012,-8.683584052999947],[116.73034187700011,-8.683573069999909],[116.73030484200001,-8.683555496999873],[116.73027003000016,-8.68351595799993],[116.73023151400014,-8.68347275899987],[116.730214478,-8.683394413999906],[116.73021892299994,-8.683280190999938],[116.73023521800008,-8.68317621899996],[116.73026197900003,-8.68309685399987],[116.73024750000002,-8.682917589999875],[116.73022460000016,-8.68276976999988],[116.72991178999996,-8.682558059999849],[116.72987366000007,-8.682442669999944],[116.72998810000013,-8.682316789999902],[116.73008726000012,-8.682266229999868],[116.73019409000005,-8.682259559999864],[116.73023224000008,-8.682203289999904],[116.73026276000007,-8.682110780000016],[116.7304687400001,-8.681988719999936],[116.73059844000011,-8.681789379999941],[116.73068236999995,-8.681626339999866],[116.73087310000017,-8.68149375999991],[116.73087876299996,-8.681491664999953],[116.73090665099994,-8.681472022999912],[116.73095220400012,-8.68145554799986],[116.73102219900011,-8.681425893999915],[116.73113219100014,-8.681392944999914],[116.73116885499996,-8.681397337999954],[116.731208852,-8.681418205999876],[116.73122662900016,-8.68144236899991],[116.73122944300007,-8.681468337999945],[116.73122996200016,-8.681473120999897],[116.73121440700004,-8.681492890999948],[116.73119774199995,-8.68151375799988],[116.73117552099995,-8.681548903999953],[116.73116330000016,-8.6815752629999],[116.731152189,-8.681616998999914],[116.73115885599998,-8.681645554999875],[116.73118329800002,-8.68167411099995],[116.73121440700004,-8.681696076999856],[116.73127107000016,-8.681702665999865],[116.731345509,-8.681733418999954],[116.73142439200012,-8.681738909999865],[116.73146661199996,-8.681724631999941],[116.73152216300014,-8.681697174999954],[116.73157104900008,-8.681671913999935],[116.73162215599996,-8.68164665299986],[116.73165993099997,-8.681640062999861],[116.73168659600015,-8.681658733999882],[116.73169326200014,-8.681685093999931],[116.73169215100006,-8.681711452999878],[116.73169326200014,-8.681747696999878],[116.73169413200003,-8.68174868899996],[116.73170770499996,-8.68176417099994],[116.73173325899995,-8.681780645999936],[116.7317543690001,-8.681803709999883],[116.73174325800017,-8.681872902999942],[116.73174325800017,-8.681931112999848],[116.73172325999997,-8.681980536999959],[116.73169770599998,-8.682032156999867],[116.73168658400004,-8.682050761999903],[116.731668819,-8.68208048199989],[116.731668819,-8.68213429899987],[116.73167104100014,-8.682163952999929],[116.73166770800015,-8.682225457999891],[116.731658078,-8.682267980999939]]],[[[116.803910653,-8.776835941999934],[116.80353734599998,-8.776440653999941],[116.80286909000006,-8.775835256999926],[116.80241396000008,-8.7751607699999],[116.80164337000008,-8.774315829999864],[116.80120850000003,-8.773834249999936],[116.80078125,-8.773253449999913],[116.80023584000014,-8.77269951999989],[116.79993184,-8.772390768999855],[116.79919432999998,-8.771641729999942],[116.79838564,-8.77078532999991],[116.7983245900001,-8.770727149999857],[116.798307089,-8.770711005999942],[116.79738778400008,-8.76982116299996],[116.7971728,-8.769597161999911],[116.79692615099998,-8.769350101999919],[116.79677116200003,-8.769187042999874],[116.79654784399997,-8.76901080599987],[116.79638118900016,-8.768847746999882],[116.79617453699996,-8.768646803999957],[116.79581123000003,-8.768366801999889],[116.79541792500004,-8.768057152999916],[116.79470130899995,-8.767635501999848],[116.7941387190001,-8.76725013599986],[116.79380970600016,-8.767039260999923],[116.793203082,-8.76663407999996],[116.79259312600004,-8.766238780999856],[116.79214712099997,-8.765983010999946],[116.79076385999997,-8.76543904999994],[116.79039765000005,-8.765341779999915],[116.7898636000001,-8.765288359999886],[116.78894044000015,-8.765359879999949],[116.78771211000014,-8.765528679999875],[116.78745269000012,-8.76560590999992],[116.78734151700007,-8.765682153999876],[116.78732165400015,-8.765695777999952],[116.78732146000004,-8.765695909999863],[116.7871856700001,-8.76578902999995],[116.78704071000016,-8.765949239999884],[116.78691101000004,-8.766279219999888],[116.78676604999998,-8.766632079999908],[116.78657533,-8.76705168999996],[116.78646088000016,-8.767310119999934],[116.78627014999995,-8.767567639999925],[116.78521730000011,-8.768419269999868],[116.78489683999999,-8.768707279999887],[116.78440094000007,-8.769283289999862],[116.78411103000008,-8.769693369999857],[116.78386688000012,-8.770133979999912],[116.78354645000002,-8.770706189999942],[116.78321838000011,-8.771368979999863],[116.78282167000009,-8.77274131999991],[116.78256226999997,-8.773445119999849],[116.78235626000014,-8.773783689999902],[116.78195190000008,-8.774382589999902],[116.78178404000005,-8.77462482999988],[116.78165434000016,-8.77473735999996],[116.78154754000002,-8.77476216999986],[116.78141784000013,-8.774681089999888],[116.78134154999998,-8.774553299999923],[116.781044,-8.77409076999993],[116.78083801000014,-8.77375984999992],[116.78076171999999,-8.773548129999938],[116.78068543999996,-8.773238189999915],[116.78054810000015,-8.773015979999911],[116.78041078000012,-8.772803289999956],[116.7803421100001,-8.772276879999936],[116.78030394999996,-8.772081359999902],[116.77978518000009,-8.77108667999994],[116.77938844000005,-8.770025259999954],[116.77905272999999,-8.769227989999933],[116.7788925100001,-8.768951389999927],[116.77850340999998,-8.76858521999992],[116.77819062000015,-8.768367769999884],[116.77796936000004,-8.768210409999938],[116.77782439999999,-8.768040669999891],[116.77776337000012,-8.76785754999986],[116.77777863000006,-8.767693519999852],[116.77793884000005,-8.7674179199999],[116.77804566999998,-8.767268169999852],[116.7780838,-8.767122269999959],[116.77804566999998,-8.767004009999937],[116.77790068000013,-8.76689814999986],[116.77770234000002,-8.766798960000017],[116.77761335900004,-8.766793022999877],[116.77755669700014,-8.76679466999991],[116.7774467050001,-8.766760081999905],[116.77739670799997,-8.766730433999953],[116.77734337900006,-8.766605255999877],[116.77731671400011,-8.766511372999958],[116.77730838100001,-8.76640266599992],[116.77734671200005,-8.766275839999878],[116.77739337499997,-8.766209956999944],[116.777445038,-8.766158897999901],[116.77748670200015,-8.766081484999916],[116.777501701,-8.766017248999901],[116.7775067,-8.76593160099992],[116.77749336800014,-8.765829481999901],[116.77746837000007,-8.76576853899985],[116.7774483710001,-8.765664772999855],[116.77745837000009,-8.765579124999874],[116.77748503500004,-8.765475358999936],[116.77755336400014,-8.765397945999894],[116.777640024,-8.765355121999903],[116.77773335100017,-8.765323826999918],[116.77782001100002,-8.765302414999894],[116.77783918,-8.765288438999903],[116.77787084099998,-8.765265355999873],[116.77789000600012,-8.765244766999956],[116.77792500400017,-8.765200295999932],[116.77793833600003,-8.765144294999914],[116.77794524600006,-8.765080649999959],[116.77794875200016,-8.765048351999951],[116.77795458499997,-8.765010880999853],[116.77797416700002,-8.764968056999862],[116.77800871800014,-8.764926044999868],[116.77808457599997,-8.764887349999924],[116.77814457199997,-8.764844524999944],[116.77818790200001,-8.764785229999916],[116.77819790100011,-8.764702875999944],[116.7782045670001,-8.764597461999927],[116.77825789700012,-8.764419576999956],[116.77832666400002,-8.764228897999885],[116.77850340999998,-8.764021879999916],[116.77893726900015,-8.763743764999901],[116.77899951099994,-8.763729445999957],[116.77911616900008,-8.76368662199991],[116.77922116200011,-8.763653679999948],[116.7793594850001,-8.763586148999934],[116.77943114699997,-8.763536736999924],[116.77956280399997,-8.763465911999958],[116.77971703000014,-8.763372905999859],[116.77984618000016,-8.763315199999909],[116.78009033000012,-8.763158809999936],[116.7801053280001,-8.763143904999936],[116.78014942900006,-8.763143904999936],[116.78017442700002,-8.76315708199985],[116.78022442300005,-8.763160375999973],[116.78030108500002,-8.763143904999936],[116.78036941300002,-8.763112609999894],[116.78043607500001,-8.763051667999946],[116.78045607399997,-8.762992371999928],[116.78049107100014,-8.76292978299989],[116.780509403,-8.762885310999934],[116.78055940000002,-8.762849074999849],[116.780629395,-8.762816132999887],[116.78069272300013,-8.762761778999959],[116.78075271900002,-8.762681070999918],[116.78079604899995,-8.762583068999959],[116.78084604600008,-8.76250894999987],[116.78086354499999,-8.762428241999942],[116.78086771100016,-8.762356592999879],[116.78083688000004,-8.762244178999936],[116.78082688099994,-8.762217824999937],[116.78081563100011,-8.762200942999868],[116.78080021599999,-8.762183235999942],[116.78078813299999,-8.762176647999922],[116.78076063499998,-8.762175000999946],[116.78074230300012,-8.762182412999948],[116.78072772099995,-8.762193530999923],[116.78071063900018,-8.762207118999868],[116.7806923070001,-8.762212883999894],[116.78066730900014,-8.762209177999864],[116.78065522600014,-8.762196412999856],[116.78064856000003,-8.762180765999915],[116.78064439400009,-8.762171294999916],[116.78064272699999,-8.762156470999855],[116.78063863399996,-8.762137555999914],[116.78063967000003,-8.76212978999996],[116.78066253999998,-8.76197051999992],[116.78069312499997,-8.76183041299987],[116.78071730500017,-8.761816756999906],[116.78075396899999,-8.761777226999925],[116.78078896700003,-8.761734401999945],[116.78081229800011,-8.761673458999951],[116.78082229800009,-8.761628987999927],[116.78082063099998,-8.76154333799991],[116.780807299,-8.761487336999892],[116.780807299,-8.761424746999865],[116.78082229800009,-8.761373686999946],[116.78084396300017,-8.76131933299996],[116.78085729500003,-8.761260036999943],[116.78088395999998,-8.761195799999939],[116.78088395999998,-8.761141444999907],[116.780886593,-8.761103713999887],[116.78089562600007,-8.761080502999903],[116.78093728900012,-8.760933910999938],[116.78096395400007,-8.760861437999893],[116.78095395499997,-8.76079225999996],[116.78098395300003,-8.760716492999904],[116.78103061600007,-8.760627548999935],[116.78110394400005,-8.760551781999936],[116.78117393900015,-8.760403542999939],[116.78118393800014,-8.760258596999961],[116.78114727399998,-8.760067532999926],[116.78105061500003,-8.759855055999935],[116.78102561599997,-8.759800701999893],[116.78098395300003,-8.759747993999952],[116.78095895399997,-8.759721639999952],[116.78086896100012,-8.759649167999953],[116.78081729799999,-8.759598106999931],[116.78078396700016,-8.759527280999919],[116.78075480200016,-8.759469632999924],[116.78072813800009,-8.759411983999883],[116.78068897399999,-8.759349393999855],[116.78063564400009,-8.759302450999883],[116.78058513199994,-8.759286453999891],[116.7805281520001,-8.759287626999878],[116.78050482000003,-8.759261272999936],[116.78048148799996,-8.759225036999851],[116.7804648230001,-8.75919209499989],[116.78049148800005,-8.759154210999952],[116.78053648499997,-8.759108091999849],[116.7805948140001,-8.759035618999917],[116.78065411800003,-8.758938906999902],[116.78066147600009,-8.7589269099999],[116.78070147300014,-8.75883961299985],[116.78069814000014,-8.758739138999886],[116.78067647500018,-8.758656782999935],[116.780653143,-8.758525013999929],[116.78053648499997,-8.758257357999923],[116.780511919,-8.75820594399994],[116.78050815300014,-8.758198061999906],[116.78049315400006,-8.758163471999865],[116.78051898600017,-8.758108293999953],[116.780557284,-8.758078385999852],[116.780586481,-8.758055585999898],[116.78061647899995,-8.758001230999866],[116.780649047,-8.757929496999907],[116.78067480799996,-8.75787275599987],[116.78076480200014,-8.757788752999943],[116.78079946900004,-8.757763],[116.78089229300008,-8.757694043999948],[116.78095478800003,-8.757632276999914],[116.78103561600017,-8.757540037999888],[116.78108394600008,-8.75746838899994],[116.78121060299998,-8.757334147999927],[116.78130309699998,-8.757249321999893],[116.78140013300003,-8.757177871999943],[116.78145804400003,-8.757135231999882],[116.78149215300016,-8.75711596799988],[116.78153955300002,-8.757088823999936],[116.78157897799997,-8.757068683999876],[116.78163257900007,-8.757048543999929],[116.78168219300005,-8.757035409999958],[116.781728263,-8.757027528999856],[116.78176881000002,-8.7570333299999],[116.78184078100003,-8.757053797999902],[116.78189393900016,-8.757064305999961],[116.78194532500015,-8.757050295999875],[116.78201797400004,-8.757024025999897],[116.78205695600002,-8.756987249999895],[116.78208885100014,-8.75694872199989],[116.782142895,-8.75685677999985],[116.78219250899997,-8.756765712999936],[116.78221731600001,-8.756664138999895],[116.782241237,-8.756460114999868],[116.7822306060001,-8.756318261999866],[116.78216150000003,-8.75613087499994],[116.78207999200004,-8.755913715999895],[116.78205341300009,-8.755757851999874],[116.78205164100007,-8.755675541999892],[116.78211011400003,-8.755528433999928],[116.7822306060001,-8.75530076699988],[116.78235109699995,-8.75508185699988],[116.78241488699996,-8.754990789999908],[116.78248753599996,-8.754943504999915],[116.78258144799997,-8.75489622099991],[116.78270446900012,-8.754843682999933],[116.78335570000002,-8.75468538999985],[116.78382872999998,-8.754580499999918],[116.78410339000015,-8.75447081999988],[116.78427089000013,-8.754359449999924],[116.78435206600011,-8.754249775999881],[116.78436281000006,-8.754235259999916],[116.78439332000016,-8.754066459999933],[116.78438568000001,-8.754010219999941],[116.7843405750001,-8.753659089999928],[116.78426832600007,-8.753565240999933],[116.78418681800008,-8.75344965599993],[116.78405215100008,-8.753235997999923],[116.78389267700015,-8.752899749999926],[116.78377041399995,-8.752528474999906],[116.78371725600016,-8.752339334999931],[116.78364992200011,-8.752139686999897],[116.78355069400004,-8.751899758999855],[116.78343729100015,-8.75160203799993],[116.7831006240001,-8.750943548999885],[116.782926975,-8.750607297999863],[116.78274623800007,-8.750313078999852],[116.78257613200003,-8.75005038299986],[116.78238476399997,-8.749721135999891],[116.782232378,-8.749432169999807],[116.78212355899996,-8.749248179999938],[116.78193297200016,-8.74889345199989],[116.781633038,-8.748419476999857],[116.78139157400005,-8.748082723999858],[116.78099012100017,-8.747605413999906],[116.7799442700001,-8.74636088899996],[116.77926876200013,-8.745599529999936],[116.778077736,-8.74438135399987],[116.77759480700013,-8.7438835399999],[116.77733112299995,-8.74385718499991],[116.77706151200016,-8.74370198399987],[116.77685412000017,-8.743435506999958],[116.77682152900002,-8.743391581999958],[116.77671190700005,-8.74335937099994],[116.77657265799996,-8.743365226999913],[116.77648377600008,-8.743467717999863],[116.77643933399997,-8.743537997999908],[116.77632675000007,-8.743581922999908],[116.77621120200013,-8.74351164299992],[116.77618453800005,-8.743435506999958],[116.776196389,-8.743362298999955],[116.77627045700012,-8.743256878999887],[116.77638600500006,-8.743130960999906],[116.77643044599995,-8.743025541999941],[116.77639489300009,-8.742931834999922],[116.77589566899996,-8.742573114999914],[116.77489471000001,-8.742010119999861],[116.77452087000006,-8.741770739999879],[116.77397116999998,-8.741363759999956],[116.7736282300001,-8.74110985999988],[116.77316283999994,-8.740768439999897],[116.77272797,-8.740454659999955],[116.77246857,-8.740283009999871],[116.77214814000001,-8.740157129999943],[116.77187283300009,-8.740107726999952],[116.77137755000001,-8.740018849999956],[116.77103423000005,-8.740004529999908],[116.77066802000013,-8.740105630000016],[116.77062225000009,-8.740127559999905],[116.77062987,-8.740264899999886],[116.77066802000013,-8.740488049999954],[116.77065277000008,-8.740648269999895],[116.77054597000017,-8.74076749999989],[116.77044678000004,-8.740889559999857],[116.77022551000005,-8.741013529999918],[116.76981354000009,-8.741123209999955],[116.76964568000005,-8.741150869999899],[116.76950073,-8.741253849999907],[116.76940918000003,-8.741413119999947],[116.7692718400001,-8.741933829999937],[116.76918030000013,-8.74217509999994],[116.76867675000005,-8.742705329999922],[116.76846315000012,-8.742898939999861],[116.76826477999998,-8.743012409999949],[116.76799774000017,-8.743062029999862],[116.76766205000013,-8.743018169999857],[116.7665863200001,-8.742638569999826],[116.76620484000011,-8.742490759999953],[116.7660064700001,-8.742362009999852],[116.76584624999998,-8.742189409999867],[116.76575467999999,-8.741976719999855],[116.76556398000002,-8.741217629999937],[116.76553344000001,-8.740918159999921],[116.76556398000002,-8.740763649999849],[116.76559449000013,-8.740660649999938],[116.76570891000017,-8.740411769999866],[116.76591492000011,-8.740165709999928],[116.76621248000004,-8.739919659999941],[116.76646424000012,-8.739786139999865],[116.76701355000012,-8.739658349999956],[116.76755521999996,-8.739618309999855],[116.76779937000003,-8.739615459999868],[116.76799774000017,-8.739543929999911],[116.76815034000015,-8.739422789999935],[116.76833342999998,-8.739063259999853],[116.76835631999995,-8.738956459999883],[116.76837920000014,-8.7388772999999],[116.7683639600001,-8.738718989999882],[116.76828001000001,-8.738564479999866],[116.76819611000008,-8.738496779999878],[116.76809692000018,-8.738503449999882],[116.76791383000011,-8.738617899999952],[116.76757051000016,-8.73870085999988],[116.76718138000012,-8.73873900999996],[116.76689911000005,-8.738694179999868],[116.7666549700001,-8.738604549999934],[116.76634979000005,-8.73836040999987],[116.76604462,-8.737963669999885],[116.76593782000009,-8.737492569999915],[116.76597594999998,-8.737282739999955],[116.76591492000011,-8.737101539999912],[116.76605224000014,-8.736832609999851],[116.76614381000002,-8.736660959999938],[116.76615142000014,-8.736563659999888],[116.76582335,-8.736690510000017],[116.76549531,-8.736763939999946],[116.76519774999997,-8.736745829999961],[116.76482391000013,-8.73672960999994],[116.76440430000002,-8.736832609999851],[116.76420592000011,-8.736856449999948],[116.76392365000004,-8.73678016999986],[116.76361848,-8.736758239999915],[116.76345824000009,-8.736751559999902],[116.76329041000008,-8.736683859999914],[116.76319121999995,-8.736598],[116.76316835000011,-8.736504569999909],[116.76322934999996,-8.736395829999935],[116.76336670000012,-8.736284239999861],[116.76356506000002,-8.736269009999944],[116.76384736000011,-8.736207949999937],[116.76479339000002,-8.736060139999893],[116.76522826999997,-8.735962869999923],[116.76548003000005,-8.735867499999927],[116.76564026000017,-8.735093099999915],[116.76570891000017,-8.734916689999864],[116.76581574000011,-8.734801299999901],[116.76593017999994,-8.734754559999942],[116.76604462,-8.734775549999938],[116.76619720000008,-8.734925269999849],[116.76628876999996,-8.73502730999985],[116.76645659999997,-8.735077869999884],[116.76666261000003,-8.73505114999989],[116.76705932000016,-8.734865209999953],[116.76770018000002,-8.734581939999885],[116.76782227000001,-8.734474169999942],[116.76800536000007,-8.734051699999952],[116.76853944000004,-8.732008929999893],[116.76858518000006,-8.731638909999901],[116.76855467000007,-8.731387149999932],[116.76847838000015,-8.731200209999827],[116.76828767999996,-8.73102567999996],[116.76809692000018,-8.730948449999914],[116.76779937000003,-8.730899809999869],[116.76764679000007,-8.730814929999951],[116.76753235000001,-8.730657569999892],[116.76742553000008,-8.730490689999954],[116.76623534999999,-8.730174050000016],[116.76598357000012,-8.730095849999941],[116.76584624999998,-8.730012889999955],[116.76574707000009,-8.729866029999869],[116.76571655000009,-8.72964286999985],[116.76569368000014,-8.729477889999885],[116.76560973000005,-8.72916507999986],[116.76561736999997,-8.729006779999906],[116.76575467999999,-8.728725439999891],[116.76585387,-8.728605269999889],[116.76596833000008,-8.728547099999957],[116.76630402,-8.728608119999876],[116.76696014000004,-8.728771219999942],[116.76748657999997,-8.728788379999855],[116.76794435,-8.728779779999854],[116.76861571999996,-8.72894477999995],[116.76879884000016,-8.728981019999935],[116.76902770000015,-8.728915209999911],[116.76924897000015,-8.728709219999871],[116.76952362000009,-8.728323939999882],[116.7698516700001,-8.72776794999993],[116.77015684000014,-8.727345459999924],[116.77024177400006,-8.727247796999961],[116.77053835000004,-8.726906769999857],[116.77079011000012,-8.726652159999958],[116.77127837,-8.72618579999994],[116.77150725000013,-8.725855839999952],[116.77158354000005,-8.72573661999985],[116.77175900999998,-8.7256660299999],[116.77188109999997,-8.725677469999937],[116.7722396800001,-8.72594259999994],[116.77276612000014,-8.726568229999941],[116.77296449000005,-8.726782800000024],[116.7731781,-8.726919169999917],[116.7735672,-8.727042199999914],[116.77406312000005,-8.727093699999898],[116.77435301000003,-8.727055549999932],[116.77477265000005,-8.726960179999935],[116.77548216000002,-8.727014559999816],[116.77570343000002,-8.727034559999879],[116.77587128000005,-8.726985929999955],[116.77613066000004,-8.726801849999902],[116.77629090000016,-8.726595869999926],[116.77640534,-8.726429919999873],[116.77651978000006,-8.726347929999918],[116.77665710000008,-8.726329819999933],[116.77691649999997,-8.726486209999905],[116.77704620000009,-8.726567259999854],[116.77717589999997,-8.726577749999933],[116.7773361400001,-8.726451869999892],[116.77751922000016,-8.726255419999916],[116.77774811000006,-8.726115219999826],[116.77796174000002,-8.726054189999957],[116.77816011000004,-8.726070419999871],[116.77844238,-8.72618768999996],[116.77868651999995,-8.726354599999922],[116.77905272999999,-8.726894389999927],[116.77982330999998,-8.727505679999865],[116.78012848000003,-8.727735529999961],[116.78026582000007,-8.727879519999874],[116.7803421100001,-8.728217139999856],[116.78038024000011,-8.728344929999935],[116.78049467999995,-8.728453639999884],[116.78062438000006,-8.728482249999956],[116.78087617000006,-8.728384969999865],[116.78121184999998,-8.728129389999879],[116.78137207000009,-8.727971089999926],[116.78136444999996,-8.727430359999858],[116.78139497000006,-8.72719764999988],[116.78146363999997,-8.727016449999894],[116.78160857000012,-8.726861],[116.78195190000008,-8.726721769999926],[116.78200445000016,-8.726699579999888],[116.78209686000002,-8.726659769999856],[116.78217317000008,-8.726536769999939],[116.78215026999999,-8.72608946999992],[116.78211213999998,-8.725730909999925],[116.78215026999999,-8.72544],[116.7825775,-8.724596029999816],[116.7827072,-8.724346159999925],[116.78279877,-8.72366905999985],[116.78286744000002,-8.723382939999908],[116.78296662000002,-8.723171239999886],[116.78372954000008,-8.722392079999906],[116.78408048999995,-8.722058279999885],[116.78448487000003,-8.721788409999874],[116.78500364000001,-8.721528059999912],[116.78523756000016,-8.721410679999906],[116.78543089999994,-8.721313489999943],[116.78567504000011,-8.721191410000017],[116.7857971300001,-8.721076019999884],[116.78587341000002,-8.720795609999868],[116.7858863570001,-8.720460243999923],[116.78590393000002,-8.720005029999925],[116.78589631000011,-8.719790459999956],[116.78578947999995,-8.71958732999991],[116.78549195000005,-8.719274509999877],[116.78529967999998,-8.719141889999946],[116.78528597000013,-8.719132429999945],[116.784751089,-8.71896126099989],[116.784523,-8.718888269999923],[116.78389740000011,-8.718708029999902],[116.78340149999997,-8.718530649999877],[116.78311157999997,-8.718376139999918],[116.78288479599996,-8.718140379999909],[116.78279877,-8.718050949999906],[116.78266144999998,-8.717845929999896],[116.7825698800001,-8.71759032999995],[116.78255463000005,-8.717429169999946],[116.78282927999999,-8.717020989999924],[116.78291321000006,-8.716900819999864],[116.78292082999997,-8.716793049999922],[116.78285215999995,-8.71669198],[116.78108979000001,-8.716590879999956],[116.78101380099997,-8.716581638999912],[116.78077225900006,-8.716613728999903],[116.78060229599998,-8.716629001999934],[116.78041688099995,-8.716679910999858],[116.780195413,-8.716651910999872],[116.78003575000002,-8.716565364999894],[116.77985548599997,-8.716522091999877],[116.77967007100006,-8.716527182999926],[116.779541311,-8.716522091999877],[116.77943572699996,-8.716448273999902],[116.779368772,-8.716290454999921],[116.7793739220001,-8.71600027199986],[116.779415126,-8.715720270999952],[116.77959538999994,-8.715228994999904],[116.77981170800012,-8.714864991999889],[116.77998424600003,-8.714674080999941],[116.78008210400014,-8.714630807999868],[116.78014648399994,-8.714674080999941],[116.78018253699997,-8.714750445999925],[116.78017481200015,-8.714847173999942],[116.78017481200015,-8.714910810999868],[116.78017481200015,-8.715002447999893],[116.78014648399994,-8.715183175999925],[116.78012330700005,-8.715292631999944],[116.78040915500003,-8.715343540999868],[116.78083406400015,-8.715396995999868],[116.78109496400009,-8.715414259999875],[116.78148651000015,-8.715386389999878],[116.78197480000006,-8.715333919999864],[116.78237915000011,-8.715295789999914],[116.78283692000014,-8.7152986399999],[116.78330231000007,-8.71534537999986],[116.78356932999998,-8.715335829999958],[116.78373718,-8.715275769999948],[116.78392030000009,-8.715093599999875],[116.7840194800001,-8.714898129999881],[116.78402875000018,-8.71480253999988],[116.78404236000006,-8.71465013999989],[116.78404236000006,-8.714303959999938],[116.78408815000012,-8.714107499999955],[116.78427886000009,-8.713809029999936],[116.78445433000002,-8.71364211999986],[116.78495025999996,-8.71344470999992],[116.78528597000013,-8.713358869999922],[116.78556062000007,-8.713343619999876],[116.78577423000002,-8.713388449999854],[116.78602598999998,-8.713484759999915],[116.78610994000007,-8.713484759999915],[116.78620148000016,-8.713394149999885],[116.78635406,-8.712965009999891],[116.78638460000002,-8.712807649999945],[116.78636756000003,-8.71273354799996],[116.7863464400001,-8.712641699999892],[116.78624161900007,-8.71250879799993],[116.78619567600003,-8.712473992999946],[116.78611864499999,-8.712434456999858],[116.78600457899995,-8.712364171999923],[116.78594680499998,-8.71231731399996],[116.78588014299999,-8.712261671999954],[116.78583422100007,-8.71221627899996],[116.78578237199997,-8.712162099999887],[116.78571274800004,-8.712081564999892],[116.785680158,-8.712044957999922],[116.78564460500002,-8.711993707999909],[116.78560757000002,-8.711949778999951],[116.785569054,-8.71192927899989],[116.78549350399999,-8.711889743999848],[116.785419435,-8.711847278999869],[116.78533203400002,-8.711794564999877],[116.78524167,-8.711731600999883],[116.78515723200007,-8.711665707999941],[116.78507995000007,-8.711591719999944],[116.78417967000007,-8.710603719999938],[116.78375244000006,-8.710108759999912],[116.78339138000001,-8.709709849999854],[116.78299714000002,-8.709274289999883],[116.78266144999998,-8.708924289999857],[116.7826546550001,-8.708913656999869],[116.78260334000015,-8.708868179999854],[116.78242409300015,-8.70867928599995],[116.78228928800013,-8.708515284999862],[116.78219299900002,-8.708364461999906],[116.78207597000005,-8.708193138999945],[116.78201227099999,-8.708095030999914],[116.781834506,-8.70782852799988],[116.781633038,-8.70754591799988],[116.78148193799996,-8.707358487999898],[116.78132491200006,-8.707178377999924],[116.78109381800016,-8.706923589999917],[116.78097975200012,-8.706803516999912],[116.780844946,-8.7066702649999],[116.78067162499997,-8.706516512999883],[116.780389367,-8.706256072999906],[116.77993011000012,-8.705911619999938],[116.77957917000003,-8.705622669999912],[116.77931215000001,-8.705309879999959],[116.7792310530001,-8.705173197999954],[116.77915932600013,-8.705082039999922],[116.77905266700009,-8.704987591999952],[116.77893711900015,-8.704912911999884],[116.77872380100007,-8.704741586999944],[116.77860381000016,-8.70462078099996],[116.77855936800006,-8.704521939999893],[116.778548258,-8.704403330999924],[116.77856603500015,-8.704212237999911],[116.77859047700008,-8.704016751999916],[116.77857270100003,-8.703823461999889],[116.77854238099997,-8.703627752999864],[116.77849492899998,-8.70347861499988],[116.77841937799997,-8.703373184999862],[116.77830160899998,-8.703274342999919],[116.77810939999995,-8.703237002999856],[116.7779971860001,-8.70323260999993],[116.77788719400007,-8.70321503799994],[116.77780831099994,-8.703195269999867],[116.77774609300002,-8.703179894999948],[116.77768276400002,-8.703155732999903],[116.77765054400015,-8.70313816199996],[116.77764054499994,-8.703098624999882],[116.77763499000014,-8.70304810599987],[116.77764276699997,-8.702996488999872],[116.77764686700016,-8.702952582999956],[116.77773004500011,-8.70289365899987],[116.77784608599995,-8.70291631699996],[116.77796385500005,-8.70294047799996],[116.77810384500015,-8.702947067999958],[116.77821939300009,-8.702892155999848],[116.77831271900016,-8.702804296999943],[116.77831439099998,-8.702797902999862],[116.77836382700013,-8.702608809999958],[116.77837493699997,-8.70246384199993],[116.7783616050001,-8.70236609899996],[116.77836604899994,-8.702036625999938],[116.77831271900016,-8.701601721999907],[116.77825939000013,-8.701228318999938],[116.77820606000012,-8.70077584199987],[116.77817939500017,-8.70045515399994],[116.778117178,-8.699971924999886],[116.77804607200005,-8.699501873999907],[116.7779971860001,-8.699031822999927],[116.77794385699997,-8.698539805999872],[116.77791719200002,-8.698135648999937],[116.77789052700007,-8.697757848999856],[116.77788163900004,-8.697639237999908],[116.77783719800016,-8.69748108899995],[116.77777498,-8.697314153999912],[116.77773053900012,-8.697028606999936],[116.77769498600014,-8.696765025999866],[116.77765943300005,-8.696584910999945],[116.777610547,-8.696365259999936],[116.77745056000015,-8.695831289999944],[116.77738953000005,-8.695656789999816],[116.7772905700001,-8.695187923999924],[116.77727057100003,-8.695036363999918],[116.77725057300006,-8.694876017999889],[116.7772305740001,-8.694704687999945],[116.77721946400004,-8.694593763999876],[116.77719279900009,-8.69447185599995],[116.77706280799998,-8.69421376399987],[116.77695837099998,-8.69405341699985],[116.77678584499995,-8.693853912999941],[116.77678171699995,-8.69384913999994],[116.77671814999997,-8.69385909999994],[116.77669814600006,-8.693855295999867],[116.77663617200005,-8.693871104999857],[116.77647618300011,-8.693878792999953],[116.77638285700016,-8.6939155849999],[116.77629341900001,-8.693942492999895],[116.77621120200013,-8.694043532999899],[116.77615565100007,-8.694100642999956],[116.77604010300001,-8.69420168299996],[116.775935666,-8.694241220999857],[116.7758378960001,-8.694247809999865],[116.775749013,-8.694212665999885],[116.77571346000013,-8.69417532499989],[116.77567568500012,-8.694091856999933],[116.77568235100011,-8.693997405999937],[116.77569790600012,-8.693896364999944],[116.7757334590001,-8.693810700999961],[116.77575123500014,-8.69375139399989],[116.77578456599997,-8.69365254999991],[116.77582551,-8.693547249999881],[116.775895387,-8.693334878999906],[116.775980108,-8.693211046999863],[116.77600010600008,-8.693059485999868],[116.77598677399999,-8.692923299999961],[116.77594122200014,-8.692791507999914],[116.775897891,-8.692739888999881],[116.77581123100015,-8.69265422399991],[116.7757712340001,-8.692570755999952],[116.77565568599994,-8.69249277799986],[116.77560124600006,-8.692452141999865],[116.77556124900002,-8.69237636199989],[116.77552014000014,-8.69228410699992],[116.77550125300002,-8.692208325999957],[116.77551270000004,-8.69207192999994],[116.7756271400001,-8.691919329999848],[116.77583313000002,-8.691772459999868],[116.77610778000007,-8.691621769999927],[116.77622223000014,-8.691520699999899],[116.776268,-8.691353809999953],[116.77628325,-8.691093449999926],[116.77631627999995,-8.690916409999886],[116.77633666999998,-8.690803529999926],[116.77632903000006,-8.690523139999868],[116.77592837600014,-8.689743458999942],[116.77565764999997,-8.689216619999854],[116.77465819000008,-8.687876699999947],[116.77454377000015,-8.687752729999886],[116.77423858999998,-8.687697409999942],[116.77400207000005,-8.687740319999932],[116.77388000999997,-8.68781090999994],[116.77375792999999,-8.688107489999936],[116.77370451000002,-8.688235279999958],[116.77352904000008,-8.68837165999986],[116.77321625000013,-8.688485159999914],[116.77291108000009,-8.688488979999875],[116.77271270999995,-8.688425069999937],[116.77248382000005,-8.688251509999873],[116.77204895,-8.687619209999866],[116.77195738,-8.6874360999999],[116.77189635000013,-8.687120449999895],[116.77187348000007,-8.686947829999895],[116.77249145999997,-8.685376149999911],[116.77283477000014,-8.684695249999947],[116.77305601,-8.684115419999955],[116.77317048000009,-8.683797819999938],[116.77331544000015,-8.683580399999926],[116.77359008999997,-8.683360099999959],[116.77377318000015,-8.68324279999996],[116.77391816000011,-8.683024409999916],[116.77407073999996,-8.682429299999967],[116.77413176999994,-8.68205547999986],[116.77407073999996,-8.681540479999853],[116.77406312000005,-8.681395539999869],[116.77433778,-8.680885329999853],[116.77441407000003,-8.680709859999922],[116.77435301000003,-8.679921159999935],[116.77424621,-8.679360389999886],[116.77406312000005,-8.67831801999995],[116.77399445000003,-8.677638059999936],[116.77400207000005,-8.677415849999932],[116.77408602000014,-8.677120209999885],[116.77425383000013,-8.676717759999917],[116.77430723999998,-8.676486969999928],[116.77425383000013,-8.676198959999851],[116.77410125000017,-8.675862329999916],[116.77381133999995,-8.67541217999991],[116.77371218000008,-8.675200459999928],[116.77367400000014,-8.674945819999948],[116.77365873999997,-8.674729339999942],[116.77312468000014,-8.673755649999862],[116.77295683000011,-8.673549659999878],[116.77295517000016,-8.673547689999907],[116.77288054000007,-8.673459039999955],[116.77279664000002,-8.673359849999883],[116.7725067,-8.673130989999947],[116.77219391000006,-8.672957429999883],[116.77180481000005,-8.672819139999945],[116.77108,-8.672679889999927],[116.7703323400001,-8.672622679999904],[116.77033151399996,-8.672622705999913],[116.76983400200004,-8.672584696999877],[116.76940736600011,-8.672694041999875],[116.76893727600009,-8.672869773999935],[116.768775312,-8.672988881999913],[116.76866865299996,-8.67311970499992],[116.76860096900009,-8.673188574999926],[116.76860435200001,-8.672833539999942],[116.76862952,-8.672027416999867],[116.76859396700002,-8.671119462999911],[116.768585079,-8.670677200999876],[116.76859989299999,-8.670227614999874],[116.76864433399999,-8.67019100399989],[116.76869618199999,-8.670169037999926],[116.76876432500012,-8.67015],[116.76885617100004,-8.670138283999961],[116.76899542000012,-8.670132425999952],[116.76912874400011,-8.67015585799993],[116.76930354600006,-8.670220292999943],[116.76968870400003,-8.67036673799987],[116.77002349500015,-8.670529291999912],[116.77049600800012,-8.670711776999894],[116.77087084200002,-8.670847075999916],[116.77155227499998,-8.671107746999894],[116.77183225500005,-8.671227831999886],[116.77238184500004,-8.671412351999948],[116.77243813799998,-8.67130691199992],[116.77249739299998,-8.671213186999921],[116.772521095,-8.671142893999956],[116.77251516900003,-8.671063813999922],[116.77251220699998,-8.670987662999892],[116.77249443000005,-8.670914440999866],[116.7724677650001,-8.670759208999925],[116.77244998900005,-8.670583475999933],[116.77243112100007,-8.670350627999937],[116.77378591000002,-8.670663269999864],[116.77506302000018,-8.670885379999959],[116.77545170999997,-8.670940909999956],[116.77634014000012,-8.670996429999946],[116.7771730400001,-8.670940909999956],[116.77817252,-8.67110748999994],[116.7788943600001,-8.671274069999868],[116.78056017000006,-8.672162489999948],[116.78161522000016,-8.672828989999914],[116.78184862000012,-8.673112319999916],[116.78239245999998,-8.673772769999857],[116.78241691000005,-8.673824979999893],[116.7825977,-8.67421204999988],[116.78316963999998,-8.675437969999905],[116.78316991999998,-8.675438569999926],[116.78405835000012,-8.676937789999897],[116.78455809000002,-8.677215429999876],[116.78600178,-8.677048849999949],[116.78622389000009,-8.677104369999938],[116.786446,-8.677826219999872],[116.78666810000004,-8.67865911999985],[116.78683467999997,-8.67988070999985],[116.78689021000014,-8.680824659999871],[116.78722337,-8.68182413999989],[116.78755652999996,-8.682657039999867],[116.78777863999994,-8.683989679999911],[116.78811180000014,-8.685211269999911],[116.78813936000006,-8.685219419999896],[116.78850049000016,-8.685322329999906],[116.78955549,-8.684878109999886],[116.79055497000013,-8.68448941999992],[116.79155445000004,-8.683767579999937],[116.79210971999998,-8.683378889999915],[116.7927205200001,-8.68332335999986],[116.79322026,-8.683267839999871],[116.79360894000001,-8.683434419999912],[116.79455289999999,-8.683934159999865],[116.79510817000005,-8.684100739999906],[116.79605212000001,-8.683823109999935],[116.79666291000012,-8.683601],[116.79777165000007,-8.683759389999864],[116.79782896999996,-8.683767579999937],[116.80005004000009,-8.683656519999886],[116.80066083999998,-8.683545469999956],[116.80138267999996,-8.683101259999944],[116.80216006,-8.682545989999937],[116.80354823000016,-8.681879669999944],[116.80510308999999,-8.681324409999945],[116.80581096000014,-8.681172439999898],[116.80588035000017,-8.681157819999953],[116.80643561000011,-8.68121335],[116.80699989000004,-8.681604],[116.80787929000007,-8.682212749999906],[116.81015590000004,-8.683101259999944],[116.81106846000012,-8.683516049999923],[116.81137749000004,-8.683656519999886],[116.81248802999994,-8.684378369999934],[116.8134296500001,-8.684848869999882],[116.81348751000007,-8.684878109999886],[116.81415383000012,-8.685655489999931],[116.81437594,-8.686543909999955],[116.81437594,-8.687598919999857],[116.81409829999996,-8.688598399999876],[116.81382067000004,-8.690097620000017],[116.81382067000004,-8.690875],[116.81393172000003,-8.691374739999901],[116.81392970000002,-8.691379269999914],[116.81332093000015,-8.692596329999901],[116.81259908000004,-8.69381791],[116.81198829000004,-8.695317139999872],[116.81194727000002,-8.695857799999942],[116.81193276,-8.696038979999912],[116.81232145000001,-8.697260569999912],[116.8125173200001,-8.697906959999955],[116.81280482000011,-8.698353059999874],[116.8137000700001,-8.699699849999945],[116.81403061000003,-8.700366449999933],[116.81458355999996,-8.701481579999836],[116.81525797999996,-8.702540449999958],[116.81543811000017,-8.703169539999863],[116.81608114000005,-8.704587169999854],[116.81695233000005,-8.705726972999912],[116.81794126600016,-8.706407760999923],[116.81914211699996,-8.706931442999917],[116.82004275500003,-8.70703181499988],[116.82056371299996,-8.707162734999883],[116.8214731810001,-8.707328567999923],[116.82212658499998,-8.707367843999805],[116.82273142500014,-8.707442031999904],[116.82329653099998,-8.70747694399995],[116.82343741700004,-8.707479718999934],[116.82366799099998,-8.707484260999934],[116.824970162,-8.70750904799985],[116.82525549599995,-8.707512521999945],[116.82530310000016,-8.70747694399995],[116.82538698300004,-8.70742457599988],[116.82555033400001,-8.707371661999957],[116.82570044,-8.70730838399993],[116.8258041900001,-8.707249469999851],[116.82591014800016,-8.707168735999915],[116.8259587120001,-8.707092365999927],[116.82598299400013,-8.707020358999898],[116.8259802340001,-8.706959808999954],[116.82596588599995,-8.706923259999883],[116.825943811,-8.706905803999916],[116.82589800700009,-8.70688780199987],[116.82585220199996,-8.706882346999862],[116.82582074599998,-8.706882346999862],[116.82577602000003,-8.70688263999989],[116.82572527400009,-8.70687852899988],[116.825682229,-8.706867618999865],[116.82562869799995,-8.706851253999957],[116.82561487500016,-8.706842781999853],[116.825580436,-8.70682167599989],[116.825573512,-8.706817432999912],[116.82554923000009,-8.70678579399987],[116.82553598600009,-8.706741061999878],[116.82552605199999,-8.706663600999889],[116.82551832600006,-8.706590503999848],[116.82550397800003,-8.706499950999955],[116.82546093300016,-8.706405032999896],[116.82539250200011,-8.706315570999948],[116.82523135800011,-8.70608864199994],[116.82515630499995,-8.705981722999866],[116.82511877800005,-8.705933718999916],[116.825120986,-8.705866075999893],[116.82516955000017,-8.705822435999892],[116.82526005500006,-8.705787523999959],[116.82540574600011,-8.705735154999957],[116.82556468200016,-8.70573079099995],[116.82569271400007,-8.705756975999918],[116.82578321999995,-8.705789705999848],[116.82586710300006,-8.705809343999874],[116.82595098599995,-8.705809343999874],[116.82603045400015,-8.705815889999826],[116.82614524099995,-8.705815889999826],[116.82625782100001,-8.705802797999866],[116.82629865800016,-8.705799524999861],[116.82637039999997,-8.705797342999858],[116.82638673800011,-8.705799780999882],[116.82642889800002,-8.70580607099987],[116.8264884990001,-8.70582134499989],[116.82655141099997,-8.705835527999852],[116.82659004100014,-8.70584098299986],[116.82667392400003,-8.705858438999883],[116.82675560000007,-8.705864984999891],[116.82681961600008,-8.705832254999848],[116.82688363199998,-8.705740609999907],[116.82690129100013,-8.705659875999856],[116.82692336599996,-8.705559502999904],[116.82692557300004,-8.705470040999899],[116.826934403,-8.70538057799996],[116.82696972200006,-8.705303115999925],[116.82700945600016,-8.70524638399985],[116.82708450899997,-8.705192924999949],[116.82714742200017,-8.705166739999925],[116.82722026700003,-8.705154738999909],[116.82731518699995,-8.705142737999893],[116.82743107800002,-8.705124190999868],[116.82746356100017,-8.705116832999863],[116.827484057,-8.705112189999852],[116.82752047999998,-8.705094733999942],[116.82755579900015,-8.705075095999916],[116.82758339199995,-8.705048910999949],[116.8275911180001,-8.704995451999878],[116.82759222200002,-8.704928899999857],[116.82758008099995,-8.704854711999872],[116.82754917700015,-8.704730336999887],[116.82753924300016,-8.704672512999878],[116.82751937600005,-8.70461905399992],[116.8275111800001,-8.70459038699994],[116.82750502800013,-8.70456886699992],[116.82749619800006,-8.704516498999851],[116.82749619800006,-8.704470675999914],[116.82749619800006,-8.704429217999916],[116.82750282000006,-8.704385576999869],[116.82754034700008,-8.704328844999907],[116.82757345899995,-8.70428083999991],[116.82762202300012,-8.70423283599996],[116.82765513400011,-8.704208833999928],[116.82766304100016,-8.704202754999926],[116.82768493499998,-8.704185921999851],[116.82769928300013,-8.704168465999942],[116.82770197800005,-8.704163753999921],[116.82771363200015,-8.704143372999908],[116.827735706,-8.70411391599987],[116.82775152499994,-8.70409895899985],[116.82776109199995,-8.704089912999905],[116.82781517399997,-8.704051727999854],[116.82787256799998,-8.704025543999933],[116.82794431000002,-8.703984084999945],[116.82800722200011,-8.7039502639999],[116.82805357799998,-8.703928443999871],[116.82811869800003,-8.703905531999851],[116.82819982199999,-8.70386407399991],[116.82822112999997,-8.70385032799993],[116.82822158299996,-8.70385003499996],[116.82825224800013,-8.703830252999921],[116.82830412300007,-8.703799703999891],[116.82833282000001,-8.703772428999855],[116.82835931000011,-8.703739697999879],[116.82837696900003,-8.703658963999885],[116.82837807299995,-8.703603321999879],[116.82836372500003,-8.703554225999937],[116.82834165000008,-8.703504039999927],[116.82830412300007,-8.70346039899988],[116.82823348500006,-8.703418940999939],[116.82815622500004,-8.703379663999954],[116.82805909700005,-8.703325112999948],[116.8280259390001,-8.703296566999938],[116.82799066600012,-8.70326619899987],[116.82797521400005,-8.703213829999925],[116.82798183600016,-8.70315927899992],[116.82801494800003,-8.703111274999856],[116.828101038,-8.703076361999877],[116.82818712899996,-8.70303926799994],[116.82828646400014,-8.703017446999922],[116.82830195800011,-8.703013936999866],[116.82885267400002,-8.703354024999953],[116.82925001400008,-8.70360713999986],[116.82964602900006,-8.703720647999944],[116.82964577999996,-8.704701149999948],[116.82968199000004,-8.704954609999959],[116.82975683000006,-8.705478519999872],[116.82992342,-8.705867209999894],[116.83020105000003,-8.70620036999992],[116.83047867999994,-8.706422479999901],[116.83103395,-8.706533529999945],[116.83186684999998,-8.706478009999898],[116.83275528000001,-8.706533529999945],[116.83347713,-8.706700109999872],[116.83408792000012,-8.707144329999949],[116.83464319000007,-8.70758853999996],[116.83482698,-8.707719819999852],[116.83546718000002,-8.707947789999935],[116.83562638,-8.708004479999886],[116.83674512000005,-8.708243299999936],[116.8376962100001,-8.708071269999891],[116.83810204000008,-8.707997859999864],[116.83819662000008,-8.708032759999924],[116.83819855000013,-8.708033489999877],[116.8390853200001,-8.708421439999938],[116.83927078,-8.708495619999951],[116.83930082000018,-8.708440319999909],[116.83984453000005,-8.707968129999927],[116.84049836999998,-8.707454019999886],[116.84132224000007,-8.706757839999852],[116.84232969000016,-8.706142239999906],[116.84370262000004,-8.705451599999947],[116.84457330999999,-8.705040529999906],[116.84516888000007,-8.704759339999953],[116.84730249999996,-8.70361854999993],[116.84854781000001,-8.702900299999897],[116.84878763900008,-8.702762101999951],[116.84894466599997,-8.702671616999908],[116.84894499400002,-8.70267142799986],[116.84895037000013,-8.70266832999988],[116.84953838000001,-8.702328969999883],[116.84955592999995,-8.702318719999937],[116.85003199200003,-8.702040584999907],[116.85005400900002,-8.702027721999912],[116.85025684000004,-8.701909219999948],[116.85036551999997,-8.701845679999849],[116.85176897000008,-8.701025889999869],[116.85353420000013,-8.699929209999937],[116.85597325000015,-8.698514429999932],[116.85784535000016,-8.697541669999907],[116.85791143000006,-8.697500409999861],[116.8586395000001,-8.697045829999922],[116.86221841000008,-8.694811279999954],[116.86458062999998,-8.693336392999925],[116.86482005000005,-8.693186907999916],[116.86873830000013,-8.69074048999994],[116.8689120900001,-8.69063186999989],[116.86892202000001,-8.690625719999957],[116.86894252000013,-8.690612939999937],[116.86893982000004,-8.69060866999996],[116.86954911999999,-8.68849992999992],[116.86999885500006,-8.686995060999891],[116.87232020800013,-8.687137631999917],[116.87321633400006,-8.687192669999945],[116.8743698720001,-8.687298626999905],[116.87499257800016,-8.687394493999932],[116.87512528600007,-8.687515587999883],[116.87540091000017,-8.68756604399988],[116.87564590900013,-8.687505496999961],[116.87588580400006,-8.687465131999886],[116.87620657100013,-8.687579084999925],[116.87621246900005,-8.687581179999938],[116.88141929300014,-8.693696583999895],[116.88409851999995,-8.690825989999894],[116.88481926999998,-8.690297439999938],[116.88611355000012,-8.68933869999995],[116.88729149000005,-8.688117119999959],[116.88864515,-8.686713289999943],[116.889402,-8.685164659999884],[116.88953942,-8.684883469999875],[116.89003021999997,-8.683468309999853],[116.89044474000002,-8.682273069999894],[116.89045975,-8.68223103999992],[116.89047040000003,-8.682199079999918],[116.89078725000013,-8.68128546999992],[116.89093284000012,-8.680524729999945],[116.89127621,-8.679495529999883],[116.89128540000013,-8.679463049999924],[116.89133962999995,-8.679271409999899],[116.89137733899997,-8.679138172999956],[116.89144814000008,-8.678888009999866],[116.89180468000006,-8.678145],[116.89264858000013,-8.676386349999916],[116.89400303000002,-8.674216189999868],[116.89404537000007,-8.674148359999947],[116.89483716999996,-8.672550089999959],[116.89520126000014,-8.671815169999888],[116.89658531999999,-8.66873054999985],[116.89678634999996,-8.668246109999927],[116.89690203999999,-8.667967329999954],[116.89788746,-8.665592769999932],[116.89835037000012,-8.664324469999883],[116.89835085999994,-8.664323109999941],[116.89992229999996,-8.660017469999957],[116.90065997,-8.658547769999927],[116.90479095,-8.650193939999895],[116.90832593000016,-8.642616379999936],[116.90871411000012,-8.641865639999878],[116.90872303000015,-8.641848379999942],[116.90873453000006,-8.641856659999917],[116.9087456100001,-8.64186470999988],[116.90875789000017,-8.641873439999927],[116.90989615,-8.642689629999836],[116.91026657999998,-8.64293843999991],[116.91062081999996,-8.643165069999895],[116.91092658000002,-8.643341089999922],[116.91115249000006,-8.643543269999952],[116.91137906999995,-8.643828319999898],[116.91158367000003,-8.644167739999943],[116.91189462,-8.644582809999918],[116.91250194999998,-8.645588379999879],[116.91283976000011,-8.646541969999817],[116.91354494999996,-8.647760319999918],[116.91380790000005,-8.648182149999911],[116.91404089000014,-8.64846714999993],[116.91459936000001,-8.648985379999942],[116.91497088000017,-8.649364889999958],[116.91525191999995,-8.649649489999888],[116.91587974000004,-8.650419],[116.91629478000016,-8.651024469999868],[116.91677855,-8.651807899999937],[116.91725873999997,-8.652543549999905],[116.91763190000006,-8.65312066999985],[116.91789076999999,-8.653823059999922],[116.91813930000012,-8.654436269999906],[116.9184404,-8.655208449999861],[116.91869350000002,-8.65598739],[116.91879662999997,-8.656448779999891],[116.91890469000009,-8.657120519999864],[116.91901845000007,-8.657706139999902],[116.91920484000002,-8.65855256999987],[116.91927526799998,-8.658911885999942],[116.91932524000003,-8.659166839999898],[116.91949722000004,-8.659818939999866],[116.91967536000004,-8.660442289999935],[116.919941,-8.661186049999912],[116.92013024000005,-8.661602109999876],[116.92014863999998,-8.661639639999862],[116.92053420000002,-8.662414879999915],[116.92087830000014,-8.662963549999915],[116.92130114000008,-8.66373472999993],[116.92162499000005,-8.664544969999895],[116.92178852000006,-8.665337389999934],[116.92187989000001,-8.665926389999925],[116.92202356999996,-8.666642469999942],[116.92214427,-8.667291789999922],[116.92224453999995,-8.667794639999954],[116.92237769999997,-8.668402429999958],[116.92248407000011,-8.668866979999848],[116.92266182000003,-8.669442509999953],[116.92283698000017,-8.670091379999917],[116.92309487,-8.67067263999985],[116.92334568000001,-8.671171069999957],[116.92358521000006,-8.671468759999925],[116.92372681000006,-8.6716392699999],[116.92375345000016,-8.671671289999892],[116.92172906999997,-8.672864359999949],[116.92143007000016,-8.67312176999991],[116.92102022999995,-8.67353634999995],[116.92063618999998,-8.673969859999943],[116.92029389000004,-8.674415759999931],[116.91926594999995,-8.676403819999848],[116.91894047000017,-8.677334129999906],[116.91871479999998,-8.67793847999991],[116.91841069000009,-8.678741099999911],[116.91811514999995,-8.67941932999986],[116.91778104000002,-8.680081939999923],[116.91775836000011,-8.68012146999996],[116.91743365000002,-8.680687279999916],[116.91712712000003,-8.68119983999992],[116.91685897000002,-8.681702519999874],[116.91661747,-8.682329309999943],[116.91632833000006,-8.683007489999852],[116.9160262800001,-8.68406192999987],[116.91589459,-8.684407299999918],[116.9155641000001,-8.685509789999855],[116.91528271000004,-8.686350489999938],[116.91527310000015,-8.686350569999945],[116.91501726000013,-8.687570389999905],[116.91477653000004,-8.688678529999947],[116.91468207000003,-8.68965476999989],[116.91466409999998,-8.689836639999896],[116.91460830000005,-8.69042044999992],[116.91450845000008,-8.69113214999993],[116.91433700000016,-8.691707359999896],[116.91390454000009,-8.693266539999854],[116.91372515000012,-8.693576019999853],[116.91320645000008,-8.69447084999996],[116.91189362000011,-8.695721629999866],[116.90929087000006,-8.697675919999938],[116.90910024000004,-8.697818929999926],[116.9081937200001,-8.698499719999859],[116.90575865000017,-8.70003378999985],[116.90537600000016,-8.700253669999938],[116.90508907000003,-8.700424959999907],[116.90474497000014,-8.700657289999924],[116.90431460000002,-8.70091901],[116.90386182000009,-8.701180909999948],[116.90349863000006,-8.70142932999994],[116.90318940000009,-8.701616739999906],[116.90276011000003,-8.702009149999867],[116.90250972000013,-8.70233952999996],[116.90216848,-8.702919299999849],[116.9019490500001,-8.703507649999949],[116.9018345400001,-8.703879679999943],[116.9018117600001,-8.703955049999934],[116.90160067000011,-8.70477921999992],[116.90148425000007,-8.705427289999932],[116.9014504700001,-8.705995],[116.90147695999997,-8.706413849999933],[116.90148997000017,-8.70660974999987],[116.90149455000017,-8.7066800099999],[116.90151997999999,-8.707435319999945],[116.90153442000008,-8.708021759999895],[116.90157304000013,-8.708432669999866],[116.90152024999998,-8.709026029999961],[116.90132617000006,-8.710146669999858],[116.90109783000003,-8.711299479999923],[116.89623032999998,-8.71611215999991],[116.8956391800001,-8.716696650000017],[116.89168025000004,-8.719852879999848],[116.89135579000003,-8.720126529999959],[116.88693511000008,-8.723855599999922],[116.88687635700012,-8.723905158999855],[116.88683343799994,-8.723941361999948],[116.88565069000003,-8.72493902999986],[116.88583495,-8.725148509999883],[116.88583130000006,-8.725218499999926],[116.88582549000012,-8.72524213999992],[116.88576207000017,-8.725611689999937],[116.88586543999998,-8.72573143999989],[116.88602727000011,-8.725792079999849],[116.88631925000004,-8.725914859999875],[116.88626611999996,-8.726015759999882],[116.88614349000011,-8.726098059999856],[116.8857243000001,-8.726260859999911],[116.88556289000007,-8.726220829999875],[116.88530847000015,-8.726148879999869],[116.88517501000013,-8.726295689999858],[116.88517881000007,-8.726426339999932],[116.88518021999994,-8.72643421999993],[116.88518929999998,-8.72669601999985],[116.88522511999997,-8.727135239999939],[116.88522841000008,-8.7271809799999],[116.88523506000013,-8.727283989999933],[116.88519856000005,-8.72730895999996],[116.88496389,-8.727367199999946],[116.88480989000004,-8.72741088999993],[116.88469252999994,-8.72752019],[116.88460452000015,-8.72761491999995],[116.88454580000007,-8.727797119999934],[116.88450902,-8.728146979999906],[116.88450152999997,-8.728876369999853],[116.88455276000013,-8.729306429999951],[116.8845892700001,-8.729502739999816],[116.88469919,-8.729750599999932],[116.88482378000015,-8.72992556999992],[116.88510694000013,-8.730299109999919],[116.88535302000003,-8.730527],[116.8856161,-8.7307211399999],[116.88596403999998,-8.730957489999923],[116.88626107000005,-8.731143209999914],[116.88660901000003,-8.731379559999937],[116.88688058000014,-8.731565259999854],[116.88714364000009,-8.731776279999906],[116.88732184000003,-8.731961959999921],[116.88753397000005,-8.732232019999856],[116.88762729999996,-8.732477229999915],[116.88764417000004,-8.732721929999911],[116.88764412000012,-8.732890179999856],[116.88742332000015,-8.733236039999895],[116.88718556000015,-8.733548159999884],[116.88684736000005,-8.733942829999933],[116.88656853000009,-8.734249499999919],[116.88633948000017,-8.734556179999856],[116.88613033000013,-8.734843079999905],[116.88593115000015,-8.735120089999896],[116.88544318000004,-8.735743339999942],[116.88532366000015,-8.735941219999916],[116.88520414000004,-8.736148969999931],[116.88508460000003,-8.736416119999944],[116.88496506000013,-8.736663459999875],[116.88488536000011,-8.736851449999904],[116.88477579000005,-8.737088889999939],[116.88473198999998,-8.737119979999932],[116.88456670000005,-8.737237259999915],[116.88436758000012,-8.737316279999902],[116.88415596000016,-8.737330209999925],[116.88415323000004,-8.737336479999954],[116.8841299500001,-8.737389979999875],[116.88389365000012,-8.73793296999986],[116.88383065000005,-8.738065959999915],[116.88376687000004,-8.738200349999943],[116.88370971300003,-8.738321070999916],[116.88348902000007,-8.738787189999925],[116.88326427000004,-8.7398660099999],[116.88321932000008,-8.740899879999915],[116.88330922000011,-8.742248399999937],[116.88353398000004,-8.743507019999925],[116.88380368000014,-8.744361079999862],[116.88393853000014,-8.745080289999862],[116.88434309000002,-8.745529799999929],[116.88474764000011,-8.746069209999916],[116.88519714999995,-8.746473759999958],[116.88561019000008,-8.74708505999996],[116.88632092,-8.748136939999938],[116.88636587000008,-8.749125849999928],[116.88646572000016,-8.750057819999881],[116.88650079000001,-8.750384969999857],[116.88668052000014,-8.751777939999897],[116.88672548000011,-8.753351219999956],[116.88647261999995,-8.754182029999868],[116.88641083000005,-8.754385079999906],[116.88623102000008,-8.755014389999928],[116.88631671000007,-8.755309549999936],[116.88623179000012,-8.755818889999944],[116.88623235,-8.756145629999878],[116.88563509000016,-8.756141069999956],[116.88486802000011,-8.756031669999857],[116.88354857000002,-8.755706749999888],[116.88292006000006,-8.755520929999875],[116.88062534000005,-8.755851919999941],[116.87856728999998,-8.756132429999866],[116.87555928999996,-8.756542399999944],[116.87514132000001,-8.756626679999897],[116.8735799100001,-8.756812639999907],[116.87351580999996,-8.756780689999857],[116.8731613000001,-8.756604029999892],[116.87276858999996,-8.756408319999878],[116.87252170300007,-8.757123855999907],[116.87230028099998,-8.757584572999917],[116.87205555200012,-8.757843725999862],[116.87185161000014,-8.75807408399993],[116.87172924600009,-8.758200780999857],[116.87171003700007,-8.75852853099991],[116.87168219000012,-8.758807005999927],[116.87165712700005,-8.759146744999953],[116.87184370500006,-8.759079910999958],[116.87202749800008,-8.759024215999943],[116.872228,-8.759007507999911],[116.87242293300005,-8.75903813999986],[116.87271811599999,-8.759146744999953],[116.872840645,-8.759408510999947],[116.8727849500001,-8.759648],[116.87275710200004,-8.759859639999888],[116.87275431700004,-8.760132545999909],[116.872843429,-8.760274567999943],[116.872904694,-8.760377602999938],[116.87292697200007,-8.760477853999873],[116.872910263,-8.760631014999944],[116.87282115100015,-8.760767467999926],[116.87271533100011,-8.760864933999926],[116.87247862799995,-8.760931767999864],[116.87223913900016,-8.760970753999914],[116.87202192900008,-8.761032018999913],[116.87195509500009,-8.761182394999935],[116.87192167800004,-8.761299354999892],[116.87188826099998,-8.761444160999872],[116.87185762900015,-8.76158061399991],[116.871815858,-8.761697572999879],[116.87176851700008,-8.761775545999853],[116.87173788500002,-8.761831240999925],[116.87162371000011,-8.76188693599994],[116.87144548600008,-8.761925922999865],[116.87121992200002,-8.761920352999937],[116.87106119099997,-8.761889720999875],[116.87094144700006,-8.761895289999927],[116.87080220999997,-8.761895289999927],[116.87069638900016,-8.761931491999917],[116.87055436699995,-8.761992756999916],[116.870392852,-8.762204396999891],[116.87023690599995,-8.762338064999938],[116.8700196960001,-8.762494010999887],[116.86979134700005,-8.762638817999914],[116.86952958000018,-8.762733498999921],[116.86927338400017,-8.762833749999857],[116.86909237500015,-8.762833749999857],[116.86896984600003,-8.762869951999903],[116.86876934400016,-8.762922861999925],[116.868660739,-8.763009188999888],[116.86853821,-8.763112224999873],[116.86839618800002,-8.763223614999958],[116.86829315299997,-8.763329434999946],[116.86814277600001,-8.7635160129999],[116.86807315800013,-8.763646895999898],[116.86805088000006,-8.763813980999942],[116.86805366399994,-8.763925370999914],[116.8680898660001,-8.764053468999862],[116.86813720700002,-8.764162074999888],[116.86824302700006,-8.764259540999944],[116.86833213900013,-8.764415486999894],[116.86835441699998,-8.764599279999914],[116.86829872199996,-8.76481648999993],[116.86814834600011,-8.7651562289999],[116.86809822000009,-8.765379008999957],[116.86803695599997,-8.76551267699989],[116.86796455199999,-8.765663052999912],[116.86794784400001,-8.765780012999926],[116.86799796900004,-8.765880263999861],[116.86811917499995,-8.765959310999904],[116.86811164000005,-8.765989039999909],[116.86809365299996,-8.76629484699987],[116.86802035000017,-8.766287439999871],[116.86788887,-8.766274149999958],[116.86786373099994,-8.766271661999895],[116.86747737000007,-8.766233429999943],[116.86745551000001,-8.766231269999935],[116.86690732000011,-8.766196709999917],[116.86669007000012,-8.766181329999881],[116.86644832000013,-8.766156179999939],[116.86624615999995,-8.766159899999877],[116.86606645000018,-8.76616440999993],[116.8658534870001,-8.766165188999878],[116.86555108799996,-8.766154060999952],[116.86531142000001,-8.766096830999913],[116.86510311899997,-8.765943422999953],[116.86506612300013,-8.765848039999923],[116.86504038700014,-8.765711323999938],[116.86506290600005,-8.765522146999956],[116.86511598699997,-8.76530912499993],[116.86514976500007,-8.76520102399985],[116.86519079100015,-8.765074469999888],[116.8652028460001,-8.765037281999923],[116.86524788400015,-8.764811541999961],[116.86530227000003,-8.76465028899986],[116.86533152699997,-8.764563544999874],[116.86537656500002,-8.764290111999912],[116.86538621600005,-8.763918115999957],[116.86537807400009,-8.76365818499994],[116.86537566000004,-8.763581109999848],[116.86537420000013,-8.763569429999961],[116.86537341000007,-8.76350712999988],[116.86537297400002,-8.763443132999896],[116.86537263500009,-8.763393247999943],[116.86433127800012,-8.763317570999902],[116.86432253800012,-8.763243425999917],[116.86397383400003,-8.763319608999893],[116.863993865,-8.763432208999916],[116.86402882599998,-8.763540186999933],[116.864052862,-8.76360065599988],[116.864035382,-8.763643126999852],[116.86395744699996,-8.763669041999947],[116.86385110599997,-8.763688477999949],[116.86377025800005,-8.7637093539999],[116.86371854400011,-8.763731669999913],[116.86362968399999,-8.763750385999913],[116.86349275200007,-8.763734548999935],[116.86320723500012,-8.763786378999896],[116.86321451799995,-8.763859803999935],[116.86322617199994,-8.763957704999939],[116.86322325800006,-8.764114633999952],[116.86319703699996,-8.764267243999882],[116.86315747799995,-8.764388444999952],[116.86315956900012,-8.764406009999902],[116.86307776800015,-8.764417513999888],[116.86292335600001,-8.76443263099992],[116.86284323600012,-8.764444147999939],[116.86279589200012,-8.764449906999914],[116.8627274260001,-8.764457825999955],[116.86269028000004,-8.76446574399995],[116.86266187399997,-8.764485179999895],[116.8626356530001,-8.764499576999924],[116.86258029700014,-8.764519012999926],[116.86246084600009,-8.764477981999903],[116.86235741899998,-8.764441268999917],[116.86225981799998,-8.764412474999915],[116.86217605700006,-8.764412474999915],[116.86202892800009,-8.764383679999924],[116.86189126700015,-8.764417513999888],[116.86175069399997,-8.764395917999877],[116.861594824,-8.76439375799987],[116.86131586200008,-8.764287938999928],[116.86109189100011,-8.76432897099994],[116.86094876800007,-8.764339408999888],[116.86085408099996,-8.764327890999937],[116.86083805700002,-8.764167362999956],[116.86035952300006,-8.76418895899991],[116.86035454600005,-8.764291715999946],[116.860346413,-8.764381160999903],[116.86032966000016,-8.764461784999924],[116.86030562500002,-8.764558245999922],[116.86035078300006,-8.764629510999953],[116.86036753500002,-8.76465974499996],[116.86038210300012,-8.764808035999863],[116.86039521299995,-8.764952726999923],[116.86038865800003,-8.765115413999922],[116.8603755470001,-8.765240668999866],[116.860304896,-8.765260824999928],[116.86030926600006,-8.765650985999912],[116.86033111699999,-8.76671348899987],[116.86033840100004,-8.76701150799994],[116.86037481900007,-8.76838066299996],[116.86039230000017,-8.768939264999915],[116.86039667,-8.769456114999855],[116.86041269400005,-8.770040629999926],[116.86043600100015,-8.770783509999944],[116.86044911200008,-8.771540785999946],[116.86048518000007,-8.77315060999996],[116.86058919400011,-8.776955639999926],[116.86065031700014,-8.7792733739999],[116.860673508,-8.77990260699994],[116.86068570400016,-8.780233528999872],[116.86066264900012,-8.780965493999929],[116.86065996799994,-8.781050611999888],[116.86078266700008,-8.781124530999875],[116.86071350099996,-8.781215140999905],[116.86065703000008,-8.781270720999885],[116.86063347800007,-8.781289059999892],[116.86061900100003,-8.781325621999883],[116.86060774200007,-8.7813590049999],[116.86059809100004,-8.781382848999954],[116.86055948700005,-8.781409872999859],[116.86051284000007,-8.781444845999886],[116.86043080599995,-8.781484586999909],[116.86033912100015,-8.78153227699994],[116.86028443199996,-8.781575196999938],[116.86021365800013,-8.781621296999958],[116.86004959000002,-8.78169044699996],[116.85996755600002,-8.781737341999929],[116.85985817699998,-8.781806491999873],[116.85967641599996,-8.7819149849999],[116.85962615000005,-8.781944393999936],[116.85939774200017,-8.782091038999909],[116.85913877200005,-8.782246824999902],[116.85885567499997,-8.782434402999911],[116.85887394600013,-8.78262646099995],[116.858894631,-8.78285208299991],[116.85891875900006,-8.783001509999906],[116.85896218799996,-8.78315729499991],[116.85898460500016,-8.783227449999856],[116.8589177,-8.78335522999987],[116.85862911000015,-8.78394865999985],[116.85786473300004,-8.785135979999893],[116.85781485500002,-8.785213456999884],[116.85691295000004,-8.786381066999922],[116.85568164300003,-8.787413866999941],[116.85540721999996,-8.787618739999857],[116.85434603100009,-8.787863145999893],[116.85397275000014,-8.787941759999853],[116.85396922899997,-8.787949928999922],[116.8537761,-8.788397929999917],[116.85359084000015,-8.789164929999913],[116.85345385000005,-8.789775899999881],[116.85312784000007,-8.791377789999956],[116.85307434000003,-8.792186859999902],[116.85293393999996,-8.793052859999875],[116.85272937000013,-8.7937703099999],[116.85258779000014,-8.794530589999852],[116.85241412999994,-8.795216609999954],[116.85222309999995,-8.796027189999961],[116.85199206000004,-8.796614329999954],[116.85189327,-8.797287059999917],[116.85196181000003,-8.797827369999936],[116.85199840000007,-8.798305839999955],[116.85213479000015,-8.798764539999866],[116.85226042,-8.799378849999869],[116.85227708000002,-8.799751809999918],[116.85230131000003,-8.800242839999953],[116.85234255000012,-8.800578209999912],[116.85241005,-8.801025239999944],[116.85252062000006,-8.80140960999995],[116.85268755000004,-8.801805789999946],[116.85299394000015,-8.802368339999873],[116.85321744999999,-8.802788779999958],[116.85322377,-8.802794929999948],[116.85383781999997,-8.804038189999915],[116.85448827000016,-8.805181539999865],[116.85488983000016,-8.805869989999906],[116.85503642000003,-8.80612079999986],[116.85539481,-8.806863129999897],[116.85578849000012,-8.807406069999956],[116.85620794,-8.808017129999882],[116.85671546000003,-8.808676969999908],[116.857117,-8.809362849999957],[116.85767584999996,-8.810140289999879],[116.8581373400001,-8.810595399999897],[116.85833536999996,-8.810972579999941],[116.85865210000009,-8.811342229999866],[116.85894556000005,-8.811867609999922],[116.85909163000008,-8.812071229999958],[116.85921386999996,-8.812380829999938],[116.85936993999997,-8.81292016999987],[116.85949962000007,-8.813335409999922],[116.85952796000004,-8.813633609999897],[116.85949538,-8.81407551999996],[116.85936937000008,-8.814549569999883],[116.85919855999998,-8.81493080999985],[116.85905060000005,-8.815119009999876],[116.85865021999996,-8.815658269999915],[116.85808181000016,-8.816267799999935],[116.85804437000002,-8.816274419999957],[116.857477,-8.816977219999899],[116.85708425000007,-8.817640769999912],[116.85664636000001,-8.818180439999878],[116.85615782000013,-8.818664699999886],[116.85570569000004,-8.819049049999933],[116.8543139410001,-8.82115950699989],[116.85403425000004,-8.821700755999927],[116.853544791,-8.822938715999953],[116.85317186999998,-8.823779373999855],[116.85293879500011,-8.824343650999936],[116.85280745,-8.824653148999857],[116.85278729499998,-8.824700641999925],[116.852548393,-8.825587359999929],[116.85243768199996,-8.8258579809999],[116.85241035499996,-8.825961841999913],[116.85236193200012,-8.826145875999941],[116.85229783700004,-8.826364675999912],[116.85209389500005,-8.82817264799985],[116.85204727999997,-8.828909653999915],[116.852000665,-8.829923033999933],[116.85198901000001,-8.831148749999898],[116.85148888000015,-8.831154259999892],[116.85065800999996,-8.83121937999988],[116.85003395000001,-8.831325759999856],[116.84966259999999,-8.831387789999951],[116.84959708999997,-8.831398989999911],[116.84881713999994,-8.83154438999992],[116.84776246000001,-8.83172390999988],[116.84717555999998,-8.831798779999929],[116.84663262000015,-8.831891819999896],[116.84591610000007,-8.832117369999935],[116.84515192000003,-8.832238259999883],[116.84501576000014,-8.832260249999933],[116.84498610000003,-8.832264419999944],[116.84404354000003,-8.832405379999955],[116.84262618000014,-8.832582659999957],[116.84172085,-8.832698329999857],[116.84070154000005,-8.83268465999987],[116.84065117300008,-8.83266859399987],[116.84011197500001,-8.83266859399987],[116.838518185,-8.832455770999957],[116.83670901799996,-8.832093971999939],[116.83505570299997,-8.831717021999907],[116.83407065000017,-8.831423577999885],[116.83295068999996,-8.831051136999918],[116.83167383,-8.83051378999994],[116.83107029000007,-8.830215669999859],[116.83106946300006,-8.830215263999946],[116.83027817000004,-8.829826339999897],[116.82989230600003,-8.829351535999876],[116.8297056460001,-8.829124522999905],[116.829540523,-8.828869132999898],[116.82917438200002,-8.828464764999865],[116.82853745500017,-8.827647893999938],[116.82823390299995,-8.827288903999943],[116.82821057000001,-8.827202],[116.82779776500001,-8.826939513999946],[116.82772776699994,-8.827012229999923],[116.82764161600005,-8.82709381299992],[116.82752136400006,-8.827182490999917],[116.82736521600009,-8.827253432999896],[116.82705093700008,-8.827367065999908],[116.82623697999998,-8.826914859999874],[116.82589502999997,-8.82684286999995],[116.82564907000017,-8.826926859999958],[116.82515715,-8.826758889999951],[116.82479731,-8.826805509999872],[116.82477920999997,-8.826808079999921],[116.82455364999998,-8.826692899999898],[116.82438568000009,-8.826726489999942],[116.82423210000002,-8.826577719999875],[116.82412172000011,-8.826337759999888],[116.82387216000006,-8.826184179999927],[116.82374258000004,-8.826001809999923],[116.82357461000015,-8.825901029999898],[116.82338264000009,-8.825891429999956],[116.82323385999996,-8.825905829999954],[116.82314747999999,-8.825785849999875],[116.82312828,-8.825574679999932],[116.82300829999997,-8.82537310999993],[116.82305149000001,-8.825214739999922],[116.82292191,-8.82496037999988],[116.82297950000009,-8.824811599999919],[116.82287392000012,-8.824610039999868],[116.82287872000006,-8.824413269999923],[116.82300829999997,-8.82427408999996],[116.82295070999999,-8.824110919999953],[116.82252838000011,-8.823664589999908],[116.82265796000013,-8.823405429999923],[116.82107901000006,-8.823319049999895],[116.82060869000009,-8.823227859999918],[116.81973854,-8.823018879999836],[116.819702731,-8.823010634999946],[116.8197695880001,-8.822410945999877],[116.81908744500004,-8.82242045199996],[116.81905515300002,-8.821598012999857],[116.81904627999995,-8.821372039999915],[116.81860329899996,-8.821184628999958],[116.81843144599998,-8.821104817999924],[116.81828339499998,-8.821030208999957],[116.81822414600015,-8.82100239399989],[116.81817164799997,-8.820983327999897],[116.81809581700008,-8.820970468999917],[116.81795582200016,-8.820947412999942],[116.81790377300001,-8.820940317999884],[116.81782839100015,-8.820917261999853],[116.81774762400016,-8.820890657999882],[116.81766506300016,-8.820842771999935],[116.81756455400011,-8.820778922999864],[116.817478403,-8.820711526999958],[116.81737609900006,-8.820615752999856],[116.81729533299995,-8.820539488999941],[116.81717508100007,-8.820379866999872],[116.817142774,-8.820317790999923],[116.81707277700013,-8.820229111999936],[116.81703329100003,-8.820156394999856],[116.81699560000004,-8.820088998999893],[116.81690944900015,-8.820012734999864],[116.81688245199996,-8.819995915999925],[116.81682688800015,-8.819961300999921],[116.81677304400012,-8.819936470999892],[116.81669766200014,-8.819922281999936],[116.81658997299996,-8.819915187999925],[116.81649125900003,-8.819913413999927],[116.81630998300011,-8.819872621999934],[116.81621306300008,-8.819808772999863],[116.81608742699996,-8.819752017999917],[116.81592589399997,-8.81980167799992],[116.81581461600001,-8.819858432999922],[116.81575718200008,-8.819893904999901],[116.81568539,-8.81989745199985],[116.81558129100006,-8.819908093999913],[116.81548078200012,-8.819911640999862],[116.81535514500013,-8.819950659999904],[116.81521514999997,-8.820039338999948],[116.8150966930001,-8.820181225999875],[116.8149710560001,-8.820326658999932],[116.81486516300015,-8.820470319999913],[116.81473414200002,-8.82059446999989],[116.81462237900007,-8.82063288399985],[116.81456901900015,-8.82065122499995],[116.81429979799998,-8.82067782899992],[116.81426076100001,-8.820682262999867],[116.81420063500002,-8.820670733999862],[116.81418448199997,-8.82066896099991],[116.81413691900002,-8.820656545999952],[116.81410820199994,-8.820640582999886],[116.81408903800013,-8.820615649999866],[116.81402833300012,-8.82050490399996],[116.8139780790001,-8.82024950799996],[116.81394218300011,-8.820086338999943],[116.81392322900012,-8.81986158299992],[116.81392064500005,-8.819830942999943],[116.81389910700011,-8.819611017999875],[116.81389192799998,-8.819412375999946],[116.81387039000015,-8.819007997999961],[116.81384885300008,-8.81834822199994],[116.813820136,-8.818099918999906],[116.813812956,-8.817929653999954],[116.81377706,-8.817652973999941],[116.81372680599998,-8.817425952999884],[116.81366937200005,-8.81720602699994],[116.81349168600002,-8.816959496999857],[116.81342707299996,-8.816920477999929],[116.8133534850001,-8.816885005999893],[116.81324041300013,-8.816854854999917],[116.81315605700013,-8.816837118999956],[116.81308003799995,-8.816839394999874],[116.81315201799998,-8.816683258999944],[116.81333037800005,-8.81633099599992],[116.81333475300016,-8.816303611999956],[116.81334933799997,-8.816256048999946],[116.81337121600006,-8.816209927999921],[116.81342080600007,-8.816142187999901],[116.81345289299998,-8.816106154999943],[116.81350102500005,-8.816061474999913],[116.81354623900006,-8.816009588999862],[116.81359582799996,-8.815962025999909],[116.81372271999999,-8.815802042999906],[116.81385544500006,-8.815607468999929],[116.813974798,-8.815425443999857],[116.81398872500006,-8.815405909999924],[116.81416236999996,-8.815162355999917],[116.8142971420001,-8.81494033499996],[116.81429981100007,-8.814935938999952],[116.81438343700006,-8.814798174999908],[116.81459723299997,-8.814320773999953],[116.814603895,-8.814305899999852],[116.8147289420001,-8.814036315999942],[116.81480466200014,-8.813807545999907],[116.81480527000008,-8.813805707999961],[116.81486698200001,-8.813620572999923],[116.81500140100002,-8.813224475999903],[116.81500231799998,-8.813185628999918],[116.81501069599994,-8.813100185999929],[116.81502152799999,-8.812964318999946],[116.81502819500008,-8.812904207999907],[116.81502934000014,-8.812868817999856],[116.81503171800011,-8.812795340999912],[116.81503323900017,-8.812748357999851],[116.81503282500012,-8.812730121999948],[116.81503255400003,-8.812718212999926],[116.81503452300012,-8.812705273999939],[116.81503319400008,-8.812704936999921],[116.81503069400003,-8.812653883999928],[116.81503152800008,-8.812616828999921],[116.81503236100002,-8.812596242999916],[116.81502569500003,-8.812575656999854],[116.81499986300003,-8.812553423999873],[116.81497986499994,-8.812539425999887],[116.81496069900004,-8.812526250999952],[116.81494153400013,-8.812504841999953],[116.81493903400008,-8.812481784999932],[116.81494903299995,-8.812469433999865],[116.81495903300004,-8.812458728999957],[116.81498569799999,-8.812444730999857],[116.81500902899995,-8.81242332099987],[116.81503402700002,-8.812396970999941],[116.81504569300012,-8.812368973999924],[116.815052359,-8.812341800999889],[116.81504902600011,-8.812312156999894],[116.81503986000007,-8.812271808999867],[116.81503652700007,-8.812238047999926],[116.81503402700002,-8.812212520999935],[116.81503735000001,-8.81217490899985],[116.81475747100012,-8.81220537199988],[116.81452074700007,-8.81223394199992],[116.81360479600016,-8.812141698999937],[116.81367079400013,-8.809412577999922],[116.81373805400005,-8.809358391999865],[116.81379047300015,-8.809313710999902],[116.81378607400006,-8.809303566999859],[116.8137605500001,-8.80924591399986],[116.81372408699997,-8.809175289999928],[116.81367303900004,-8.809106106999934],[116.81359136200012,-8.809003772999915],[116.8135555450001,-8.808954220999908],[116.81352572800006,-8.808912969999938],[116.81342654900004,-8.808825049999882],[116.81335799800001,-8.808724157999961],[116.81332007699996,-8.808572818999949],[116.81317422500001,-8.808249963999913],[116.81299628500017,-8.80795305199996],[116.81287376900002,-8.807699378999928],[116.81267832699996,-8.807382287999872],[116.81263685900012,-8.807344935999879],[116.8125135140001,-8.807233831999952],[116.81240412500006,-8.807205004999958],[116.81230494600004,-8.807153116999928],[116.812191181,-8.80707960999996],[116.81209783600002,-8.80699024799992],[116.812070124,-8.806944124999859],[116.81198553000013,-8.806810081999856],[116.811908228,-8.806729367999935],[116.81183967799996,-8.806674596999926],[116.81167632300003,-8.806521816999918],[116.81149546699999,-8.806367594999926],[116.81139191200009,-8.806305617999953],[116.81124605900015,-8.806320030999927],[116.8109703990001,-8.806366153999932],[116.810707277,-8.80643060299991],[116.810681004,-8.80642288499996],[116.81065100600006,-8.806381711999961],[116.8106293410001,-8.806338892999861],[116.81060434300002,-8.806271369999877],[116.81058767700006,-8.80622196299987],[116.81057601200007,-8.806174202999898],[116.8105576800001,-8.806123148999859],[116.810551013,-8.806062212999905],[116.810549347,-8.806021040999951],[116.81056767899997,-8.80592222599995],[116.81058434400018,-8.80576412399995],[116.81058434400018,-8.805619195999896],[116.81058434400018,-8.805543437999859],[116.8105543470001,-8.805424860999892],[116.81052434900016,-8.805220644999906],[116.81051768199995,-8.805111948999865],[116.8104943510001,-8.805016427999874],[116.81044768699996,-8.804855030999931],[116.81039435799994,-8.804775979999874],[116.81027436600016,-8.804693633999875],[116.81009104600003,-8.804568468999946],[116.80990106000013,-8.80441695299993],[116.80979561700008,-8.804331698999874],[116.80973052000002,-8.80421256999989],[116.80956269,-8.803895],[116.80944063000004,-8.80362797999993],[116.80936431999999,-8.803318989999923],[116.8094635,-8.802907929999947],[116.80958558999998,-8.802716259999897],[116.80968477,-8.802527419999876],[116.80989838000005,-8.801938059999884],[116.81005861000006,-8.801762589999953],[116.81014252,-8.801614779999909],[116.81027983000001,-8.801303849999897],[116.81043804500007,-8.801000625999961],[116.81065433900005,-8.800747618999878],[116.81092765300014,-8.800457759999915],[116.81112097300013,-8.800194250999937],[116.81124763000003,-8.79982533899988],[116.811260963,-8.79965405799993],[116.81131429200002,-8.799123745999907],[116.81127429499998,-8.798975521999921],[116.81117096900016,-8.798824003999925],[116.811070976,-8.798656015999939],[116.81104097900004,-8.79842873899986],[116.81103431199995,-8.798290395999913],[116.811070976,-8.798125701999936],[116.81118763500012,-8.798010416999887],[116.81137095500003,-8.797918187999926],[116.81152761099997,-8.797756787999958],[116.81160760500006,-8.797625032999917],[116.8116509350001,-8.797483395999905],[116.8117175970001,-8.797177064999858],[116.81178759200009,-8.796933316999855],[116.81180759100005,-8.796595693999905],[116.81181259000005,-8.796465584999908],[116.81180925700005,-8.796383237999919],[116.81179592499996,-8.796305830999927],[116.81176592700001,-8.796249834999912],[116.81174759500004,-8.796223483999938],[116.81162427000004,-8.79624654099996],[116.811517611,-8.79626795099989],[116.81142928400016,-8.79626136399986],[116.81138762,-8.796249834999912],[116.81135262300006,-8.796208660999866],[116.81132791000005,-8.796141857999942],[116.81135555900016,-8.796064223999906],[116.81135678900011,-8.796062905999861],[116.81140511900014,-8.795992087999878],[116.81143511699997,-8.795941031999917],[116.81147844700001,-8.795853743999885],[116.81148204800002,-8.795826288999933],[116.8114901130001,-8.795764808999934],[116.81153011000015,-8.795613288999903],[116.81156344099998,-8.795514471999923],[116.81171009800005,-8.795422242999905],[116.81189675099995,-8.795330013999887],[116.81205007300002,-8.795106028999953],[116.81215673199995,-8.794829340999854],[116.81225005900012,-8.794341841999938],[116.81230338900002,-8.793775288999882],[116.81226253,-8.793563607999943],[116.81208340400008,-8.792635592999886],[116.81200340999999,-8.792266672999915],[116.81181675699997,-8.791792346999955],[116.81179009200014,-8.791403662999926],[116.81167010000013,-8.790863456999944],[116.8116234370001,-8.790395716999853],[116.81148344700011,-8.789829157999861],[116.81049685100015,-8.78737186199993],[116.810396858,-8.78718081199986],[116.81031019700015,-8.786884353999938],[116.81021687100008,-8.786686715999906],[116.80991689200005,-8.786186029999953],[116.80961024700014,-8.785593112999948],[116.80927027100006,-8.784934314999873],[116.80893696199996,-8.784334806999937],[116.80833033800002,-8.783511306999912],[116.807757046,-8.782536279999874],[116.80722041700017,-8.781696304999912],[116.80716708800003,-8.781607365999946],[116.80701043200008,-8.781419606999862],[116.80674378499998,-8.781123143999935],[116.80588051300015,-8.77986811799991],[116.80520722699998,-8.778703672999939],[116.80512056700013,-8.778543911999861],[116.80503890600005,-8.778390737999871],[116.80498891000013,-8.778300151999929],[116.80495224599997,-8.778272151999943],[116.80491058200005,-8.778255681999894],[116.80486391800014,-8.778255681999894],[116.80484058700006,-8.778273798999919],[116.80481392200011,-8.778306739999948],[116.80478392400005,-8.778336385999921],[116.80472559500015,-8.778384149999908],[116.80463060199997,-8.778435207999848],[116.80448727900011,-8.778443442999901],[116.80436062100011,-8.778423678999957],[116.80425062900008,-8.778374267999936],[116.80414063700005,-8.778249093999875],[116.80412063800009,-8.778097566999861],[116.80412063800009,-8.777977333999956],[116.80412230499996,-8.777913099999921],[116.80413730400005,-8.777832395999951],[116.80414563600004,-8.777769808999949],[116.80417563399999,-8.777728632999924],[116.80422063100013,-8.777657810999926],[116.80429395900012,-8.777596870999957],[116.80432728999995,-8.777555694999876],[116.80438228600008,-8.777501342999926],[116.80440728400015,-8.777455225999915],[116.80437405000009,-8.77738953499994],[116.80433728900016,-8.77731687599993],[116.80413730400005,-8.77707311499995],[116.803910653,-8.776835941999934]]]]}},{"type":"Feature","properties":{"gid":331158,"luas":0.07014681141237,"kdkab":"07","kdkec":"08","nmkab":"SUMBAWA BARAT","nmkec":"MALUK","kdprov":"52","nmprov":"NUSA TENGGARA BARAT","sumber":null,"periode":"2025_1","idkec":"52.07.08"},"geometry":{"type":"MultiPolygon","coordinates":[[[[116.759687676,-8.945178175999956],[116.75869426800011,-8.945832392999932],[116.75801759900014,-8.946486607999873],[116.75770086000011,-8.947027045999903],[116.75724014900015,-8.947695481999858],[116.75628993200007,-8.948349693999944],[116.75626045900003,-8.94837072099989],[116.75625995199994,-8.948342582999942],[116.75608837100003,-8.948342582999942],[116.75551248200009,-8.948456358999863],[116.75496538699997,-8.949053681999885],[116.75430311500008,-8.949850110999876],[116.75309374900007,-8.951414520999947],[116.75179799900013,-8.953092697999864],[116.75121314000012,-8.952803831999859],[116.750876576,-8.952637599999946],[116.7499922610001,-8.952679196999952],[116.74966720999998,-8.95269448699986],[116.7477955710001,-8.953348689999928],[116.74601031500015,-8.95343402099985],[116.74491612600013,-8.952353162999884],[116.74451300400017,-8.948456358999863],[116.74373555399995,-8.946749715999943],[116.73918603200013,-8.947574594999935],[116.7383221980001,-8.948427914999911],[116.737429571,-8.948427914999911],[116.73702644800017,-8.948598578999906],[116.73666170000001,-8.948682650999956],[116.73656199200013,-8.94852852699995],[116.73653750500011,-8.948486867999918],[116.73649805399998,-8.948403551999945],[116.73644772,-8.948321578999924],[116.736402827,-8.948282607999943],[116.73634977300003,-8.9482516999999],[116.73628719500016,-8.948259762999953],[116.73611862300004,-8.948304810999957],[116.736103544,-8.94830679699993],[116.73597566900014,-8.948349798999914],[116.73588588400014,-8.94836323699991],[116.73581514399996,-8.948309483999878],[116.73579337800004,-8.948201978999862],[116.73584235200008,-8.948029968999947],[116.73596206500008,-8.947900961999892],[116.73618516700003,-8.947745078999901],[116.73633752900002,-8.94762144699996],[116.73657695600002,-8.947503190999953],[116.73668578600007,-8.947449437999865],[116.73687079699994,-8.947422561999929],[116.73707833300011,-8.947422561999929],[116.73712110700012,-8.947422561999929],[116.737213612,-8.947395684999947],[116.73734420900007,-8.947336556999915],[116.73737141600009,-8.947223675999908],[116.73733876699998,-8.946933408999882],[116.7372190540001,-8.946551762999945],[116.73721089200012,-8.946425442999953],[116.73722721600006,-8.946320623999895],[116.73718096300001,-8.946196991999955],[116.73707485400007,-8.946119049999936],[116.73697418600011,-8.946127112999875],[116.73687896000001,-8.946183553999902],[116.73677829200005,-8.946226555999942],[116.73673276,-8.94623539099996],[116.73662592899996,-8.94625612099992],[116.73653886500006,-8.946272245999921],[116.73649805399998,-8.946242681999934],[116.73642731400014,-8.94610561199994],[116.73645180100016,-8.945925538999916],[116.73656879300006,-8.94585028399996],[116.73665893400016,-8.94584842899991],[116.73669939000013,-8.945847596999954],[116.73673475900011,-8.945858346999955],[116.73685991400009,-8.945818031999863],[116.73695242000008,-8.945732026999849],[116.73697418600011,-8.945629895999957],[116.73697146500012,-8.945490137999911],[116.73687623900003,-8.945210620999887],[116.73685991400009,-8.945065486999852],[116.73678373300004,-8.944871974999955],[116.73667490300011,-8.944689212999947],[116.73653070300008,-8.944549454999901],[116.73641915200017,-8.94443388499991],[116.73636201600004,-8.944358629999897],[116.73625318600011,-8.94417318099994],[116.73628039300013,-8.944068361999882],[116.73629671799995,-8.9439420409999],[116.73620693299995,-8.94386947399994],[116.73606001200017,-8.943772717999934],[116.73594574000003,-8.94368671199993],[116.73585867600013,-8.943544264999957],[116.73583010799996,-8.943376284999886],[116.73581650500012,-8.943286247999936],[116.73581786500006,-8.943190835999928],[116.73585459500009,-8.94308467199994],[116.73568998899998,-8.94308064099988],[116.73562877200015,-8.943059138999956],[116.73558932100002,-8.943043012999851],[116.73554306900007,-8.943000009999935],[116.73554170800003,-8.942955663999953],[116.7355498710001,-8.942912660999923],[116.73555395200015,-8.942871001999947],[116.73554715000012,-8.942833373999918],[116.735532186,-8.942813215999934],[116.735490014,-8.942776932999948],[116.73544512100011,-8.942729897999925],[116.73542199500002,-8.942694957999947],[116.73542199500002,-8.942673181999908],[116.73542199500002,-8.942643891999865],[116.73543559900008,-8.942615671999931],[116.73547096900018,-8.942587450999952],[116.73552402300004,-8.942582075999951],[116.73561788900008,-8.942591482999887],[116.73568318800005,-8.942625078999924],[116.73573896300013,-8.94265598699991],[116.73583146900012,-8.942684207999946],[116.735951182,-8.94270974099993],[116.73619605,-8.942608952999933],[116.73634604500012,-8.942508665999867],[116.73639330500009,-8.942445003999865],[116.736480369,-8.942272991999914],[116.73657287499998,-8.94198272199992],[116.736600082,-8.941606444999934],[116.73658919900015,-8.941036653999959],[116.736387863,-8.939956199999926],[116.73632256500002,-8.939585295999848],[116.73625454600005,-8.939110915999947],[116.73625045800009,-8.939091933999919],[116.736240942,-8.939047754999876],[116.736220537,-8.93895234099989],[116.73620421199996,-8.938874397999939],[116.73617156299997,-8.93879376599989],[116.73613755400015,-8.938734636999925],[116.73605321000014,-8.938667443999861],[116.73597022700005,-8.938647285999878],[116.73567638600002,-8.938620408999952],[116.73542607600007,-8.938585467999928],[116.73519481200015,-8.938577404999933],[116.73501252100004,-8.938475271999948],[116.73486560100014,-8.938375826999959],[116.73477853600014,-8.938249503999941],[116.73476901400011,-8.938064051999959],[116.7347894190001,-8.937969981999856],[116.73482070800003,-8.9379121959999],[116.73484791600004,-8.937871879999932],[116.7349064120001,-8.937823500999912],[116.73498667399997,-8.937777809999943],[116.73506013500003,-8.937734805999867],[116.73518120800009,-8.937675676999959],[116.73529139900006,-8.93758966899992],[116.73545328399996,-8.93746200299995],[116.73552946500001,-8.93740287299994],[116.73558388000015,-8.937322240999947],[116.73560972700011,-8.937208012999918],[116.73560836699994,-8.937109910999936],[116.73557707800012,-8.936990306999917],[116.73555259099999,-8.936877422999885],[116.73552810500007,-8.936834418999865],[116.73548729300012,-8.936761850999915],[116.73546824799996,-8.936689281999861],[116.73542471600013,-8.936608649999869],[116.735430157,-8.936517266999942],[116.73546824799996,-8.936409757999911],[116.73559612300005,-8.936269995999908],[116.73574848600015,-8.936173237999924],[116.7358491540001,-8.936140984999895],[116.73600967800007,-8.936108732999912],[116.73618652699997,-8.936119482999914],[116.73640962900004,-8.936084542999936],[116.73662456900001,-8.936017349999872],[116.736779652,-8.935912527999903],[116.73691569000005,-8.935732449999932],[116.73703540299994,-8.93545830099987],[116.73714423299998,-8.935270158999856],[116.73715511599994,-8.935087392999947],[116.73710070100014,-8.934931503999906],[116.73704356500002,-8.934794429999954],[116.73693745600008,-8.93461435099988],[116.73689664400001,-8.934555220999869],[116.73681910300013,-8.934451741999908],[116.73679325600006,-8.934408738999934],[116.73676332700018,-8.934344232999933],[116.73672795799996,-8.934263599999895],[116.73668850700017,-8.934204469999884],[116.736585118,-8.934125181999889],[116.736489892,-8.934096959999863],[116.73637970100003,-8.934078145999933],[116.73624502400014,-8.934043204999853],[116.73617972500017,-8.934008264999932],[116.73614163500008,-8.933984074999955],[116.7361062650001,-8.933939726999938],[116.73606817400002,-8.93390344199986],[116.7360015160001,-8.93385103099996],[116.735938939,-8.933821465999927],[116.73591687700014,-8.933804514999906],[116.73588996499996,-8.933783837999897],[116.73587228000008,-8.933736801999942],[116.73589268599994,-8.93367229599994],[116.73596750599995,-8.933610477999935],[116.73605729099995,-8.933586287999901],[116.736208293,-8.933601070999885],[116.73628991600015,-8.933626603999869],[116.73636609699997,-8.93367229599994],[116.73641371000008,-8.93373814599994],[116.73647220700002,-8.933848343999898],[116.73655471799998,-8.933889745999863],[116.7365579100001,-8.933891347999918],[116.736642254,-8.93390747399991],[116.73674292199996,-8.933923600999947],[116.7368422290001,-8.93391419299985],[116.73695786100006,-8.933883283999876],[116.73699323100016,-8.933859094999889],[116.737216333,-8.933789212999898],[116.73746664300006,-8.933705892999853],[116.73775096200006,-8.93358494399996],[116.73772783499999,-8.933545971999933],[116.73770198800003,-8.933501623999916],[116.73769926700015,-8.933465338999952],[116.73771151100004,-8.933420990999878],[116.7377727280001,-8.933391425999957],[116.73779917299998,-8.933375097999942],[116.73784890900004,-8.933344390999878],[116.73791284700008,-8.933302729999866],[116.73796318099994,-8.933285259999934],[116.73801759600008,-8.933301385999869],[116.73805160500012,-8.933336326999893],[116.738085436,-8.933372420999888],[116.73808561400006,-8.933372611999914],[116.73812506499996,-8.93340083299995],[116.7381767600001,-8.933446524999908],[116.7382393370001,-8.933474745999888],[116.73828665600013,-8.933487791999937],[116.73835632999999,-8.933506998999917],[116.73843659199997,-8.933528500999898],[116.73855222400005,-8.933552690999875],[116.73866377499996,-8.933591663999891],[116.73870218299999,-8.933621617999961],[116.73890157200003,-8.933678854999926],[116.73893857100018,-8.933681702999877],[116.73898346400006,-8.933675655999934],[116.73901135100016,-8.933678342999883],[116.7390501220001,-8.933681030999935],[116.73910793800007,-8.933703876999857],[116.73915304800005,-8.933718159999955],[116.73932015699995,-8.93377107099991],[116.73948340300012,-8.93376569499992],[116.73958951199995,-8.933749568999929],[116.73973643299996,-8.933677],[116.73992960600003,-8.933550674999879],[116.73993060700002,-8.933550311999852],[116.7400629230001,-8.933502295999858],[116.74018807800007,-8.933470042999943],[116.74027242199998,-8.933461979999947],[116.74049552400015,-8.933478105999939],[116.74066898800004,-8.933538104999911],[116.74087642900008,-8.933569489999911],[116.74108320699997,-8.933523797999953],[116.74137432700013,-8.933373283999856],[116.74177155799998,-8.933107195999867],[116.74230800999999,-8.932714429999862],[116.74310303000004,-8.93220995999991],[116.74319154600005,-8.93214356899989],[116.74358351300009,-8.931800804999853],[116.743650721,-8.93173247999988],[116.74445150200006,-8.931029556999931],[116.744832407,-8.930599513999937],[116.74512080800002,-8.930217849999906],[116.74527317000002,-8.929932945999951],[116.74538200000018,-8.929406140999959],[116.74549083000011,-8.92904597799992],[116.74560510200013,-8.928908900999943],[116.74565407599994,-8.92878257599989],[116.74565407599994,-8.928696565999871],[116.74568400400005,-8.928586366999923],[116.74569216600003,-8.928505733999884],[116.74574114000018,-8.928400909999937],[116.74583636600005,-8.928255768999918],[116.74592107399997,-8.928154470999914],[116.74599144900003,-8.928070311999932],[116.74609211699999,-8.927976238999861],[116.7463016150001,-8.927903668999932],[116.74650703199995,-8.927884853999956],[116.746613142,-8.927922482999861],[116.74673013400013,-8.927985645999854],[116.74680237899997,-8.928064245999906],[116.7468253610001,-8.928091813999856],[116.74689201900014,-8.928141537999863],[116.74695051499998,-8.92816975999989],[116.74713552699995,-8.92819529399992],[116.74728380800013,-8.928187230999924],[116.7473844760001,-8.928167071999951],[116.74751507200006,-8.928132130999927],[116.74762934400007,-8.928125410999883],[116.74772048900013,-8.928129442999932],[116.74781299500012,-8.928129442999932],[116.74782931900006,-8.928128098999935],[116.74789869900007,-8.928114659999949],[116.74801569099998,-8.928081062999922],[116.74812452100014,-8.928023274999873],[116.74824287400008,-8.927952048999941],[116.74835850600005,-8.927883509999958],[116.74844421,-8.927827066999896],[116.74854623800013,-8.927741056999878],[116.74857752699995,-8.927685956999937],[116.74861969900007,-8.927613386999951],[116.74864504600009,-8.92757648599985],[116.74867139300011,-8.927538128999856],[116.74871900599999,-8.927477652999926],[116.74878430499996,-8.927440023999907],[116.74888361199999,-8.927410458999873],[116.7490332540001,-8.927356702999873],[116.74918561600009,-8.927305634999925],[116.74941415900003,-8.92719005899994],[116.74962093700015,-8.927063732999954],[116.74987668800009,-8.92694546999985],[116.75010523100002,-8.926786888999914],[116.750260314,-8.926655186999938],[116.75063305799995,-8.926305772999854],[116.75079441799994,-8.926116360999913],[116.7508643220001,-8.92603430499986],[116.75097315200003,-8.92576955599992],[116.75104253099994,-8.925623069999858],[116.75120544000004,-8.925313949999861],[116.75154614500002,-8.924602388999915],[116.75160572799996,-8.924369204999948],[116.75164653900003,-8.924095047999913],[116.75169279200009,-8.923710688999904],[116.7516900710001,-8.923425779999945],[116.75169551299996,-8.923011854999913],[116.75169415200014,-8.922772637999913],[116.75167238600011,-8.922579113999916],[116.75163837700006,-8.922439346999909],[116.75159348399995,-8.922260605999952],[116.75154859200018,-8.922126214999935],[116.75144928400016,-8.921878933999949],[116.75124386700008,-8.921391090999919],[116.75117176699996,-8.921225788999948],[116.75104645900012,-8.920999165999945],[116.750933701,-8.920806485999947],[116.75081943000009,-8.920629087999941],[116.75059088600017,-8.92033342499991],[116.75035146000005,-8.920156026999905],[116.75009026700002,-8.919940998999948],[116.74986172400008,-8.919742097999915],[116.74959509000007,-8.919467936999865],[116.74930669000014,-8.919188399999939],[116.74913256100001,-8.918978746999926],[116.74869723999996,-8.918672330999868],[116.74833810100006,-8.918468053999902],[116.747755859,-8.918312157999878],[116.74760237100008,-8.918251504999944],[116.747211708,-8.918097128999875],[116.74655872700009,-8.917812214999913],[116.74611252300008,-8.917570306999892],[116.745884273,-8.917375446999927],[116.74558423600001,-8.91711930199989],[116.74553572299999,-8.917070362999937],[116.74525004299994,-8.91678544899986],[116.74495075999994,-8.916500533999852],[116.74467868500005,-8.916237121999927],[116.74451543900011,-8.916062409999938],[116.744273292,-8.915847379999889],[116.74408828100013,-8.915669979999848],[116.74391143200012,-8.915527521999877],[116.74374407000016,-8.915390862999857],[116.7436447980001,-8.9153098029999],[116.74344074099997,-8.915178096999853],[116.7431387370001,-8.915065205999952],[116.74302258399996,-8.915053435999937],[116.742926518,-8.915043702999924],[116.74281496700007,-8.915075956999942],[116.742741507,-8.915137778999906],[116.74268141900006,-8.915212444999952],[116.74248505000003,-8.915287009999872],[116.74221039000008,-8.915352809999945],[116.74188995999998,-8.915409100000034],[116.74082945999999,-8.915615079999952],[116.74034882,-8.915786739999874],[116.74016573000006,-8.915828689999955],[116.73977660000014,-8.915739079999923],[116.73880768000004,-8.915575019999892],[116.73847961000013,-8.91554164999991],[116.73808288999999,-8.915552139999875],[116.7377319200001,-8.915637979999872],[116.73699190000013,-8.915737169999943],[116.73623655000017,-8.91587638999988],[116.73589325,-8.915937419999864],[116.73506569000006,-8.916000429999883],[116.73487855000008,-8.916014679999876],[116.73466492,-8.91603087999988],[116.73441316000014,-8.916035639999905],[116.73394774999997,-8.915808689999892],[116.73374940000008,-8.915672319999885],[116.73327637,-8.914905529999942],[116.73318480000012,-8.914808249999908],[116.73297119999995,-8.914772029999938],[116.73278970000001,-8.914711539999871],[116.7327880900001,-8.914711],[116.73199463000003,-8.914443019999851],[116.73146821,-8.91398809999987],[116.73077392000005,-8.913510309999879],[116.73025512000015,-8.913143169999955],[116.72991178999996,-8.912918079999884],[116.72928619000004,-8.91258047999986],[116.72863771000004,-8.912001589999932],[116.72844696000016,-8.911833759999922],[116.72763824000015,-8.911506659999816],[116.72737123000013,-8.911460859999863],[116.72713470000008,-8.911479939999936],[116.72603606999996,-8.911676429999943],[116.72554017000016,-8.911489489999894],[116.72538756999995,-8.911384579999947],[116.72525025999994,-8.911220539999874],[116.72517394,-8.911021230000017],[116.72506714000008,-8.910570129999883],[116.72500608999997,-8.910175329999902],[116.7250442400001,-8.90978145999992],[116.72509003999994,-8.909439079999913],[116.72544099000004,-8.907742479999854],[116.72554779000006,-8.9074726099999],[116.72577666999996,-8.907081599999913],[116.72605133000013,-8.906561859999954],[116.72624970000004,-8.90620803999991],[116.72635649999995,-8.906038269999897],[116.72650908000003,-8.905925739999816],[116.72688291999998,-8.90584183999988],[116.72698974000014,-8.905806559999917],[116.72712708999995,-8.905720699999904],[116.72717286,-8.905696859999921],[116.72754670000006,-8.905602459999898],[116.72799682999994,-8.905581469999959],[116.72846221999998,-8.90558528999992],[116.72864533000018,-8.905531899999914],[116.72878264999997,-8.905525199999886],[116.72895812000013,-8.905628189999902],[116.72911836000003,-8.9057044999999],[116.72942353000008,-8.905779839999923],[116.72962189999998,-8.905849449999891],[116.72979737000014,-8.905975359999957],[116.73056028999997,-8.905973449999863],[116.73078920000012,-8.90593526999993],[116.73110959999997,-8.905777929999942],[116.73139953999998,-8.905439389999913],[116.73160553000014,-8.905092239999874],[116.73217009999996,-8.904125199999953],[116.73234557000012,-8.90373324999996],[116.73250579,-8.903215409999916],[116.7325363000001,-8.902853949999951],[116.73256684000012,-8.902567879999935],[116.73266603000013,-8.902147269999944],[116.73268890000008,-8.901242249999939],[116.73266603000013,-8.90110969999995],[116.73244476000013,-8.90074823999987],[116.73226264999994,-8.900544729999922],[116.73220061999996,-8.900475489999906],[116.73174287000018,-8.90006829999993],[116.73139953999998,-8.899868019999872],[116.7307586600001,-8.899514199999942],[116.730484,-8.899327289999917],[116.7301101600001,-8.898913379999954],[116.72990417000005,-8.898600589999944],[116.72972108,-8.898167609999916],[116.7296600300001,-8.897891039999934],[116.72964477000005,-8.897202499999878],[116.72964477000005,-8.896787619999941],[116.72951507000005,-8.896452899999929],[116.72943114999998,-8.896232599999905],[116.72944640000003,-8.896041869999863],[116.72947692000002,-8.895696639999926],[116.72958374000007,-8.895010949999914],[116.72963713000001,-8.894818309999948],[116.72988892,-8.894567489999929],[116.73062896,-8.894104009999921],[116.73086549000004,-8.894031519999885],[116.73114776000011,-8.894018179999932],[116.73151399000005,-8.894032489999859],[116.73169707000011,-8.89402387999985],[116.73188018999997,-8.89391422999995],[116.73197936999998,-8.893791199999896],[116.73197936999998,-8.893589979999945],[116.73196411000015,-8.893419269999924],[116.73184967000009,-8.893196089999947],[116.73164369000006,-8.892831799999897],[116.73160553000014,-8.892256759999952],[116.73161317000006,-8.892146109999942],[116.73175809999998,-8.891901969999878],[116.7319183400001,-8.89174174999988],[116.73229218999995,-8.891558639999914],[116.73271178000005,-8.891361239999924],[116.73297882000008,-8.891260139999929],[116.73364257000014,-8.891186709999943],[116.73400116000016,-8.891192409999917],[116.7341156,-8.891239179999957],[116.73465728000008,-8.891538619999949],[116.7347641,-8.891610139999898],[116.73486329000002,-8.891930569999943],[116.73492432000012,-8.892268189999925],[116.73499299000014,-8.892471329999921],[116.73501589,-8.892623899999933],[116.73524475,-8.892865169999936],[116.73551176,-8.893145579999953],[116.73574829000006,-8.893392569999946],[116.73661805999996,-8.894002919999934],[116.73706055000014,-8.89421842999991],[116.73767853000004,-8.89453600999991],[116.73823545999994,-8.89482973999992],[116.73863219999998,-8.895034789999954],[116.73912811000014,-8.895293249999895],[116.73943327999996,-8.895440109999925],[116.74008046200004,-8.895714855999927],[116.740495367,-8.895890993999899],[116.74067903600007,-8.895968965999941],[116.74084786100002,-8.89604791499994],[116.74098389899996,-8.896077483999875],[116.74106008000012,-8.896098987999892],[116.7411852350001,-8.896107051999934],[116.74136480499999,-8.896088235999912],[116.7414545900001,-8.896066731999952],[116.742053156,-8.895905449999873],[116.7425646580001,-8.895733415999928],[116.7427170200001,-8.895754920999934],[116.74311969199994,-8.896152747999906],[116.74359854499994,-8.896572079999942],[116.74387062000017,-8.896819377999918],[116.74390327000015,-8.896980658999894],[116.74388150300001,-8.897760183999935],[116.74395768499994,-8.897937592999938],[116.74404474900007,-8.89814188199989],[116.74409372200012,-8.898292409999897],[116.74424608499999,-8.898507450999944],[116.74449639400007,-8.898819259999925],[116.74485553400007,-8.899313852999853],[116.74542689300006,-8.89984607699995],[116.7456282280001,-8.899993915999914],[116.74581051899997,-8.900098747999891],[116.7460145760001,-8.900171323999928],[116.74632746299994,-8.90020626799992],[116.74646894199998,-8.900195515999883],[116.74669204400016,-8.900184763999903],[116.74679769600004,-8.900211604999924],[116.746882497,-8.900233147999927],[116.74710831900006,-8.900319163999939],[116.74735046700005,-8.900394427999913],[116.74755996499994,-8.90057721099987],[116.74767967799994,-8.900472379999883],[116.747872852,-8.90033797999996],[116.74813948600001,-8.900112187999923],[116.748291848,-8.899999291999904],[116.74846869700002,-8.899891772999922],[116.74847327300006,-8.8998894369999],[116.74863194200009,-8.899808444999849],[116.74887680999996,-8.899746620999906],[116.74896589500008,-8.899732903999904],[116.74908630800007,-8.899714364999909],[116.7493202930001,-8.899655228999961],[116.74953523299996,-8.899547708999933],[116.74976105600012,-8.899397180999927],[116.74996511200004,-8.899195579999855],[116.75013107799998,-8.89897247599987],[116.75023446700004,-8.898819259999925],[116.75030792799998,-8.898719803999938],[116.75047933500014,-8.89860153099994],[116.75065890500002,-8.898461754999914],[116.75080310500005,-8.898311225999862],[116.75088744799996,-8.898109625999894],[116.75092009700018,-8.89791071299993],[116.75092281800005,-8.897776311999849],[116.75089187899994,-8.897706507999942],[116.750796531,-8.897602727999868],[116.75075702800007,-8.897546136999892],[116.75074320100009,-8.897466129999941],[116.7507511020001,-8.897313919999874],[116.75082615899998,-8.897095362999892],[116.75092096700007,-8.896900222999932],[116.75139033800008,-8.896382211999878],[116.75152536799999,-8.896226012999932],[116.75137723,-8.895957693999947],[116.75131501299995,-8.89586500199988],[116.75121329700005,-8.895798119999938],[116.75002720299995,-8.895067850999908],[116.75058024999998,-8.894228741999939],[116.75174164900011,-8.894944911999858],[116.75179991599998,-8.894864903999917],[116.75185236800007,-8.89480934699992],[116.75191546400015,-8.894756599999937],[116.75203199900011,-8.894672689999936],[116.75217223600009,-8.894549749999953],[116.752314448,-8.894323385999883],[116.75245666,-8.893913587999918],[116.752508014,-8.89364038999986],[116.75250406400005,-8.893378898999913],[116.75251986499995,-8.8925202719999],[116.75248826200016,-8.891856786999881],[116.75240925599996,-8.891446985999892],[116.75231049700005,-8.891060601999925],[116.75219791300003,-8.890496636999956],[116.75215050899999,-8.890303444999915],[116.75208532800002,-8.890084883999918],[116.75200829699997,-8.889883885999893],[116.75193719100014,-8.889721915999928],[116.75179892900007,-8.889335529999926],[116.75164684100002,-8.889031104999958],[116.75154708100013,-8.888849916999959],[116.75150364100011,-8.888756926999918],[116.75139105699998,-8.888553975999912],[116.75127452200002,-8.888376394999852],[116.75116391200015,-8.888220278999938],[116.75100589900012,-8.888056356999925],[116.7509150410001,-8.887960735999854],[116.75080640700014,-8.887845599999935],[116.75074122599995,-8.887777298999936],[116.75068987199995,-8.887716803999922],[116.75063456700013,-8.887673871999937],[116.75055753600009,-8.88760557199987],[116.75042322399997,-8.88748848399996],[116.75034323000011,-8.88742506199992],[116.75027804900014,-8.887384081999926],[116.750180279,-8.88731578099987],[116.75009435900006,-8.887245527999937],[116.75005485500014,-8.88716356699996],[116.7500074510001,-8.887050382999917],[116.749963998,-8.886859139999899],[116.74992449400008,-8.886691314999894],[116.74987709000004,-8.886614231999886],[116.74980697199999,-8.886569348999899],[116.74973092800008,-8.886539100999926],[116.74966969800016,-8.886514707999936],[116.74960254200005,-8.886513731999855],[116.74952946099995,-8.886513731999855],[116.74945542199998,-8.886524862999863],[116.74926182599995,-8.886542027999951],[116.74913146400002,-8.886612280999941],[116.74905245800005,-8.886717659999931],[116.74901493000016,-8.886834746999853],[116.74896554999998,-8.887059163999936],[116.74892012100008,-8.887160639999934],[116.74889246900011,-8.887228940999876],[116.74880556200003,-8.88731480499996],[116.74864557300009,-8.887351882999951],[116.74825646500005,-8.887373348999915],[116.74797204100014,-8.887390911999944],[116.747814027,-8.887396765999881],[116.74763033700003,-8.887361639999938],[116.74751972700017,-8.887316756999951],[116.74723727800017,-8.887195765999877],[116.74704766200011,-8.887105998999914],[116.74680669200006,-8.886981105999894],[116.74653016800005,-8.886844503999953],[116.74600082300003,-8.88678596099993],[116.745657144,-8.886746930999948],[116.74543987599998,-8.88662594099992],[116.7453134650001,-8.886512755999945],[116.74513965000017,-8.88629028999992],[116.74491843100009,-8.886067823999895],[116.74455105000015,-8.885892191999858],[116.74424687400017,-8.885899997999957],[116.74402960600014,-8.885868774999949],[116.74382813800003,-8.885767298999895],[116.74360692000016,-8.88568923999992],[116.74345285699997,-8.885587763999865],[116.74328694199994,-8.885466772999905],[116.74314077999998,-8.885357490999922],[116.74297486599994,-8.88526382099991],[116.74275364699997,-8.885216985999932],[116.74250082599997,-8.885146732999885],[116.74236303399994,-8.885062326999957],[116.742251431,-8.884948858999849],[116.74214529500011,-8.884791565999933],[116.74213739499999,-8.884643253999911],[116.74217294799996,-8.884463718999882],[116.74228750700013,-8.884241251999924],[116.742338862,-8.884057812999856],[116.74235861400007,-8.883835345999955],[116.742220352,-8.883546526999908],[116.74203863600007,-8.883249902999921],[116.74183716900006,-8.88306256199985],[116.74162385099999,-8.882949375999885],[116.74139078100006,-8.882894733999933],[116.74109055600013,-8.882883025999945],[116.74076662799996,-8.882976696999947],[116.73981459699996,-8.883224533999908],[116.73955584999999,-8.883294786999954],[116.73919636999995,-8.883347476999916],[116.73886059100016,-8.883327961999953],[116.738669,-8.883205018999888],[116.73849123500008,-8.883105493999949],[116.7382245870001,-8.882957181999927],[116.73792633700009,-8.882894733999933],[116.73751747699998,-8.882816674999958],[116.73740885799998,-8.882793804999892],[116.73732756000004,-8.88276384999989],[116.73714882500008,-8.88267329599995],[116.73702368500005,-8.88258249799992],[116.73693480200006,-8.882477117999883],[116.73688739800002,-8.882365883999853],[116.73686567100003,-8.882215619999954],[116.73686172100008,-8.882131705999939],[116.73686434699994,-8.882086620999928],[116.73687743000005,-8.882068629999935],[116.73690795000016,-8.88195228],[116.73681639999995,-8.881568889999926],[116.73676302000001,-8.881517409999901],[116.73667145000013,-8.881434449999858],[116.73651123000013,-8.881365779999953],[116.73627494700008,-8.881271812999898],[116.73623756800009,-8.881234022999877],[116.73615856100002,-8.881157914999903],[116.73608350500001,-8.88108180699993],[116.73596697000005,-8.880974474999903],[116.73585043500009,-8.880921784999941],[116.73563514199998,-8.88089836699993],[116.73544750099995,-8.88087494899986],[116.73531121400015,-8.88086519199993],[116.73514727500003,-8.880896415999928],[116.735040616,-8.880908124999848],[116.73489247900011,-8.880941299999904],[116.73472656499996,-8.880976426999894],[116.73460841099995,-8.88100302499987],[116.73458863000008,-8.881005279999897],[116.73441316000014,-8.88097382999996],[116.73426819999997,-8.880862239999942],[116.73413120000009,-8.880692589999853],[116.73413169000003,-8.880692279999948],[116.73504755,-8.880311539999866],[116.73625211,-8.880173689999936],[116.73737201999995,-8.880077699999958],[116.73943426000005,-8.879778699999918],[116.74086842000008,-8.879618199999868],[116.74217820000013,-8.879396189999909],[116.74269701000003,-8.87939613999987],[116.74408176999998,-8.879572179999911],[116.74507769000002,-8.87964393999988],[116.74595109000018,-8.880138219999935],[116.74676158,-8.880437719999918],[116.74757075000002,-8.880265909999935],[116.7488398700001,-8.8796251899999],[116.74957068000015,-8.879272019999917],[116.75000002000013,-8.879094079999959],[116.75051628000006,-8.879140300000017],[116.75154597000017,-8.879436869999893],[116.75291865999998,-8.880166139999915],[116.75406256999997,-8.880804199999943],[116.75681912000016,-8.882611429999827],[116.75848236000013,-8.882972989999928],[116.75990361000015,-8.882838099999958],[116.76166638999996,-8.882212939999874],[116.76312855000015,-8.881982669999957],[116.7645142,-8.882310919999895],[116.76628542000003,-8.882598899999948],[116.76740427000004,-8.882551309999826],[116.76872236000008,-8.881924419999905],[116.76890237999999,-8.881838039999877],[116.76890825999999,-8.881835629999955],[116.77007234000007,-8.880782609999926],[116.77099132,-8.879803899999956],[116.77193936000015,-8.87888844999992],[116.77377513,-8.877657169999907],[116.77521192000006,-8.877455539999914],[116.77670591000003,-8.877773599999955],[116.77835282,-8.878620319999925],[116.77996534,-8.879584549999947],[116.78122556000005,-8.880274929999928],[116.78323867999995,-8.881588819999934],[116.78439164999998,-8.882476389999852],[116.78512759000012,-8.883106069999883],[116.78575029000012,-8.88363864999991],[116.78675722000014,-8.88408287999988],[116.78742912900009,-8.884424021999905],[116.79057183199996,-8.886019639999915],[116.79163309,-8.88662606999992],[116.79234695000002,-8.886932009999896],[116.79299131000005,-8.887253819999898],[116.79438655000001,-8.88795180999989],[116.79571228999998,-8.888359729999934],[116.79724199000009,-8.889889429999926],[116.79753139000002,-8.890294799999879],[116.79826179000008,-8.891317149999907],[116.7985149000001,-8.892199909999931],[116.79887367000003,-8.893458729999907],[116.79887367000003,-8.894886449999944],[116.79887367000003,-8.895906239999931],[116.79856773000017,-8.897333959999912],[116.79724199000009,-8.900189399999931],[116.79601823000007,-8.902840879999928],[116.79479447000006,-8.903758699999855],[116.79234695000002,-8.905492349999918],[116.79019341000003,-8.906536489999894],[116.78898161999996,-8.90712402999992],[116.78684004000002,-8.90793986999995],[116.78604919700012,-8.90844600999992],[116.78429054000014,-8.909571549999953],[116.78316876000008,-8.91181510999985],[116.78204699000014,-8.914364599999942],[116.78184323000016,-8.916506179999942],[116.78211080999995,-8.917342789999907],[116.78293536000012,-8.917808419999858],[116.78438673000005,-8.918458689999852],[116.7866555600001,-8.919291659999942],[116.78698882000015,-8.919662739999922],[116.78749413000003,-8.920238319999953],[116.78786589000003,-8.920602689999953],[116.78831351999997,-8.920981209999923],[116.78839212000003,-8.921048579999933],[116.78845655000009,-8.921171579999907],[116.78854790000014,-8.921352579999848],[116.78865696000014,-8.921547569999916],[116.78881592000016,-8.921804289999898],[116.78885302000015,-8.921883700000024],[116.78886326999998,-8.922064539999951],[116.78890017000015,-8.922199189999901],[116.78915315999996,-8.92248504999992],[116.78922919000001,-8.922555599999896],[116.78941280000015,-8.922693239999944],[116.78959459000009,-8.922865159999958],[116.78961232999995,-8.922891389999961],[116.78966567000009,-8.922970279999959],[116.78990514999998,-8.923447129999943],[116.79003996000017,-8.923584619999872],[116.79027584000016,-8.923759319999931],[116.79038274000004,-8.923849889999872],[116.79044910000005,-8.923934059999908],[116.79066235999994,-8.924279279999894],[116.79078917000015,-8.924400509999884],[116.79090707000012,-8.92450765999996],[116.79096762999995,-8.924613689999944],[116.79096985000001,-8.924760069999877],[116.79087955,-8.92492362999991],[116.79078883000011,-8.92499477999985],[116.79073681000011,-8.925035579999928],[116.79051522999998,-8.925133919999894],[116.79033096,-8.925298469999916],[116.79021103000014,-8.925473229999909],[116.7902372100001,-8.925620799999933],[116.79030312000009,-8.925702069999943],[116.7906125400001,-8.926084319999916],[116.79072601000007,-8.926166179999939],[116.79078816000003,-8.926176219999888],[116.791033,-8.926215789999958],[116.79149813000004,-8.926273789999868],[116.79172728000015,-8.92635319999988],[116.79196510000008,-8.92653547999987],[116.7919972200001,-8.927480619999926],[116.79180010999994,-8.928029139999921],[116.79167736000011,-8.928281049999953],[116.7913533300001,-8.928621199999952],[116.79110571000001,-8.928885449999882],[116.79094681000004,-8.929106709999871],[116.79077006,-8.929368139999951],[116.79071725000006,-8.929464789999884],[116.79068539000002,-8.929695029999891],[116.79063540000004,-8.929888769999934],[116.79062701999999,-8.929909619999876],[116.7904936,-8.930229649999887],[116.79046424000012,-8.930281689999958],[116.79020542,-8.93052632999985],[116.78994832,-8.930733019999877],[116.78984560000004,-8.930815609999911],[116.78951633999998,-8.931041419999929],[116.78927547000012,-8.931109719999881],[116.78894076999995,-8.931081439999957],[116.78880684000012,-8.931112319999954],[116.78852314000005,-8.931338],[116.78808842000012,-8.931725939999922],[116.78789950999999,-8.931893929999944],[116.78769465000005,-8.932083899999952],[116.78736526,-8.932325329999912],[116.78702005000002,-8.9324805199999],[116.78677471000015,-8.932544509999957],[116.78636185999994,-8.93252041999989],[116.78603476,-8.932481689999918],[116.78590993,-8.932502189999923],[116.78550388999997,-8.932749429999944],[116.78514328999995,-8.932948789999898],[116.78459217,-8.933305529999927],[116.78439864000006,-8.933401389999858],[116.78409038999996,-8.933444509999902],[116.78316393,-8.933353699999941],[116.78240583000002,-8.933182599999896],[116.78221828999995,-8.93315758999995],[116.78206325000008,-8.9332],[116.78197082000008,-8.93329254999992],[116.78194924000002,-8.933562699999925],[116.78159182000013,-8.934022799999866],[116.78150187999995,-8.934149019999836],[116.78152361000002,-8.934295559999953],[116.78174047000016,-8.934557169999948],[116.78186760000006,-8.934695949999877],[116.78187292999996,-8.934821939999892],[116.78180083000007,-8.935105129999897],[116.78179196999997,-8.935326089999876],[116.7819090700001,-8.935680989999923],[116.78202786999998,-8.935897019999857],[116.78226507000011,-8.936113849999856],[116.78242924000017,-8.936266659999887],[116.78294859000016,-8.936675439999874],[116.78298470999994,-8.936751399999935],[116.78276628000015,-8.937174279999851],[116.78253794000011,-8.937369289999936],[116.78199405999999,-8.937758289999863],[116.78175763000002,-8.93812227999996],[116.78168112000003,-8.938277979999953],[116.78165036999997,-8.938512209999885],[116.78176585999995,-8.93920114999986],[116.78178771,-8.9393327599999],[116.78177322,-8.939819519999958],[116.78183202000014,-8.940203819999851],[116.78188420000015,-8.940514879999853],[116.78185768000014,-8.940605279999943],[116.78185288000009,-8.94061108999989],[116.78178899000011,-8.940643609999938],[116.7755500400001,-8.942958589999876],[116.77259189000017,-8.944369399999914],[116.76599294000016,-8.945188579999922],[116.76304668000012,-8.945190429999911],[116.76255550300004,-8.945111205999922],[116.76253630500003,-8.945104777999916],[116.76247235699998,-8.945079041999918],[116.76240367300011,-8.945057984999949],[116.76230893599995,-8.945036928999912],[116.76222604099996,-8.945008852999877],[116.76215972500006,-8.944994815999905],[116.76209814599997,-8.944973758999936],[116.76201525099998,-8.944957381999927],[116.76194182999996,-8.944948022999938],[116.76194029600003,-8.944970003999856],[116.76103180000007,-8.944716939999921],[116.76062425000009,-8.94460292999986],[116.76037215500003,-8.94455673899995],[116.76031752200004,-8.944564793999916],[116.759687676,-8.945178175999956]]]]}},{"type":"Feature","properties":{"gid":331159,"luas":0.018912209571181,"kdkab":"07","kdkec":"07","nmkab":"SUMBAWA BARAT","nmkec":"BRANG ENE","kdprov":"52","nmprov":"NUSA TENGGARA BARAT","sumber":null,"periode":"2025_1","idkec":"52.07.07"},"geometry":{"type":"MultiPolygon","coordinates":[[[[116.88683454,-8.84276850999992],[116.88482185,-8.84240473999995],[116.88426213,-8.84221030000001],[116.88406683,-8.84214245999994],[116.88379692,-8.84208520999994],[116.88307215,-8.84193147999991],[116.88058259,-8.84104324999993],[116.87738791,-8.84111276999995],[116.87652235,-8.84080346999991],[116.87500006,-8.83976226999995],[116.874486,-8.83954831999995],[116.87408635,-8.83944878999996],[116.87378661,-8.839399],[116.87307584,-8.83926802999993],[116.87213985,-8.83888036999991],[116.8715628,-8.83871884999991],[116.8707966,-8.83841636999995],[116.86990556,-8.83813393999992],[116.86906607,-8.83798774999991],[116.86814941,-8.83764961999993],[116.86782244,-8.83748531999992],[116.86686827,-8.83714759999994],[116.86619042,-8.83691876999996],[116.8652434,-8.83666181999996],[116.86470353,-8.83646878999991],[116.86407014,-8.83630164999994],[116.86339947,-8.83615357999991],[116.86281541,-8.83592370999992],[116.86221912,-8.83571883999992],[116.86139673,-8.83542319999994],[116.86074356,-8.83516298999997],[116.86041617,-8.83496136999992],[116.85996939,-8.83470510999996],[116.85957351,-8.83452911999997],[116.85900675,-8.83416844999996],[116.85842153,-8.83383285999994],[116.85773432,-8.83332429999995],[116.85672064,-8.83269487999992],[116.85619925,-8.83247674999995],[116.85565285,-8.83225889999994],[116.85506957,-8.83209739999995],[116.85437313,-8.83188119999994],[116.8537017,-8.83166470999993],[116.85300512,-8.83143606999995],[116.852497,-8.83128618999996],[116.85198901,-8.83114874999995],[116.852000665,-8.82992303399994],[116.85204728,-8.82890965399991],[116.852093895,-8.82817264799991],[116.852297837,-8.82636467599991],[116.852361932,-8.82614587599994],[116.852410355,-8.82596184199992],[116.852437682,-8.82585798099996],[116.852548393,-8.82558735999993],[116.852787295,-8.82470064199992],[116.85280745,-8.82465314899992],[116.852938795,-8.82434365099994],[116.85317187,-8.82377937399992],[116.853544791,-8.82293871599996],[116.85403425,-8.82170075599993],[116.854313941,-8.82115950699995],[116.85570569,-8.81904904999995],[116.85615782,-8.81866469999995],[116.85664636,-8.81818043999994],[116.85708425,-8.81764076999992],[116.857477,-8.81697721999997],[116.85804437,-8.81627441999997],[116.85808181,-8.81626779999994],[116.85865022,-8.81565826999991],[116.8590506,-8.81511900999993],[116.85919856,-8.8149308099999],[116.85936937,-8.8145495699999],[116.85949538,-8.81407552],[116.85952796,-8.81363360999996],[116.85949962,-8.81333540999993],[116.85936994,-8.81292016999993],[116.85921387,-8.81238082999994],[116.85909163,-8.81207122999998],[116.85894556,-8.81186760999993],[116.8586521,-8.81134222999993],[116.85833537,-8.81097257999994],[116.85813734,-8.81059539999995],[116.85767585,-8.81014028999994],[116.857117,-8.80936284999995],[116.85671546,-8.80867696999991],[116.85620794,-8.80801712999994],[116.85578849,-8.80740606999996],[116.85539481,-8.80686312999996],[116.85503642,-8.80612079999992],[116.85488983,-8.80586998999991],[116.85448827,-8.80518153999992],[116.85383782,-8.80403818999991],[116.85322377,-8.80279492999996],[116.85321745,-8.80278877999996],[116.85299394,-8.8023683399999],[116.85268755,-8.80180578999995],[116.85252062,-8.80140960999995],[116.85241005,-8.80102523999995],[116.85234255,-8.80057820999991],[116.85230131,-8.80024283999995],[116.85227708,-8.79975180999992],[116.85226042,-8.79937884999993],[116.85213479,-8.79876453999993],[116.8519984,-8.79830583999995],[116.85196181,-8.79782736999994],[116.85189327,-8.79728705999992],[116.85199206,-8.79661432999998],[116.8522231,-8.79602718999997],[116.85241413,-8.79521660999996],[116.85258779,-8.7945305899999],[116.85272937,-8.79377030999996],[116.85293394,-8.79305285999993],[116.85307434,-8.79218685999996],[116.85312784,-8.79137778999996],[116.85345385,-8.78977589999995],[116.85359084,-8.78916492999992],[116.8537761,-8.78839792999991],[116.853969229,-8.78794992899992],[116.85397275,-8.78794175999992],[116.854346031,-8.78786314599995],[116.85540722,-8.78761873999991],[116.855681643,-8.78741386699994],[116.85691295,-8.78638106699993],[116.857814855,-8.78521345699994],[116.857864733,-8.7851359799999],[116.85862911,-8.78394865999991],[116.8589177,-8.78335522999993],[116.858984605,-8.78322744999992],[116.858962188,-8.78315729499991],[116.858918759,-8.78300150999991],[116.858894631,-8.78285208299993],[116.858873946,-8.78262646099995],[116.858855675,-8.78243440299991],[116.859138772,-8.78224682499996],[116.859397742,-8.78209103899991],[116.85962615,-8.78194439399993],[116.859676416,-8.78191498499996],[116.859858177,-8.78180649199993],[116.859967556,-8.78173734199993],[116.86004959,-8.78169044699996],[116.860213658,-8.78162129699995],[116.860284432,-8.78157519699994],[116.860339121,-8.78153227699994],[116.860430806,-8.78148458699991],[116.86051284,-8.78144484599994],[116.860559487,-8.78140987299992],[116.860598091,-8.78138284899996],[116.860607742,-8.78135900499995],[116.860619001,-8.78132562199995],[116.860633478,-8.78128905999995],[116.86065703,-8.78127072099994],[116.860713501,-8.7812151409999],[116.860782667,-8.78112453099995],[116.860659968,-8.78105061199994],[116.860662649,-8.78096549399994],[116.860685704,-8.78023352899992],[116.860673508,-8.77990260699994],[116.860650317,-8.77927337399997],[116.860589194,-8.77695563999992],[116.86048518,-8.77315060999996],[116.860449112,-8.77154078599994],[116.860436001,-8.77078350999994],[116.860412694,-8.77004062999993],[116.86039667,-8.76945611499993],[116.8603923,-8.76893926499992],[116.860374819,-8.76838066299996],[116.860338401,-8.76701150799994],[116.860331117,-8.76671348899992],[116.860309266,-8.76565098599992],[116.860304896,-8.76526082499995],[116.860375547,-8.76524066899993],[116.860388658,-8.76511541399993],[116.860395213,-8.76495272699992],[116.860382103,-8.76480803599992],[116.860367535,-8.76465974499997],[116.860350783,-8.76462951099995],[116.860305625,-8.76455824599992],[116.86032966,-8.76446178499994],[116.860346413,-8.76438116099995],[116.860354546,-8.76429171599995],[116.860359523,-8.76418895899992],[116.860838057,-8.76416736299997],[116.860854081,-8.76432789099994],[116.860948768,-8.76433940899994],[116.861091891,-8.76432897099994],[116.861315862,-8.76428793899994],[116.861594824,-8.76439375799993],[116.861750694,-8.76439591799994],[116.861891267,-8.76441751399995],[116.862028928,-8.76438367999992],[116.862176057,-8.76441247499992],[116.862259818,-8.76441247499992],[116.862357419,-8.76444126899994],[116.862460846,-8.76447798199995],[116.862580297,-8.76451901299993],[116.862635653,-8.76449957699993],[116.862661874,-8.76448517999996],[116.86269028,-8.76446574399995],[116.862727426,-8.76445782599995],[116.862795892,-8.76444990699991],[116.862843236,-8.76444414799994],[116.862923356,-8.76443263099992],[116.863077768,-8.76441751399995],[116.863159569,-8.76440600999998],[116.863157478,-8.76438844499997],[116.863197037,-8.76426724399995],[116.863223258,-8.76411463399995],[116.863226172,-8.76395770499995],[116.863214518,-8.76385980399993],[116.863207235,-8.76378637899996],[116.863492752,-8.76373454899994],[116.863629684,-8.76375038599991],[116.863718544,-8.76373166999991],[116.863770258,-8.76370935399996],[116.863851106,-8.76368847799996],[116.863957447,-8.76366904199994],[116.864035382,-8.76364312699991],[116.864052862,-8.76360065599994],[116.864028826,-8.76354018699993],[116.863993865,-8.76343220899992],[116.863973834,-8.76331960899995],[116.864322538,-8.76324342599992],[116.864331278,-8.76331757099996],[116.865372635,-8.76339324799994],[116.865372974,-8.76344313299995],[116.86537341,-8.76350712999995],[116.8653742,-8.76356942999996],[116.86537566,-8.76358110999991],[116.865378074,-8.76365818499996],[116.865386216,-8.76391811599996],[116.865376565,-8.76429011199991],[116.865331527,-8.76456354499995],[116.86530227,-8.76465028899992],[116.865247884,-8.76481154199996],[116.865202846,-8.76503728199992],[116.865190791,-8.76507446999994],[116.865149765,-8.7652010239999],[116.865115987,-8.76530912499994],[116.865062906,-8.76552214699996],[116.865040387,-8.76571132399994],[116.865066123,-8.76584803999994],[116.865103119,-8.76594342299996],[116.86531142,-8.76609683099992],[116.865551088,-8.76615406099996],[116.865853487,-8.76616518899994],[116.86606645,-8.76616440999995],[116.86624616,-8.76615989999994],[116.86644832,-8.76615617999994],[116.86669007,-8.76618132999994],[116.86690732,-8.76619670999992],[116.86745551,-8.76623126999993],[116.86747737,-8.76623342999996],[116.867863731,-8.76627166199997],[116.86788887,-8.76627414999998],[116.86802035,-8.76628743999994],[116.868093653,-8.76629484699993],[116.86811164,-8.76598903999992],[116.868119175,-8.76595931099996],[116.867997969,-8.76588026399992],[116.867947844,-8.76578001299993],[116.867964552,-8.76566305299993],[116.868036956,-8.76551267699995],[116.86809822,-8.76537900899997],[116.868148346,-8.76515622899996],[116.868298722,-8.76481648999992],[116.868354417,-8.76459927999991],[116.868332139,-8.76441548699995],[116.868243027,-8.76425954099995],[116.868137207,-8.76416207499996],[116.868089866,-8.76405346899994],[116.868053664,-8.76392537099993],[116.86805088,-8.76381398099994],[116.868073158,-8.76364689599997],[116.868142776,-8.76351601299996],[116.868293153,-8.76332943499995],[116.868396188,-8.76322361499995],[116.86853821,-8.76311222499993],[116.868660739,-8.76300918899996],[116.868769344,-8.76292286199993],[116.868969846,-8.76286995199996],[116.869092375,-8.76283374999992],[116.869273384,-8.76283374999992],[116.86952958,-8.76273349899993],[116.869791347,-8.76263881799993],[116.870019696,-8.76249401099995],[116.870236906,-8.76233806499994],[116.870392852,-8.76220439699994],[116.870554367,-8.76199275699992],[116.870696389,-8.76193149199992],[116.87080221,-8.76189528999992],[116.870941447,-8.76189528999992],[116.871061191,-8.76188972099993],[116.871219922,-8.76192035299994],[116.871445486,-8.76192592299993],[116.87162371,-8.76188693599993],[116.871737885,-8.76183124099992],[116.871768517,-8.76177554599991],[116.871815858,-8.76169757299994],[116.871857629,-8.76158061399993],[116.871888261,-8.76144416099993],[116.871921678,-8.76129935499996],[116.871955095,-8.76118239499994],[116.872021929,-8.76103201899992],[116.872239139,-8.76097075399991],[116.872478628,-8.76093176799992],[116.872715331,-8.76086493399993],[116.872821151,-8.76076746799993],[116.872910263,-8.76063101499995],[116.872926972,-8.76047785399993],[116.872904694,-8.76037760299995],[116.872843429,-8.76027456799994],[116.872754317,-8.76013254599991],[116.872757102,-8.75985963999996],[116.87278495,-8.759648],[116.872840645,-8.75940851099994],[116.872718116,-8.75914674499996],[116.872422933,-8.75903813999992],[116.872228,-8.75900750799991],[116.872027498,-8.75902421599994],[116.871843705,-8.75907991099995],[116.871657127,-8.75914674499996],[116.87168219,-8.75880700599993],[116.871710037,-8.75852853099991],[116.871729246,-8.75820078099992],[116.87185161,-8.75807408399993],[116.872055552,-8.75784372599992],[116.872300281,-8.75758457299992],[116.872521703,-8.75712385599991],[116.87276859,-8.75640831999993],[116.8731613,-8.75660402999996],[116.87351581,-8.75678068999992],[116.87357991,-8.75681263999991],[116.87514132,-8.75662667999997],[116.87555929,-8.75654239999995],[116.87856729,-8.75613242999993],[116.88062534,-8.75585191999994],[116.88292006,-8.75552092999994],[116.88354857,-8.75570674999994],[116.88486802,-8.75603166999992],[116.88563509,-8.75614106999996],[116.88623235,-8.75614562999994],[116.88623213,-8.75617426999992],[116.88623217,-8.7562116599999],[116.88639645,-8.75636925999992],[116.88664605,-8.75658271999994],[116.88722653,-8.75690326999995],[116.88748509,-8.75694019999993],[116.88784924,-8.75699221999991],[116.88823121,-8.75690054999996],[116.88844266,-8.75688931999991],[116.88922252,-8.75668900999995],[116.88929459,-8.7566793299999],[116.89008691,-8.75674930000001],[116.89014727,-8.75676285999994],[116.8904274,-8.75682580999996],[116.89104771,-8.75717041999993],[116.89155409,-8.75745173999993],[116.89261381,-8.75764669999996],[116.89383669,-8.75744456999991],[116.89443862,-8.75739693999993],[116.89448422,-8.75738081999994],[116.89463021,-8.75738603999991],[116.8951706,-8.757311],[116.89546103,-8.75730762999998],[116.897461325,-8.75684347699996],[116.900461607,-8.75573337299995],[116.902171768,-8.75462326799994],[116.904325406,-8.75298809799995],[116.907414762,-8.75577087599993],[116.91026503,-8.75766105399992],[116.91183532,-8.75855044999992],[116.91217462,-8.7588788199999],[116.91222003,-8.75892846999994],[116.912266,-8.75898650999995],[116.91235101,-8.759129],[116.91242828,-8.75925804999992],[116.9125877,-8.75942764999991],[116.91265662,-8.75949708],[116.9160422,-8.76474472999997],[116.91610844,-8.76481459999992],[116.91636108,-8.7650231199999],[116.91649884,-8.76514257999991],[116.91656733,-8.76519970999993],[116.91672849,-8.7653646699999],[116.91679735,-8.76542776999994],[116.91687105,-8.76549553999996],[116.91697247,-8.76556218999993],[116.91706931,-8.76565523999995],[116.91709181,-8.76573786999995],[116.91719881,-8.7658852499999],[116.9172071,-8.76589771999995],[116.91727597,-8.76597341999991],[116.91735243,-8.76606750999992],[116.9174099,-8.76613808999991],[116.91741909,-8.76614762999992],[116.91748702,-8.76622629999992],[116.91760656,-8.766301],[116.91770428,-8.76641768999992],[116.9178157,-8.76656618999994],[116.91792048,-8.7667041799999],[116.91801474,-8.7668207899999],[116.91815036,-8.76696642],[116.91835722,-8.76719024999994],[116.91861521,-8.76747669999992],[116.91866354,-8.76754265999995],[116.91878492,-8.76769722999996],[116.91889269,-8.76782691999995],[116.91899945,-8.76794871999996],[116.9190178,-8.76796926999992],[116.91906141,-8.76802233999996],[116.91925209,-8.76827675999995],[116.91955146,-8.76862581999996],[116.91967697,-8.76874265999991],[116.91981859,-8.76887133999993],[116.9198589,-8.76890544999991],[116.92016476,-8.76912222999995],[116.92031522,-8.76923073999996],[116.92062858,-8.76935146999995],[116.92082772,-8.76940306999996],[116.92110937,-8.76948109999999],[116.92121907,-8.76957900999994],[116.92151143,-8.76987901999991],[116.92151486,-8.76988056999994],[116.92159504,-8.76994582999993],[116.92194034,-8.7701684099999],[116.92223451,-8.77028523999991],[116.92233033,-8.77033611999991],[116.92253394,-8.7704562799999],[116.92267584,-8.77056726000001],[116.92306319,-8.77088079999993],[116.92336025,-8.77109354999994],[116.92351315,-8.77122384999996],[116.92369546,-8.7714633399999],[116.92343344,-8.77281064999992],[116.92343851,-8.77284479999992],[116.92351512,-8.773097],[116.92356652,-8.77328375999991],[116.92359037,-8.77349804999996],[116.9236072,-8.77352634999996],[116.92370468,-8.77365106999993],[116.92381528,-8.77369411999998],[116.92398745,-8.77366751999996],[116.92448288,-8.77354360999994],[116.92458054,-8.77358894999992],[116.92461072,-8.77361297999994],[116.92476977,-8.77379717999992],[116.92498107,-8.77417085999991],[116.92510183,-8.77448860999993],[116.92532887,-8.77481589999991],[116.92535736,-8.77484624999993],[116.92546429,-8.77492225999993],[116.92567668,-8.77498556999996],[116.92593347,-8.77510580999996],[116.92604291,-8.77524227999993],[116.92608107,-8.77531174999996],[116.92651263,-8.77573815999995],[116.92677822,-8.77586792999995],[116.92763617,-8.77646380999994],[116.92863813,-8.77713567],[116.92921475,-8.77770035999993],[116.93004448,-8.77853475999996],[116.93121967,-8.7794765],[116.93162621,-8.77992122999996],[116.93302689,-8.78145338999992],[116.9345614,-8.78297300999992],[116.93551372,-8.7842904399999],[116.9359467,-8.78493811999994],[116.93648837,-8.78558873999994],[116.93661032,-8.78580149999994],[116.93698734,-8.78581320000002],[116.93802967,-8.78586507999995],[116.93885744,-8.78582504999992],[116.94033739,-8.78583123999994],[116.94174074,-8.7858916499999],[116.94328491,-8.78602487999996],[116.94483241,-8.78621531999992],[116.94581075,-8.78632437999991],[116.94711715,-8.78648647999995],[116.94915821,-8.78669635999995],[116.95126548,-8.78686682999995],[116.95338772,-8.78696841999994],[116.9548035,-8.78686976999995],[116.95621284,-8.78675205999991],[116.95779461,-8.78655762999995],[116.95923258,-8.78637941999997],[116.9608656,-8.78623255999992],[116.96361117,-8.78617212999995],[116.96423038,-8.78609652999996],[116.96594067,-8.78588688999992],[116.96786694,-8.7853959099999],[116.9697868,-8.78489855999994],[116.97029419,-8.7847942399999],[116.97144811,-8.78455761999992],[116.9736752,-8.78422169999995],[116.97517033,-8.78389703999996],[116.97692442,-8.78359400999995],[116.97849957,-8.78331047999996],[116.98005202,-8.78289661999992],[116.98191402,-8.78227852999994],[116.98304739,-8.78171938999993],[116.98397941,-8.78117343999991],[116.98475509,-8.78074234999993],[116.98509781,-8.78055462999994],[116.98589788,-8.78011640000001],[116.9878613,-8.77915144999992],[116.98865596,-8.77864079999995],[116.9893897,-8.77805397999993],[116.99059553,-8.77707174999995],[116.9920249,-8.77600948999993],[116.99320813,-8.77512832999991],[116.9938142,-8.77556239999997],[116.9938286,-8.77555879999994],[116.99467609,-8.77616287999996],[116.99539214,-8.77669249999991],[116.99539321,-8.77669333999995],[116.99565165,-8.77687843999991],[117.0,-8.78070556999996],[117.00125047,-8.78233626999992],[117.0016876,-8.78301293999994],[117.00245527,-8.7839294],[117.0029211,-8.78439905999995],[117.00349634,-8.78504883999995],[117.00369012,-8.78541567999992],[117.00402898,-8.78580563999992],[117.00433,-8.78618982999995],[117.0043363,-8.78618973999995],[117.00504497,-8.78693166999994],[117.00542899,-8.78740241999993],[117.00572245,-8.78769278999995],[117.00609387,-8.78816370999993],[117.00649107,-8.78867810999992],[117.00674694,-8.78898150999992],[117.00694516,-8.78921052999995],[117.00712425,-8.78942102999994],[117.00712441,-8.78943354999998],[117.00779041,-8.79027622999997],[117.00811039,-8.79066642999992],[117.00828965,-8.79088943999995],[117.00838029,-8.79107607999993],[117.00853555,-8.79138707999993],[117.00868385,-8.79164807999996],[117.00881956,-8.79190924999995],[117.00893664,-8.79218945999993],[117.00910449,-8.79250027999996],[117.00924717,-8.79281144999993],[117.00930754,-8.79308614999991],[117.00936033,-8.79326702999993],[117.00932405,-8.79384356999992],[117.00932768,-8.7941127599999],[117.00934416,-8.79440056999993],[117.00950867,-8.79493060999994],[117.0095948,-8.79524879],[117.00968671,-8.79552932999991],[117.00977702,-8.79569091999993],[117.00985114,-8.79605309999994],[117.00986863,-8.79641602999994],[117.00990297,-8.79662845999991],[117.00987438,-8.79684172999993],[117.00985402,-8.79719890999991],[117.00979793,-8.79770683999994],[117.00984584,-8.79791928999993],[117.01005238,-8.79891387999991],[117.01065608,-8.79959270999996],[117.01079907,-8.79984528999995],[117.01130382,-8.80014747999991],[117.01480633,-8.80142986999994],[117.02093493,-8.80385468999993],[117.02159242,-8.80456822999993],[117.02178343,-8.80472847999994],[117.02178369,-8.80474724999994],[117.02201372,-8.80500088999992],[117.02215524,-8.80522441999995],[117.02226152,-8.8056362499999],[117.02252123,-8.8062213499999],[117.02261818,-8.80640789999996],[117.02275704,-8.80690069999993],[117.02288196,-8.80729349999996],[117.02301393,-8.80774255999995],[117.02312039,-8.80816690999998],[117.02332371,-8.80877155000002],[117.02339963,-8.80926518999991],[117.02348713,-8.80968353999992],[117.02361239,-8.81010137999993],[117.02411465,-8.81093368999996],[117.02437684,-8.811237],[117.02460076,-8.81150322999992],[117.02495906,-8.81193047999995],[117.02510594,-8.81208504999995],[117.02511274,-8.81212252999997],[117.02575815,-8.81283394999991],[117.02618432,-8.81316009999995],[117.02645205,-8.81340697],[117.02678475,-8.81380323999991],[117.02720573,-8.81421085999995],[117.02751955,-8.81460737999994],[117.02775003,-8.81489232999991],[117.02803128,-8.81520788999995],[117.02842122,-8.81564722999992],[117.02866403,-8.81591320999991],[117.02896501,-8.81629112999991],[117.0292569,-8.81646253999992],[117.02974058,-8.81685052999996],[117.03017389,-8.81723918999995],[117.03049862,-8.81751033999996],[117.03081831,-8.81787547999996],[117.03106053,-8.81809763999991],[117.03135344,-8.81834416999994],[117.03148723,-8.81846135000001],[117.03168547,-8.81869036999996],[117.03186399,-8.81885702999995],[117.03213734,-8.81905372999996],[117.03245032,-8.81938764999997],[117.03281459,-8.81978975999995],[117.03298732,-8.81999407000002],[117.03324273,-8.82025988999992],[117.03360606,-8.82059312999991],[117.03385483,-8.82083398999993],[117.03405249,-8.82101917999996],[117.0345491,-8.82143202999995],[117.03514913,-8.82204385999995],[117.03541109,-8.82232836999994],[117.03574985,-8.82270577999994],[117.03661387,-8.82375236999991],[117.03686971,-8.82404948999994],[117.03754111,-8.8248168899999],[117.03787332,-8.82517558999996],[117.03816113,-8.82550984999994],[117.03841638,-8.82576313999994],[117.03867145,-8.82600390999991],[117.03895281,-8.82632572999995],[117.03924632,-8.82661606999994],[117.039882,-8.82753423999991],[117.04021539,-8.82795602999994],[117.04038825,-8.82823302999993],[117.04021023,-8.82829214999993],[117.03999661,-8.82831581999995],[117.03960252,-8.82827683999995],[117.03935109,-8.8283052699999],[117.03906837,-8.82834662999996],[117.03867857,-8.82838317999995],[117.03827508,-8.82833849999992],[117.03802289,-8.82831058999995],[117.03779002,-8.82831370999992],[117.03733022,-8.82829484999993],[117.03685238,-8.82833883],[117.03659569,-8.82844244999997],[117.03631374,-8.8285401699999],[117.03584994,-8.82869040999992],[117.03534829,-8.82883488999994],[117.03505307,-8.82888267999994],[117.03477757,-8.82899282999995],[117.03411381,-8.82925219999993],[117.03364848,-8.82928974999991],[117.03324668,-8.82937027999992],[117.03286964,-8.82941916999994],[117.0326371,-8.82944732999994],[117.0321471,-8.82952277999995],[117.03159995,-8.82956142999996],[117.03112203,-8.82959914999994],[117.03059359,-8.82962501999992],[117.02870018,-8.82954880999994],[117.02829592,-8.8297131899999],[117.02804077,-8.82984708999992],[117.02772844,-8.83002660000001],[117.02740387,-8.83023131999994],[117.02706084,-8.83046758999997],[117.02668684,-8.83074184999992],[117.02604653,-8.831339],[117.0257285,-8.83156240999997],[117.0256101,-8.83165165999991],[117.02562243,-8.83163270999996],[117.02527412,-8.83194418999995],[117.02488763,-8.83222486999995],[117.02459367,-8.83236656999992],[117.02431272,-8.83253937999998],[117.02358635,-8.83282461999991],[117.02330974,-8.83285336999995],[117.02303902,-8.83285073999991],[117.02238997,-8.83280306999995],[117.02203665,-8.83274518999993],[117.02177205,-8.83272993999992],[117.02145641,-8.83266529999992],[117.0210149,-8.83260232999995],[117.02074316,-8.83252456999992],[117.02019277,-8.83232529999994],[117.01976393,-8.83226842999995],[117.01944201,-8.83220385999993],[117.0188047,-8.83209341999992],[117.01841363,-8.83203603999994],[117.01804092,-8.83194083999996],[117.01777564,-8.83187550999991],[117.0171516,-8.83181497999995],[117.01671579,-8.83170810999993],[117.0162485,-8.83160164999993],[117.01573121,-8.8315209],[117.01491469,-8.83133869999996],[117.0142807,-8.83133871999991],[117.01387567,-8.83158370999997],[117.01331214,-8.83179372999996],[117.01228441,-8.83220564999994],[117.01086923,-8.83276303999994],[117.00905845,-8.83344902999991],[117.00790308,-8.83407998999992],[117.005959,-8.83520659999995],[117.00458527,-8.83639718999996],[117.0039804,-8.83682477999993],[117.00349981,-8.83713173999997],[117.00261714,-8.83750040999991],[117.00226788,-8.837743],[117.00204995,-8.83792122999995],[117.00131834,-8.83828788999994],[117.00094935,-8.8384681299999],[117.00041134,-8.83871949999991],[117.0,-8.8388541399999],[116.99938143,-8.83896066999995],[116.99840507,-8.83913203999993],[116.99698838,-8.8394366999999],[116.99557458,-8.83973770999997],[116.99397753,-8.8403075299999],[116.99257521,-8.84076240999991],[116.99162002,-8.84104133999995],[116.99037143,-8.84161031999992],[116.98943587,-8.84207678999992],[116.98844481,-8.84255102999993],[116.98819293,-8.84279202999994],[116.9879825,-8.8430192799999],[116.9879549,-8.84304833999995],[116.98793184,-8.84307270999995],[116.98777852,-8.84322529999992],[116.98739422,-8.84360171999992],[116.98702574,-8.84392950999996],[116.98686562,-8.84406152999993],[116.98630355,-8.8445570899999],[116.98614698,-8.84470863999991],[116.98591385,-8.8449566399999],[116.98572331,-8.84515101999995],[116.98572071,-8.84515429999994],[116.98569337,-8.84516751999996],[116.98532078,-8.84537567999996],[116.98522753,-8.84543010000002],[116.9845644,-8.84586525999994],[116.98451501,-8.84589851999994],[116.98414112,-8.84605354999993],[116.98371773,-8.84610294999993],[116.9836584,-8.84611011999993],[116.98344093,-8.84612603999995],[116.98252535,-8.84655115999994],[116.9816571,-8.84709694999992],[116.9806897,-8.84762706999992],[116.97928763,-8.84820590999994],[116.97810888,-8.84858707999996],[116.97675122,-8.84902590999991],[116.97539683,-8.84949332999992],[116.97404544,-8.84987806999994],[116.9725826,-8.85045384999995],[116.97157345,-8.85091408999995],[116.97081366,-8.85137056999992],[116.96990721,-8.85200225999995],[116.96909061,-8.85277047999995],[116.96820016,-8.85340848999994],[116.967400153,-8.85408933099995],[116.96721108,-8.85425023999994],[116.96635589,-8.85492949999992],[116.96535046,-8.8556218299999],[116.96433916,-8.85653674999993],[116.96335944,-8.85728624999996],[116.96264489,-8.85795881999991],[116.96190476,-8.85863144999991],[116.96161369,-8.85888673999995],[116.96152031,-8.85896868999993],[116.96119967,-8.85924993999993],[116.96014667,-8.86011725999993],[116.9595787,-8.86058279999993],[116.95874624,-8.86143050999994],[116.95760368,-8.86227894999998],[116.95664004,-8.86308244999992],[116.95564425,-8.8638065299999],[116.95473153,-8.86451450999994],[116.95407117,-8.86513288999993],[116.95323151,-8.86563720999995],[116.9527433,-8.86604532999991],[116.95245664,-8.86651020999994],[116.95198776,-8.8669818899999],[116.95153837,-8.86758386999993],[116.95107923,-8.86812228999992],[116.9506041,-8.86866073999994],[116.95002986,-8.8691930599999],[116.94951977,-8.86982379999997],[116.94909275,-8.87042572999992],[116.94873912,-8.87096707999996],[116.94825801,-8.87168677999995],[116.94767146,-8.87243216999992],[116.94709756,-8.87333620999993],[116.94676811,-8.87394743999993],[116.94669485,-8.87446088999991],[116.9466443,-8.87500045999992],[116.94655037,-8.87554644999995],[116.9464444,-8.87590129999996],[116.94527611,-8.87735596999992],[116.9450496,-8.87769568999994],[116.94462411,-8.87814516999992],[116.94413215,-8.87850207999992],[116.94337625,-8.87899883999995],[116.94256512,-8.87995067999992],[116.94220605,-8.88066460999991],[116.94178056,-8.88099508999994],[116.94111577,-8.88133874999995],[116.94077007,-8.88161634999994],[116.94039773,-8.88214516999997],[116.93989236,-8.88316315999994],[116.9395466,-8.88369196999991],[116.93933382,-8.88408859999993],[116.93825682,-8.88477594999995],[116.93785798,-8.88474944999996],[116.93710021,-8.88452454999992],[116.93639566,-8.88407487999998],[116.93612976,-8.88403516999995],[116.93476232,-8.88424092999992],[116.93280795,-8.88430669999991],[116.93181081,-8.88449160999994],[116.93130558,-8.8846105199999],[116.93033495,-8.88516565999993],[116.9302152,-8.88565483999992],[116.93029482,-8.88643494999991],[116.93022825,-8.88697702999991],[116.93028131,-8.88757201999994],[116.93014828,-8.88800830999992],[116.9294435,-8.88876181999996],[116.92896477,-8.88934347999993],[116.92849939,-8.88958138999994],[116.92818226,-8.88961543999994],[116.92794297,-8.88957572999994],[116.92745872,-8.88935468999995],[116.92686711,-8.88925540999994],[116.9256971,-8.88946672999993],[116.92507315,-8.88978775999994],[116.92444826,-8.8899132499999],[116.92392973,-8.88998585999991],[116.92364387,-8.89006512999993],[116.92335133,-8.89028983999993],[116.92321832,-8.89054763999991],[116.92312618,-8.89086215999992],[116.92301299,-8.89171494999995],[116.92288657,-8.89230990999994],[116.92240211,-8.89312677999993],[116.92175713,-8.89384061999994],[116.92124521,-8.89410494999995],[116.92061657,-8.89449627999994],[116.91950423,-8.89541735999995],[116.91905213,-8.89569491999994],[116.91827431,-8.89587324999991],[116.91777572,-8.89593924999991],[116.91746325,-8.89609783999993],[116.91721059,-8.89629610999992],[116.91671288,-8.89684191999993],[116.91615435,-8.89739711999994],[116.91584847,-8.89777386999993],[116.91528329,-8.89832905999992],[116.91500405,-8.89850087999992],[116.91477134,-8.89866609999996],[116.91450535,-8.89899658],[116.91430729,-8.89938133999994],[116.91443957,-8.90023001999993],[116.91449262,-8.90078534999992],[116.91396161,-8.90156252999992],[116.9135692,-8.90239541999997],[116.91365548,-8.90299040999992],[116.91364211,-8.9032945099999],[116.91361544,-8.90362505],[116.91350236,-8.90393572999994],[116.91325634,-8.90414722999992],[116.91294353,-8.90430254999996],[116.91293721,-8.90430581999993],[116.91268549,-8.90465995999994],[116.9123396,-8.90549285999992],[116.91211343,-8.90608778],[116.91194052,-8.90637861999994],[116.91167457,-8.90655043999994],[116.91142858,-8.90661648999992],[116.91101076,-8.906607],[116.91049889,-8.90653415999992],[116.91016651,-8.90645474999993],[116.90947512,-8.90654712999994],[116.90858518,-8.90698706999997],[116.90803338,-8.90709931999993],[116.90768766,-8.90722483999991],[116.90706936,-8.90741639999993],[116.9066106,-8.9076278299999],[116.90643771,-8.90781950999992],[116.90601871,-8.90854658999996],[116.90572608,-8.90902250999994],[116.90544772,-8.90951546999991],[116.90529473,-8.90986580999994],[116.90505533,-8.91020290999997],[116.90469628,-8.91041436999996],[116.90417106,-8.91056627999996],[116.90379878,-8.91055956999992],[116.90335339,-8.91048012999994],[116.90290797,-8.91049322999993],[116.90253665,-8.91058951999992],[116.90219092,-8.91070841999994],[116.90193829,-8.91075462999993],[116.90175214,-8.9107876399999],[116.90155934,-8.91082724999995],[116.90143303,-8.91082721999993],[116.90118707,-8.91076104999992],[116.90090124,-8.91068825999992],[116.90072174,-8.91068820999994],[116.90037602,-8.91078727999992],[116.90026962,-8.91089963],[116.90015086,-8.91123396999996],[116.90003106,-8.91172314999995],[116.89995781,-8.91215283999992],[116.89984465,-8.91270150999991],[116.89981132,-8.91304526999995],[116.89973232,-8.9137895],[116.89963243,-8.91440427999994],[116.89961243,-8.9146488899999],[116.89953913,-8.91527027999996],[116.89953232,-8.91583220999991],[116.89950555,-8.9165065099999],[116.89940671,-8.91684746999994],[116.89921386,-8.91708540999992],[116.89896115,-8.91740927999997],[116.89834275,-8.91787847999996],[116.89809006,-8.91811640999992],[116.89785726,-8.91851959999991],[116.8977841,-8.91864518999992],[116.89775167,-8.91927042999993],[116.89757867,-8.91979925999994],[116.89752539,-8.92012978999992],[116.89747875,-8.92052642999994],[116.89733907,-8.92076437999993],[116.89692023,-8.92079731999991],[116.89674074,-8.92076421999989],[116.89646151,-8.92078397999996],[116.89612245,-8.92084997999997],[116.89582326,-8.92091600999993],[116.89555733,-8.92093576999991],[116.89525152,-8.92092906999994],[116.89507201,-8.92097529999995],[116.89472724,-8.92112446999994],[116.89426181,-8.9213689499999],[116.89370992,-8.92169271999995],[116.89303836,-8.92202967999992],[116.89119094,-8.92281966999991],[116.89099148,-8.92285927999997],[116.89067238,-8.92281290999996],[116.89004749,-8.92272016999995],[116.88962869,-8.92262748999992],[116.88916999,-8.92254802999991],[116.88895062,-8.92246862999992],[116.88871797,-8.92234295999993],[116.88857171,-8.92236935999995],[116.88843873,-8.92242219999991],[116.88793434,-8.92281592999996],[116.88758846,-8.92338434999995],[116.88726931,-8.92351647999994],[116.88681718,-8.92369483999994],[116.88640498,-8.92376080999992],[116.88582659,-8.92373419999996],[116.88522827,-8.92370755999991],[116.88461105,-8.92362163999991],[116.88449749,-8.92360736999996],[116.88424908,-8.92353615999991],[116.8838161,-8.92355025999996],[116.88334767,-8.92342207999991],[116.8824889,-8.92315153999994],[116.88191405,-8.92285972999992],[116.88144177,-8.92266239999994],[116.88106941,-8.92247710999993],[116.88083672,-8.92231501999994],[116.88048765,-8.92208344999995],[116.88018515,-8.92182875999993],[116.87955689,-8.92124990999992],[116.878892,-8.92063221999996],[116.87846346,-8.92036395999991],[116.87809751,-8.92010112999992],[116.87760607,-8.91980255999995],[116.87730234,-8.91951409999997],[116.87684215,-8.91921512999994],[116.87633259,-8.91896651999992],[116.87557289,-8.9187552699999],[116.87521738,-8.91863729999994],[116.87500007,-8.91851356999996],[116.8744472,-8.91807722999994],[116.87334534,-8.91713897999995],[116.87248371,-8.91694202999992],[116.8720648,-8.91647186999997],[116.87176675,-8.91516724],[116.87166341,-8.91336994999995],[116.87168957,-8.91189214999991],[116.87186235,-8.91040713999996],[116.87218894,-8.90904486999995],[116.87252901,-8.90780617999993],[116.872643,-8.90707065999993],[116.87278993,-8.90613037999992],[116.87296687,-8.90480705999994],[116.87312927,-8.90318892999996],[116.87317878,-8.90188220999991],[116.87295734,-8.90059297999995],[116.87307502,-8.89895925999991],[116.87308289,-8.8976242599999],[116.87315347,-8.89611130999994],[116.87322572,-8.89487739999994],[116.87346152,-8.89362431999996],[116.87356469,-8.89356049999993],[116.87383615,-8.89326633999992],[116.87400685,-8.89275790999994],[116.87431903,-8.89242922999995],[116.87458362,-8.89219631999994],[116.87483093,-8.89202738999995],[116.87500004,-8.89198998999996],[116.87506394,-8.89197585999996],[116.87573131,-8.89198476999992],[116.8759286,-8.89193391999994],[116.87601856,-8.89184290999993],[116.87605834,-8.89116908999996],[116.87605826,-8.89111054999996],[116.87621012,-8.89055611999993],[116.8763713,-8.88978421999992],[116.87657033,-8.88910646999995],[116.87686398,-8.88850405999995],[116.87734231,-8.88776651999996],[116.87758768,-8.88739041999994],[116.87774756,-8.88717703999993],[116.87801107,-8.88675097999993],[116.87854071,-8.88611021999992],[116.87878006,-8.88575283999997],[116.87918683,-8.88515566999996],[116.87951785,-8.8847800699999],[116.87970702,-8.88449835999996],[116.88060198,-8.88347662999991],[116.8807725,-8.88310952999996],[116.88095239,-8.88299662999992],[116.88171917,-8.88290272999996],[116.88250493,-8.88267703999994],[116.88267545,-8.88227228999996],[116.88279771,-8.8803840399999],[116.88272217,-8.87979091999995],[116.88274134,-8.87904720999996],[116.88273212,-8.87825642999991],[116.88285533,-8.87780458999993],[116.88316179,-8.87720525999993],[116.88347102,-8.87651504999992],[116.88355495,-8.87609538999993],[116.88357405,-8.87557760999993],[116.88359307,-8.87526695999992],[116.88359443,-8.87500038],[116.88364616,-8.87468790999992],[116.88382059,-8.87439676999992],[116.88402404,-8.874193],[116.88443089,-8.87398927999994],[116.8847893,-8.87383408999994],[116.88506056,-8.87357209999993],[116.88526402,-8.87338772999994],[116.88566118,-8.87318401999992],[116.88621333,-8.87288328999996],[116.88669487,-8.87248927999991],[116.88723156,-8.87185095999996],[116.88801989,-8.87069182999995],[116.88848943,-8.87035591999996],[116.88983097,-8.86931456999992],[116.89124335,-8.86770575999992],[116.89267387,-8.86637905999994],[116.89333617,-8.86568913999992],[116.89434274,-8.86505239999991],[116.89480464,-8.86464312999993],[116.89503149,-8.86444211999993],[116.8953759,-8.86404407999993],[116.89542907,-8.86332743999994],[116.89522994,-8.86245886999996],[116.89508456,-8.86147674999995],[116.89497879,-8.86087950999996],[116.89475375,-8.86064055999993],[116.89406484,-8.86053788999993],[116.89312473,-8.86035181999994],[116.89240977,-8.86001983999991],[116.89205232,-8.85976757999993],[116.89182728,-8.85951535999994],[116.89120518,-8.858626],[116.89079483,-8.85814811999997],[116.89051683,-8.85789588999997],[116.89017262,-8.85765689999993],[116.88988135,-8.85747100999993],[116.88965631,-8.85725860999991],[116.88922148,-8.85660124999994],[116.88898428,-8.85570866999996],[116.88865795,-8.85511357999991],[116.88846512,-8.85474164999994],[116.88827234,-8.85423584999996],[116.88788617,-8.85379361999992],[116.88730755,-8.85310918999994],[116.88661024,-8.85235036999996],[116.88641741,-8.85200818999994],[116.88646169,-8.85144707999996],[116.88692208,-8.85043572999996],[116.8868922,-8.84971098999997],[116.88680357,-8.84835733999989],[116.88687775,-8.84708225999994],[116.88713052,-8.84552045999994],[116.88710102,-8.84494032999993],[116.88716063,-8.84412222999993],[116.887167444,-8.84408337299993],[116.8873093,-8.84327439999993],[116.88730938,-8.8430066499999],[116.88683454,-8.84276850999992]]]]}},{"type":"Feature","properties":{"gid":331369,"luas":0.021145051391687,"kdkab":"07","kdkec":"05","nmkab":"SUMBAWA BARAT","nmkec":"BRANG REA","kdprov":"52","nmprov":"NUSA TENGGARA BARAT","sumber":null,"periode":"2025_1","idkec":"52.07.05"},"geometry":{"type":"MultiPolygon","coordinates":[[[[116.900461607,-8.75573337299995],[116.897461325,-8.75684347699996],[116.89546103,-8.75730762999998],[116.8951706,-8.757311],[116.89463021,-8.75738603999991],[116.89448422,-8.75738081999994],[116.89443862,-8.75739693999993],[116.89383669,-8.75744456999991],[116.89261381,-8.75764669999996],[116.89155409,-8.75745173999993],[116.89104771,-8.75717041999993],[116.8904274,-8.75682580999996],[116.89014727,-8.75676285999994],[116.89008691,-8.75674930000001],[116.88929459,-8.7566793299999],[116.88922252,-8.75668900999995],[116.88844266,-8.75688931999991],[116.88823121,-8.75690054999996],[116.88784924,-8.75699221999991],[116.88748509,-8.75694019999993],[116.88722653,-8.75690326999995],[116.88664605,-8.75658271999994],[116.88639645,-8.75636925999992],[116.88623217,-8.7562116599999],[116.88623213,-8.75617426999992],[116.88623235,-8.75614562999994],[116.88623179,-8.75581888999994],[116.88631671,-8.75530954999994],[116.88623102,-8.75501438999993],[116.88641083,-8.75438507999991],[116.88647262,-8.75418202999992],[116.88672548,-8.75335121999996],[116.88668052,-8.75177793999996],[116.88650079,-8.75038496999993],[116.88646572,-8.75005781999994],[116.88636587,-8.74912584999992],[116.88632092,-8.74813693999993],[116.88561019,-8.74708505999996],[116.88519715,-8.74647375999995],[116.88474764,-8.74606920999994],[116.88434309,-8.74552979999993],[116.88393853,-8.74508028999993],[116.88380368,-8.74436107999992],[116.88353398,-8.74350701999994],[116.88330922,-8.74224839999994],[116.88321932,-8.74089987999992],[116.88326427,-8.73986600999997],[116.88348902,-8.73878718999993],[116.883709713,-8.73832107099992],[116.88376687,-8.73820034999994],[116.88383065,-8.73806595999992],[116.88389365,-8.73793296999993],[116.88412995,-8.73738997999994],[116.88415323,-8.73733647999996],[116.88415596,-8.73733020999993],[116.88436758,-8.73731627999995],[116.8845667,-8.73723725999992],[116.88473199,-8.73711997999994],[116.88477579,-8.73708888999994],[116.88488536,-8.73685144999996],[116.88496506,-8.73666345999994],[116.8850846,-8.73641611999994],[116.88520414,-8.73614896999993],[116.88532366,-8.73594121999992],[116.88544318,-8.73574333999994],[116.88593115,-8.73512008999998],[116.88613033,-8.73484307999991],[116.88633948,-8.73455617999991],[116.88656853,-8.73424949999992],[116.88684736,-8.73394282999994],[116.88718556,-8.73354815999994],[116.88742332,-8.73323603999997],[116.88764412,-8.73289017999992],[116.88764417,-8.73272192999991],[116.8876273,-8.73247722999992],[116.88753397,-8.73223201999991],[116.88732184,-8.73196195999992],[116.88714364,-8.73177627999991],[116.88688058,-8.73156525999991],[116.88660901,-8.73137955999993],[116.88626107,-8.73114320999991],[116.88596404,-8.73095748999993],[116.8856161,-8.73072113999996],[116.88535302,-8.730527],[116.88510694,-8.73029910999992],[116.88482378,-8.72992556999993],[116.88469919,-8.72975059999993],[116.88458927,-8.7295027399999],[116.88455276,-8.72930642999995],[116.88450153,-8.72887636999991],[116.88450902,-8.7281469799999],[116.8845458,-8.72779711999995],[116.88460452,-8.72761491999997],[116.88469253,-8.72752019],[116.88480989,-8.72741088999993],[116.88496389,-8.72736719999994],[116.88519856,-8.72730895999996],[116.88523506,-8.72728398999993],[116.88522841,-8.72718097999997],[116.88522512,-8.72713523999994],[116.8851893,-8.72669601999991],[116.88518022,-8.72643421999994],[116.88517881,-8.72642633999993],[116.88517501,-8.72629568999991],[116.88530847,-8.72614887999993],[116.88556289,-8.72622082999994],[116.8857243,-8.72626085999991],[116.88614349,-8.72609805999991],[116.88626612,-8.72601575999994],[116.88631925,-8.72591485999993],[116.88602727,-8.7257920799999],[116.88586544,-8.72573143999997],[116.88576207,-8.72561168999996],[116.88582549,-8.72524213999992],[116.8858313,-8.72521849999993],[116.88583495,-8.7251485099999],[116.88565069,-8.72493902999991],[116.886833438,-8.72394136199996],[116.886876357,-8.72390515899991],[116.88693511,-8.72385559999992],[116.89135579,-8.72012652999996],[116.89168025,-8.71985287999991],[116.89563918,-8.71669665],[116.89623033,-8.71611215999991],[116.90109783,-8.71129947999993],[116.90132617,-8.71014666999991],[116.90152025,-8.70902602999997],[116.90157304,-8.70843266999993],[116.90153442,-8.70802175999996],[116.90151998,-8.70743531999995],[116.90149455,-8.70668000999996],[116.90148997,-8.70660974999993],[116.90147696,-8.70641384999994],[116.90145047,-8.705995],[116.90148425,-8.70542728999994],[116.90160067,-8.70477921999992],[116.90181176,-8.70395504999993],[116.90183454,-8.70387967999995],[116.90194905,-8.70350764999995],[116.90216848,-8.7029192999999],[116.90250972,-8.70233952999997],[116.90276011,-8.70200914999992],[116.9031894,-8.70161673999992],[116.90349863,-8.70142932999994],[116.90386182,-8.70118090999995],[116.9043146,-8.70091901],[116.90474497,-8.70065728999992],[116.90508907,-8.70042495999992],[116.905376,-8.70025366999995],[116.90575865,-8.70003378999991],[116.90819372,-8.69849971999992],[116.90910024,-8.69781892999993],[116.90929087,-8.69767591999996],[116.91189362,-8.69572162999993],[116.91320645,-8.69447084999997],[116.91372515,-8.69357601999991],[116.91390454,-8.69326653999991],[116.914337,-8.69170735999995],[116.91450845,-8.69113214999991],[116.9146083,-8.69042044999992],[116.9146641,-8.68983663999995],[116.91468207,-8.68965476999995],[116.91477653,-8.68867852999996],[116.91501726,-8.68757038999991],[116.9152731,-8.68635056999994],[116.91528271,-8.68635048999993],[116.9155641,-8.68550978999991],[116.91589459,-8.68440729999993],[116.91602628,-8.68406192999993],[116.91632833,-8.68300748999991],[116.91661747,-8.68232930999996],[116.91685897,-8.68170251999994],[116.91712712,-8.6811998399999],[116.91743365,-8.68068727999992],[116.91775836,-8.68012147],[116.91778104,-8.68008193999992],[116.91811515,-8.67941932999991],[116.91841069,-8.67874109999991],[116.9187148,-8.67793847999991],[116.91894047,-8.67733412999991],[116.91926595,-8.67640381999992],[116.92029389,-8.67441575999993],[116.92063619,-8.67396985999994],[116.92102023,-8.67353634999995],[116.92143007,-8.67312176999991],[116.92172907,-8.67286435999995],[116.92375345,-8.67167128999995],[116.92372681,-8.67163926999996],[116.92358521,-8.67146875999993],[116.92334568,-8.67117106999996],[116.92309487,-8.67067263999991],[116.92283698,-8.67009137999993],[116.92266182,-8.66944250999995],[116.92248407,-8.6688669799999],[116.9223777,-8.66840242999996],[116.92224454,-8.66779463999997],[116.92214427,-8.66729178999994],[116.92202357,-8.66664246999995],[116.92187989,-8.66592638999993],[116.92178852,-8.66533738999995],[116.92162499,-8.66454496999997],[116.92130114,-8.66373472999995],[116.9208783,-8.66296354999992],[116.9205342,-8.66241487999992],[116.92014864,-8.66163963999992],[116.92013024,-8.66160210999994],[116.919941,-8.66118604999991],[116.91967536,-8.66044228999994],[116.91949722,-8.65981893999992],[116.91932524,-8.65916683999998],[116.919275268,-8.65891188599996],[116.91920484,-8.65855256999992],[116.91901845,-8.65770613999996],[116.91890469,-8.65712051999994],[116.91879663,-8.65644877999996],[116.9186935,-8.65598739],[116.9184404,-8.65520844999992],[116.9181393,-8.65443626999991],[116.91789077,-8.65382305999992],[116.9176319,-8.65312066999991],[116.91725874,-8.6525435499999],[116.91677855,-8.65180789999995],[116.91629478,-8.65102446999993],[116.91587974,-8.650419],[116.91525192,-8.64964948999995],[116.91497088,-8.64936488999996],[116.91459936,-8.64898537999994],[116.91404089,-8.64846714999994],[116.9138079,-8.64818214999992],[116.91354495,-8.64776031999993],[116.91283976,-8.6465419699999],[116.91250195,-8.64558837999993],[116.91189462,-8.64458280999993],[116.91158367,-8.64416773999995],[116.91137907,-8.64382831999995],[116.91115249,-8.64354326999996],[116.91092658,-8.64334108999993],[116.91062082,-8.64316506999996],[116.91026658,-8.6429384399999],[116.90989615,-8.64268962999991],[116.90875789,-8.64187343999994],[116.90874561,-8.64186470999996],[116.90873453,-8.64185665999991],[116.90872303,-8.64184837999994],[116.90872448,-8.64184647999992],[116.91511147,-8.63341828999995],[116.9165837,-8.63166200999996],[116.92228683,-8.62500026999991],[116.92267047,-8.62448020999994],[116.92324113,-8.62328818999994],[116.92385878,-8.62139285999996],[116.9250518,-8.62023785999992],[116.9277734,-8.61768441999994],[116.92944692,-8.61687995999995],[116.93050684,-8.61542618999994],[116.93152773,-8.61422939999995],[116.93256075,-8.61215662999996],[116.93338557,-8.60930243999991],[116.93376973,-8.60555189999991],[116.93424222,-8.60212536999995],[116.93488014,-8.59992128999994],[116.93619017,-8.59797626999995],[116.93691612,-8.5971325399999],[116.93730374,-8.59668200999994],[116.93732319,-8.59665947999992],[116.93752826,-8.59642155999995],[116.93890764,-8.59566396999992],[116.94060645,-8.59489760999992],[116.94152598,-8.59469384999994],[116.9415277,-8.59469346999994],[116.94152833,-8.59469412999994],[116.94245967,-8.59538881999993],[116.94431306,-8.59677123999996],[116.94621038,-8.59807068999993],[116.94850159,-8.59963989999994],[116.94970025,-8.60060069999992],[116.95068359,-8.60138890999992],[116.95347715,-8.60294357999994],[116.95578004,-8.6042251699999],[116.95773542,-8.60505068999995],[116.95854951,-8.60539438000001],[116.9593121,-8.6058024599999],[116.96248626,-8.60750103999994],[116.96485138,-8.60889148999991],[116.9677858,-8.61043854999993],[116.96839141,-8.61075782999996],[116.97093963,-8.61254596999993],[116.97390748,-8.61366557999992],[116.97585298,-8.61445806999996],[116.97654302,-8.61469863999992],[116.97834777,-8.61532783999991],[116.97994694,-8.6158178399999],[116.98007202,-8.61585616999991],[116.98102313,-8.61619230999992],[116.98263551,-8.61676215999995],[116.9834052,-8.61717462999992],[116.98423004,-8.61761663999994],[116.98504637,-8.61805438999994],[116.98504744,-8.61805488999994],[116.98557877,-8.61830033999992],[116.98775484,-8.61930559999991],[116.9901245,-8.62033611999994],[116.99211884,-8.62120340999991],[116.99317688,-8.62162591999995],[116.9951045,-8.62239565999994],[116.99521636,-8.62244032999996],[116.99725942,-8.62316140999992],[116.99806976,-8.62344740999992],[117.00039329,-8.62493432999992],[117.0004959,-8.62499998999994],[117.00480551,-8.62962551999993],[117.00754162,-8.63256219999995],[117.01152801,-8.63684081999992],[117.014794384,-8.64062257599996],[117.01664734,-8.6427679],[117.017044468,-8.64319120399994],[117.01914242,-8.64542743999994],[117.019777306,-8.64610416899996],[117.02131064,-8.64773855999995],[117.022759961,-8.64928341399992],[117.024253698,-8.65087561099995],[117.02503966,-8.65171337999993],[117.02683735,-8.65463206999993],[117.027833912,-8.65625006999994],[117.02909088,-8.65829085999992],[117.02918063,-8.65841968199993],[117.029973827,-8.65955818999993],[117.03305816,-8.66398525999996],[117.03609084,-8.6673586299999],[117.03877602,-8.67034545999991],[117.038936873,-8.67052438099995],[117.0390091,-8.67060471999992],[117.039055928,-8.67061626299994],[117.03928376,-8.67067242],[117.03936209,-8.6707192199999],[117.03959657,-8.67085932999994],[117.03987123,-8.67116640999996],[117.04003616,-8.67142319999995],[117.04012299,-8.67155838999992],[117.04026394,-8.6716658199999],[117.04043578,-8.67179679999993],[117.04100038,-8.67212008999991],[117.04135252,-8.67229006999992],[117.04149628,-8.67235946999995],[117.0416754,-8.67242580999994],[117.04190825,-8.67251205999993],[117.04204559,-8.67252922999995],[117.04212952,-8.67251205999993],[117.04219073,-8.67248244999997],[117.04230499,-8.67242716999994],[117.04257965,-8.67222308999995],[117.04295349,-8.67191600999996],[117.04336547,-8.67162608999997],[117.04364012,-8.67150688999994],[117.04397583,-8.67146490999995],[117.04414367,-8.67147063999995],[117.04426885,-8.67149802999995],[117.04438781,-8.67152405999991],[117.04463959,-8.67158316999991],[117.04483032,-8.67165470000001],[117.04493471,-8.67167186999996],[117.04497528,-8.67167853999996],[117.04502028,-8.67168416999994],[117.04516601,-8.67170237999995],[117.04540725,-8.67173442000002],[117.04541015,-8.67173480999992],[117.04589844,-8.67150497999995],[117.04624667,-8.67121040999996],[117.04645539,-8.67103385999991],[117.04648051,-8.67100456999994],[117.04650116,-8.67098046999996],[117.04655458,-8.67095756999993],[117.04651355,-8.67083965999996],[117.04650878,-8.67082595999995],[117.04658446,-8.67074383999994],[117.04701232,-8.67027949999995],[117.0471028,-8.67020867999992],[117.04730226,-8.67005252999991],[117.04758419,-8.66993885999996],[117.04760741,-8.6699295],[117.04799169,-8.67000011999995],[117.04862975,-8.67011737999991],[117.04876856,-8.67012515999995],[117.04885102,-8.67012977999991],[117.04885195,-8.6701295299999],[117.04895782,-8.67010117999996],[117.04895792,-8.67010130999991],[117.04895816,-8.67010165999994],[117.04898834,-8.67014503999991],[117.04904201,-8.67026205999992],[117.04912568,-8.67044447999996],[117.04917273,-8.67054409999992],[117.04924776,-8.67070293999996],[117.0497382,-8.67125739999994],[117.04994201,-8.67148780999992],[117.05016752,-8.67172683999991],[117.05051422,-8.67209432999993],[117.0506439,-8.67226312999992],[117.05127717,-8.67317675999994],[117.05130995,-8.67321557999992],[117.05156708,-8.67352008999995],[117.05223084,-8.67418193999993],[117.05239869,-8.67430304999993],[117.05266571,-8.67450712999994],[117.05291747,-8.67483234999992],[117.05293658,-8.67487549999994],[117.05303191,-8.67509077999996],[117.05312797,-8.67527211999994],[117.05332947,-8.67565251999992],[117.05344686,-8.67574786999996],[117.05348206,-8.67577647000002],[117.05364226,-8.67581938999996],[117.05370586,-8.67583409999992],[117.05394745,-8.67588996999996],[117.05445099,-8.6761665399999],[117.05500793,-8.67667483999992],[117.05504503,-8.67671067999993],[117.05517578,-8.67683696999996],[117.05529792,-8.67695474999993],[117.05554962,-8.67719745999994],[117.05586241,-8.67740629999991],[117.05688535,-8.67778346999996],[117.05707551,-8.67785357999993],[117.0571052,-8.67785722999991],[117.0575409,-8.67791080999997],[117.05757905,-8.67791462999994],[117.05796813,-8.67787838999995],[117.05826568,-8.67782876999993],[117.05857088,-8.67777443999996],[117.05932618,-8.67751979999993],[117.05969238,-8.67733859999993],[117.06022644,-8.67698382999993],[117.06034972,-8.67685559999995],[117.06067657,-8.67651558999995],[117.06091754,-8.67618341999994],[117.06095123,-8.67613698999992],[117.06100915,-8.67603347999995],[117.06134033,-8.67544172999993],[117.06167063,-8.67510111999991],[117.06167604,-8.67509553999992],[117.06189728,-8.67496107999995],[117.06226348,-8.67483522999993],[117.0623932,-8.67482485999995],[117.06253725,-8.67481333999996],[117.06253814,-8.67481326999996],[117.06274194,-8.67484491999995],[117.0627899,-8.6748523699999],[117.06289673,-8.67485618999996],[117.06303275,-8.67488619999995],[117.06351471,-8.67499255999991],[117.06388091,-8.67504406999996],[117.0639172,-8.67505280999995],[117.06441497,-8.67517279999995],[117.06472017,-8.67528820999991],[117.06501209,-8.67543566999996],[117.0652771,-8.67556953999991],[117.06571197,-8.67586994999994],[117.06585606,-8.67594986999995],[117.06632234,-8.67620848999991],[117.06672669,-8.67644406999996],[117.06700897,-8.67668342999991],[117.06724549,-8.67691133999995],[117.06773376,-8.67736816999991],[117.06838987,-8.67782211999993],[117.06851096,-8.67787838999995],[117.06863404,-8.67793559999996],[117.06882656,-8.6779743799999],[117.06904604,-8.67801857999997],[117.06925964,-8.67800808999995],[117.06932444,-8.67798899],[117.06936644,-8.67797660999993],[117.06936654,-8.67797691999995],[117.06940707,-8.67810494999991],[117.06941988,-8.67814542999993],[117.069454727,-8.67823421399993],[117.06950923,-8.67837307999992],[117.06951906,-8.67839812999997],[117.06953988,-8.67842109999992],[117.06999971,-8.67892838999995],[117.07006121,-8.67898520999997],[117.07017518,-8.6790904899999],[117.07020019,-8.67911497999997],[117.07022095,-8.67913531999996],[117.0702667,-8.67919537999996],[117.07047688,-8.67948062999995],[117.07058716,-8.67963027999991],[117.07075192,-8.67983526999996],[117.07090758,-8.68002892999993],[117.07096864,-8.68012523999995],[117.07110155,-8.68037364999993],[117.07112121,-8.68041038999991],[117.07116699,-8.68052671999994],[117.07115823,-8.68075757999991],[117.07115173,-8.68092918999992],[117.07112236,-8.68102135999995],[117.07108306,-8.68114469999995],[117.07099915,-8.68131925999996],[117.0708644,-8.68156272999996],[117.07074739,-8.68177414999991],[117.07067766,-8.6818754],[117.07058716,-8.68200682999992],[117.07056426,-8.68248273999995],[117.07059491,-8.68269531999995],[117.07062531,-8.68290614999996],[117.07068087,-8.68303679],[117.07074739,-8.68319320999997],[117.07089997,-8.68338108999996],[117.07109834,-8.68353174999993],[117.07092235,-8.6837693299999],[117.0708313,-8.68389224999994],[117.07062531,-8.68420505999995],[117.07056426,-8.68451307999994],[117.07056673,-8.6845814099999],[117.0705719,-8.68472385999991],[117.07059021,-8.68477479999996],[117.07060241,-8.68480872999993],[117.0707198,-8.68493729999994],[117.07076263,-8.68498419999993],[117.07102205,-8.68520737999995],[117.07113412,-8.68533408999992],[117.07118988,-8.68539713999993],[117.07130433,-8.68559741999991],[117.07130849,-8.68561094999996],[117.07133905,-8.68571031999994],[117.07134246,-8.68572141999994],[117.07134643,-8.68573251999993],[117.07141113,-8.68591308999993],[117.07141529,-8.68593985999992],[117.07142638,-8.68601130999991],[117.07143082,-8.68609079999994],[117.07144164,-8.68628501999995],[117.07144164,-8.6864280699999],[117.07144928,-8.68646048999995],[117.0714569,-8.68658448999991],[117.07152557,-8.68677327999997],[117.07157332,-8.68685519999991],[117.07166289,-8.68700883999992],[117.07188415,-8.6873149799999],[117.07195153,-8.68737392999993],[117.07212068,-8.68752192999995],[117.07218933,-8.68756772999997],[117.07266236,-8.68781281999992],[117.07289888,-8.68801212999995],[117.07306671,-8.68824386999995],[117.07326506,-8.6886768299999],[117.07349397,-8.68899343999994],[117.07355154,-8.68905101999991],[117.07365418,-8.68915367999995],[117.07389425,-8.68928370999994],[117.07404328,-8.68936442999995],[117.07416356,-8.68940987999991],[117.07437897,-8.6894912699999],[117.07458496,-8.68965433999995],[117.07470524,-8.68987734999996],[117.0747223,-8.68990897999993],[117.0747452,-8.69034193999994],[117.07475722,-8.69046781999993],[117.07476807,-8.69058131999994],[117.07479398,-8.69065163999994],[117.07482148,-8.69072627999992],[117.07523346,-8.69093034999993],[117.07561492,-8.69113921999991],[117.07633209,-8.69146155999994],[117.07633867,-8.69146369999992],[117.07677923,-8.691607],[117.07700348,-8.69167994999992],[117.07703661,-8.69169375999991],[117.07704926,-8.69169902999994],[117.07720303,-8.69177729999997],[117.0776825,-8.6920213699999],[117.0784378,-8.69252015000001],[117.07878113,-8.69273565999993],[117.07998656,-8.69353771999994],[117.08067321,-8.69399643999993],[117.08124543,-8.69439697999991],[117.08154363,-8.69462645999994],[117.08173369,-8.69477272999995],[117.08219146,-8.69513034999994],[117.08265715,-8.69559415999993],[117.08267213,-8.6956090799999],[117.08269572,-8.69563534999993],[117.08309172,-8.69607639999993],[117.0834961,-8.69653414999994],[117.08397674,-8.69713401999991],[117.08444977,-8.69781303999991],[117.0849457,-8.69856642999991],[117.0851397,-8.6988762899999],[117.08535767,-8.69922444999992],[117.08560943,-8.69961166999991],[117.08566503,-8.69970650999995],[117.08573898,-8.69983265999992],[117.08573913,-8.69983290999994],[117.08573954,-8.69983373999992],[117.08573563,-8.69983403999993],[117.0862561,-8.70088560999994],[117.08639527,-8.70116900999995],[117.08652227,-8.70143307999996],[117.08679036,-8.70199560999993],[117.08692755,-8.70234528999992],[117.08694812,-8.70239859999993],[117.08722686,-8.70312117999994],[117.08776292,-8.70469028999993],[117.08783627,-8.70490498999994],[117.08792002,-8.70515212999993],[117.08799456,-8.70546427999995],[117.08800966,-8.70552822999991],[117.08822633,-8.70644569999996],[117.0884857,-8.70741080999995],[117.08886719,-8.70880413999994],[117.08908283,-8.70969113999996],[117.08908789,-8.70971196999994],[117.08919526,-8.71015358999995],[117.08947753,-8.71153924999992],[117.0896988,-8.71288778000001],[117.09005736,-8.71486282999996],[117.09020996,-8.71595096999994],[117.09031109,-8.71649557999996],[117.09040211,-8.71697365999995],[117.0904504,-8.71738617999994],[117.09054567,-8.71816823999995],[117.09059077,-8.71904750999994],[117.09059202,-8.71907186999994],[117.09060809,-8.71936154999992],[117.090574048,-8.72048065899993],[117.09056214,-8.72087210999996],[117.09056304,-8.7213109399999],[117.09056535,-8.72242787999994],[117.09053414,-8.72342359999993],[117.0905337,-8.7234362199999],[117.09051513,-8.72397134999994],[117.09050635,-8.7246292199999],[117.09050602,-8.72465401999996],[117.09049866,-8.7251143299999],[117.09047479,-8.72581673999992],[117.09047468,-8.72581984999994],[117.0905898,-8.72912213999996],[117.09063719,-8.73051070999993],[117.09001159,-8.73946188999992],[117.08909581,-8.74525629999994],[117.0890297,-8.74567461999994],[117.088740786,-8.74750267299994],[117.08859253,-8.74844073999992],[117.08800709,-8.74993636999995],[117.08798218,-8.74999998999995],[117.08797396,-8.75001802999992],[117.08778382,-8.75043487999994],[117.08756765,-8.75089194999993],[117.08733369,-8.75138664999991],[117.08683014,-8.75216960999996],[117.08680513,-8.75220378999995],[117.08639527,-8.75276374999993],[117.08491844,-8.75497544999996],[117.08480072,-8.75515173999992],[117.08474726,-8.755236],[117.08435059,-8.75586129999994],[117.08392335,-8.75704288999992],[117.08385535,-8.75722985999994],[117.08382375,-8.75731673999993],[117.08381131,-8.75735297999997],[117.0837587,-8.75746854999996],[117.08361901,-8.75777728999993],[117.08347622,-8.75818520999992],[117.08341058,-8.75833765999994],[117.08332524,-8.75854126999991],[117.08320619,-8.75882531999992],[117.08321474,-8.75899540999996],[117.0832321,-8.75927067999992],[117.08327648,-8.75938826999993],[117.08332849,-8.75957819999991],[117.08346465,-8.75984048999994],[117.0835508,-8.76011182999991],[117.0835912,-8.76031081999992],[117.08361109,-8.76038314999994],[117.08367725,-8.76062320999995],[117.08368683,-8.76065634999991],[117.08369611,-8.76067722999995],[117.08376321,-8.76082634999996],[117.08381727,-8.76088795999994],[117.08386966,-8.76094595],[117.08409854,-8.76108856999992],[117.084304,-8.76122421999992],[117.08440119,-8.76131464999992],[117.08454158,-8.76148646999992],[117.08454132,-8.76149913999997],[117.08454132,-8.76150481999992],[117.08454132,-8.76163100999992],[117.08454132,-8.76170252999993],[117.084497342,-8.76187338499994],[117.08444215,-8.76208780999993],[117.0843582,-8.76220321999995],[117.08426666,-8.7624301799999],[117.0842248,-8.76258379999996],[117.08418337,-8.76273586999992],[117.08420525,-8.76303326999994],[117.08420795,-8.76305979999996],[117.0842514,-8.76345536999992],[117.0841887,-8.76360375999992],[117.08415481,-8.76368394999993],[117.08414742,-8.76370262999995],[117.08414558,-8.76370579999992],[117.0841446,-8.76370811999994],[117.08365631,-8.76455307999994],[117.08356378,-8.76461873999994],[117.08341981,-8.76472090999994],[117.083269,-8.76480978000002],[117.08315277,-8.7648782699999],[117.08293894,-8.76497431999991],[117.08290863,-8.76498792999997],[117.0824585,-8.76513672999994],[117.08211517,-8.76536176999991],[117.08209237,-8.76539454999994],[117.08202537,-8.76549087999996],[117.08199826,-8.76558498999992],[117.08197284,-8.76567678999993],[117.08195496,-8.76574133999992],[117.08192,-8.76584928999995],[117.08188755,-8.76594947999997],[117.08187999,-8.76597345999994],[117.08187971,-8.76597369999997],[117.08187867,-8.76597689999994],[117.08169556,-8.76613711999994],[117.08165728,-8.76614443999997],[117.08156586,-8.76616192999995],[117.08156407,-8.76616135999996],[117.0813218,-8.76608466999994],[117.08132172,-8.76608464999994],[117.08048248,-8.76573751999996],[117.08017731,-8.76566981999991],[117.08011191,-8.76563668999995],[117.08003236,-8.76559638999993],[117.07976532,-8.76545903999994],[117.07953642,-8.76544],[117.07938386,-8.76551627999994],[117.07915497,-8.76573848999994],[117.07907733,-8.76579211999996],[117.07901001,-8.76583861999996],[117.07878874,-8.76593683999994],[117.07849119,-8.76609325999994],[117.07843495,-8.76614751999995],[117.07824707,-8.76632881999996],[117.0781784,-8.76647662999995],[117.07796477,-8.76694870999995],[117.07780042,-8.76705765999992],[117.07771301,-8.76711559999996],[117.07760597,-8.7671299599999],[117.07750703,-8.76714323999994],[117.07726862,-8.76718064999995],[117.07714844,-8.76719949999995],[117.07703256,-8.76721838999993],[117.07672121,-8.76726913999994],[117.07671961,-8.76726871999995],[117.07670523,-8.76726496999993],[117.07654571,-8.76722336999996],[117.07637788,-8.76708316999992],[117.07617951,-8.76682471999994],[117.07597353,-8.76657389999992],[117.07569887,-8.76636220999996],[117.0755696,-8.76634022999991],[117.07550811,-8.76632977999992],[117.07524871,-8.76641273999991],[117.07486506,-8.76656460999995],[117.07465363,-8.76664829999994],[117.07406616,-8.76706600999995],[117.07377181,-8.76743661999996],[117.07364654,-8.76759435999992],[117.07353309,-8.76787984999993],[117.07355731,-8.76810985999992],[117.07371705,-8.76835403999991],[117.07409333,-8.76885143999995],[117.07409335,-8.76885170999993],[117.0740967,-8.76885604999996],[117.07410214,-8.76897129999993],[117.0741053,-8.76901424999994],[117.07414382,-8.76922651999996],[117.07416534,-8.76934051999996],[117.07417431,-8.76941446],[117.07419776,-8.76958409999992],[117.07418402,-8.76966929999994],[117.07416534,-8.76979064999995],[117.07411231,-8.76990368999993],[117.07402038,-8.77009963999995],[117.07379914,-8.77034854999996],[117.07371273,-8.77047205999992],[117.07366324,-8.7705428],[117.07362684,-8.77059725999995],[117.07356579,-8.77074092999993],[117.0735183,-8.77085710999995],[117.07350198,-8.77097370999992],[117.07348829,-8.77107782],[117.07347107,-8.77120875999992],[117.07325744,-8.7713937599999],[117.07311248,-8.77152539999992],[117.07270051,-8.77193642999992],[117.07247256,-8.77194433999995],[117.07242585,-8.77194594999993],[117.07233584,-8.77190544999991],[117.07227325,-8.77187728999991],[117.07216643,-8.77178285999991],[117.07198202,-8.77159690999992],[117.07182313,-8.77143667999991],[117.07148741,-8.77133463999993],[117.07141113,-8.77127457999998],[117.07141101,-8.77127450999996],[117.07140023,-8.77126776999995],[117.0712204,-8.77115534999995],[117.07121866,-8.77115542999993],[117.07116524,-8.77115773999993],[117.07102205,-8.77116392999995],[117.07102165,-8.77116412999993],[117.07078553,-8.77127933999992],[117.07068006,-8.77136251],[117.07036589,-8.77161023999992],[117.07021331,-8.77175043999995],[117.07018093,-8.77180361999996],[117.07004548,-8.77202605999992],[117.06997681,-8.77232167999995],[117.07002576,-8.77266996999993],[117.07007758,-8.77302203999995],[117.0701163,-8.77335671999993],[117.07012231,-8.77369138999995],[117.07019257,-8.77400796999998],[117.07028583,-8.77435164999992],[117.07029185,-8.77452954999996],[117.07029724,-8.77462291999995],[117.07025663,-8.77470582999996],[117.07021285,-8.7747952199999],[117.07020892,-8.77480392999992],[117.0702081,-8.77480491999995],[117.0702057,-8.77480982999993],[117.07014222,-8.77489344999993],[117.07010651,-8.77494048999996],[117.06993386,-8.77504745999996],[117.06993104,-8.77504919999995],[117.06939161,-8.77510550999994],[117.06919097,-8.7751264599999],[117.06874848,-8.77521896999992],[117.06871215,-8.77522738999995],[117.06869507,-8.77523134999996],[117.06854116,-8.77541130999994],[117.06831007,-8.77568149999991],[117.0682025,-8.77580830999994],[117.0681928,-8.77581710999993],[117.06799663,-8.77599965999993],[117.06792451,-8.77606677999995],[117.06764985,-8.77618216999992],[117.06746671,-8.77626323999993],[117.06739046,-8.77630939999994],[117.06732178,-8.77635096999995],[117.06717683,-8.77640913999995],[117.06709287,-8.77647589999992],[117.06706979,-8.77651248999996],[117.06704713,-8.77654838999996],[117.06700897,-8.7766218],[117.06698607,-8.77670287999995],[117.06697854,-8.77692719999993],[117.0669854,-8.77701206999996],[117.066998884,-8.77717152699995],[117.06700135,-8.77720068999991],[117.06698607,-8.77736186999993],[117.06696789,-8.77741934999994],[117.06693436,-8.77752535999992],[117.06693383,-8.77752712999995],[117.06693377,-8.77752723999993],[117.06693268,-8.77753066999992],[117.06665803,-8.77800752],[117.06651304,-8.77824210999995],[117.06650306,-8.77826640999998],[117.06641388,-8.77848339999991],[117.06631424,-8.77871728999993],[117.06627657,-8.77880571999992],[117.06623516,-8.77891713999992],[117.0661621,-8.77911375999992],[117.06612397,-8.77923869999995],[117.06609211,-8.77933482999993],[117.06607097,-8.77939862999995],[117.06607055,-8.77939987999992],[117.0660553,-8.77961159999995],[117.0660324,-8.77983187999996],[117.06599427,-8.78000734999996],[117.06598205,-8.78007488999994],[117.06597695,-8.78010309999991],[117.06596373,-8.78017614999993],[117.06587487,-8.78027615999991],[117.06587231,-8.78027903999993],[117.06587221,-8.78027914999996],[117.06571961,-8.78037451999996],[117.06525941,-8.78043874999993],[117.06493377,-8.78048419999994],[117.06472959,-8.78051610999995],[117.06441497,-8.78056526999995],[117.06401061,-8.78063870999994],[117.06390086,-8.7806888],[117.06383514,-8.78071878999993],[117.06378059,-8.78078413999992],[117.0637436,-8.78082847],[117.06374169,-8.78082875999991],[117.06278047,-8.78097654999994],[117.06231924,-8.78104746999994],[117.0623169,-8.7810478299999],[117.06210841,-8.78113387999992],[117.06198883,-8.78118322999996],[117.06150818,-8.78137780999993],[117.06114196,-8.78145788999996],[117.06107469,-8.78148702999994],[117.06081389,-8.7816],[117.06022644,-8.78185844999996],[117.05990601,-8.78196907999996],[117.05955627,-8.78205464999992],[117.05936431,-8.78210162999995],[117.05914587,-8.78217417999992],[117.05885315,-8.78227138999996],[117.05851744,-8.78238201999996],[117.05851732,-8.78238216999996],[117.05851391,-8.78238661999996],[117.05847963,-8.78243130999995],[117.05846582,-8.78244932999991],[117.05846405,-8.7824516299999],[117.05796051,-8.78251456999993],[117.05748748,-8.78250886],[117.05748645,-8.78250889999992],[117.05718231,-8.78251932999997],[117.05702479,-8.78249015999996],[117.05677034,-8.78244304999993],[117.05636595,-8.78234861999994],[117.05607703,-8.78228360999993],[117.05594636,-8.78225419999997],[117.05590922,-8.78223706999997],[117.05574799,-8.78216267999995],[117.0551975,-8.78206288999991],[117.05513786,-8.78205207999992],[117.05513763,-8.7820520399999],[117.05512843,-8.78205139999995],[117.05491638,-8.78203677999994],[117.05462647,-8.78199673999995],[117.05440612,-8.78196876999993],[117.05440187,-8.78195967999995],[117.05412993,-8.78192513999994],[117.05365853,-8.78196138999994],[117.05323686,-8.7819886],[117.05274643,-8.78201578999994],[117.05226877,-8.78207012999992],[117.0518852,-8.78208826999992],[117.05150842,-8.78215164999994],[117.05125726,-8.78219689999992],[117.05089269,-8.78225121999992],[117.0504415,-8.78238696999995],[117.05002866,-8.78257696999993],[117.04976612,-8.78270363999991],[117.04900776,-8.782957],[117.04855542,-8.78300227999996],[117.04820595,-8.78324655999996],[117.04813777,-8.78331893],[117.04811929,-8.78332795999995],[117.04781244,-8.78346368999991],[117.04745699,-8.78370794999999],[117.04716975,-8.78387982999994],[117.0467444,-8.78407887999992],[117.04652024,-8.78424171999997],[117.04605825,-8.78453122999992],[117.04578974,-8.78469407999996],[117.0453289,-8.7850559399999],[117.04497857,-8.78520975999992],[117.0446237,-8.78549019999992],[117.044368,-8.78568016999992],[117.04401879,-8.78590634999995],[117.04390063,-8.78600584999993],[117.04353295,-8.78628630999994],[117.0432281,-8.78654864999992],[117.04294795,-8.78677479999994],[117.04270588,-8.78703714999995],[117.0415879,-8.78828549999993],[117.04145609,-8.78863828999995],[117.04143136,-8.7886563799999],[117.04142999,-8.78865951999996],[117.04142761,-8.788661],[117.0412993,-8.78895675999991],[117.04116889,-8.78925340000002],[117.04098594,-8.78968756999995],[117.04091379,-8.78994084999994],[117.04086141,-8.79011006999993],[117.04083252,-8.79019641999992],[117.04077911,-8.79049778999996],[117.0406952,-8.79078100999993],[117.0406952,-8.79103717999995],[117.04061785,-8.79133384999995],[117.04058146,-8.79163833999991],[117.04056548,-8.79176615999997],[117.04055891,-8.79183086999995],[117.04053326,-8.79205747999993],[117.04051822,-8.79231977999995],[117.04051973,-8.79243562999994],[117.04051973,-8.79245134999991],[117.04051973,-8.7926368699999],[117.04051973,-8.79303740999996],[117.0405414,-8.79319485999992],[117.04054685,-8.79323448999993],[117.04057773,-8.79347756999994],[117.04150805,-8.79591060999991],[117.04217319,-8.7978642899999],[117.04219226,-8.79791589999992],[117.04223195,-8.79802840999993],[117.04232027,-8.79827882],[117.04242708,-8.79858493999996],[117.04254138,-8.79879260999993],[117.04265594,-8.79900072999995],[117.04287498,-8.79941329999992],[117.0428879,-8.79944905999992],[117.04293357,-8.79958387999995],[117.04297639,-8.79971029],[117.04313638,-8.80004426999994],[117.04335785,-8.80050659999996],[117.04345499,-8.80070995999995],[117.04347782,-8.80075859999994],[117.04347979,-8.80076186999992],[117.04347993,-8.80076217999994],[117.04354185,-8.80087139999995],[117.04361725,-8.80100440999991],[117.04373171,-8.80114984999994],[117.04384585,-8.80129489999996],[117.04384785,-8.80129759999994],[117.04413753,-8.80169129999997],[117.04426575,-8.80186556999996],[117.04443188,-8.80202823999992],[117.04463195,-8.80222414999992],[117.04468814,-8.80228814999992],[117.04483794,-8.80245873999992],[117.04508972,-8.80266284999994],[117.04546356,-8.80289555],[117.04657745,-8.80354881999996],[117.04777527,-8.8039913],[117.04795838,-8.80404567999995],[117.04892481,-8.80407292999996],[117.04897308,-8.80407429],[117.04918727,-8.80404007999994],[117.04952242,-8.80398653999993],[117.05071113,-8.8038329399999],[117.05314638,-8.80351827999993],[117.0538322,-8.8034706099999],[117.05436707,-8.80343342999994],[117.05484007,-8.80336378999994],[117.05503844,-8.80332374999995],[117.05523555,-8.80330858999992],[117.05523681,-8.80330848999995],[117.05564117,-8.80330275999996],[117.05592347,-8.80334279999995],[117.05615997,-8.80335235999991],[117.05654143,-8.80343531999997],[117.05682046,-8.80353298999995],[117.05688475,-8.80355548999997],[117.0571289,-8.80364608999992],[117.0573375,-8.80372336999996],[117.05734136,-8.80372479999994],[117.05734252,-8.80372522999993],[117.05745725,-8.80375105],[117.05776214,-8.80381964999992],[117.05995178,-8.80445956999995],[117.06007264,-8.8045182199999],[117.06034088,-8.80464838999995],[117.06044004,-8.80468087999993],[117.06056213,-8.80472087999994],[117.06095123,-8.80490301999993],[117.06095151,-8.80490329999993],[117.06105805,-8.80500793999994],[117.06133234,-8.80512985999992],[117.06133271,-8.80513001999992],[117.0613539,-8.80514373999994],[117.06184389,-8.80546091999992],[117.0621872,-8.80570697000001],[117.06241606,-8.80586051999996],[117.06265258,-8.80597019999994],[117.06277474,-8.80606018999993],[117.06301117,-8.80623435999992],[117.06309485,-8.80632848999994],[117.06314851,-8.80638883999997],[117.06341553,-8.80659867999993],[117.06354192,-8.80678644999997],[117.06368257,-8.8069953899999],[117.06388714,-8.807235],[117.06388855,-8.80723665999994],[117.06389923,-8.80725405999994],[117.06409759,-8.80756666999992],[117.06448272,-8.80810931999991],[117.06481784,-8.80867912999991],[117.06497929,-8.80897757999994],[117.06510779,-8.80916749999994],[117.06523288,-8.80938861999994],[117.06528471,-8.80947876999996],[117.06530054,-8.80950502000002],[117.06535498,-8.80959531999994],[117.06548308,-8.80980777999992],[117.06549067,-8.80981221999992],[117.06549138,-8.80981304999995],[117.06555727,-8.81028863999996],[117.06560161,-8.81077017999991],[117.06560682,-8.81115205999993],[117.06548215,-8.81262519999996],[117.06546159,-8.81296358999993],[117.06540121,-8.81315224999993],[117.06504481,-8.8137894799999],[117.06482251,-8.81410554999991],[117.06450614,-8.81444793999992],[117.06426419,-8.8147079299999],[117.06405991,-8.81496114999994],[117.06371173,-8.81527891999991],[117.06345133,-8.81557045999995],[117.06311021,-8.81594448999994],[117.06291886,-8.81622257999993],[117.06265922,-8.81657046999993],[117.06246786,-8.81684855999992],[117.0623818,-8.817],[117.06225485,-8.8173836599999],[117.06205415,-8.81789980999993],[117.06197797,-8.81831408999994],[117.06181894,-8.81865435999994],[117.06175899,-8.81887431999991],[117.06160634,-8.81922075999995],[117.0615145,-8.81940984999995],[117.06133684,-8.81976914999996],[117.06117211,-8.82015332999995],[117.06105672,-8.82046168999995],[117.06089684,-8.8207393499999],[117.06059331,-8.82110034999994],[117.06025856,-8.82148054999994],[117.05979819,-8.82188123999993],[117.05956864,-8.82212852999993],[117.05936248,-8.82224401999992],[117.05934369,-8.82225052999991],[117.05933739,-8.82225062999994],[117.05899949,-8.82239918999996],[117.05859762,-8.82247348999993],[117.05835845,-8.82247671999994],[117.05792019,-8.82265167999992],[117.0576561,-8.82267402999992],[117.05724682,-8.82266702999993],[117.05668718,-8.82271213999991],[117.05628438,-8.82271756999996],[117.05617109,-8.82271909999992],[117.05569879,-8.82270667999996],[117.05518839,-8.8226697199999],[117.0549044,-8.82261719999991],[117.05443848,-8.82261095999991],[117.05421113,-8.82255766999992],[117.05390197,-8.82250547999997],[117.05374335,-8.8224136899999],[117.05329503,-8.82231328999996],[117.05309873,-8.82222826999993],[117.0526937,-8.82207092999995],[117.05240954,-8.82200587999997],[117.05202425,-8.82191088999992],[117.05173337,-8.82181461999994],[117.05109556,-8.82166666999997],[117.05070491,-8.82164062999993],[117.0505793,-8.82166109999991],[117.05055421,-8.82166769999992],[117.05025831,-8.82166541999994],[117.04995127,-8.82176973999992],[117.04957603,-8.82195010999993],[117.04886934,-8.82229148999994],[117.04787431,-8.8227243899999],[117.04742439,-8.82296838999993],[117.0469108,-8.82323436999991],[117.04513368,-8.82394468999991],[117.0446767,-8.82413240999995],[117.04441456,-8.82429873999996],[117.04413993,-8.82447148999995],[117.04392151,-8.82461217999992],[117.04366015,-8.82483484999995],[117.043224,-8.82516630999993],[117.04304352,-8.82531900999991],[117.04284458,-8.82550326999996],[117.04083553,-8.82775308999994],[117.04038825,-8.82823302999993],[117.04021539,-8.82795602999994],[117.039882,-8.82753423999991],[117.03924632,-8.82661606999994],[117.03895281,-8.82632572999995],[117.03867145,-8.82600390999991],[117.03841638,-8.82576313999994],[117.03816113,-8.82550984999994],[117.03787332,-8.82517558999996],[117.03754111,-8.8248168899999],[117.03686971,-8.82404948999994],[117.03661387,-8.82375236999991],[117.03574985,-8.82270577999994],[117.03541109,-8.82232836999994],[117.03514913,-8.82204385999995],[117.0345491,-8.82143202999995],[117.03405249,-8.82101917999996],[117.03385483,-8.82083398999993],[117.03360606,-8.82059312999991],[117.03324273,-8.82025988999992],[117.03298732,-8.81999407000002],[117.03281459,-8.81978975999995],[117.03245032,-8.81938764999997],[117.03213734,-8.81905372999996],[117.03186399,-8.81885702999995],[117.03168547,-8.81869036999996],[117.03148723,-8.81846135000001],[117.03135344,-8.81834416999994],[117.03106053,-8.81809763999991],[117.03081831,-8.81787547999996],[117.03049862,-8.81751033999996],[117.03017389,-8.81723918999995],[117.02974058,-8.81685052999996],[117.0292569,-8.81646253999992],[117.02896501,-8.81629112999991],[117.02866403,-8.81591320999991],[117.02842122,-8.81564722999992],[117.02803128,-8.81520788999995],[117.02775003,-8.81489232999991],[117.02751955,-8.81460737999994],[117.02720573,-8.81421085999995],[117.02678475,-8.81380323999991],[117.02645205,-8.81340697],[117.02618432,-8.81316009999995],[117.02575815,-8.81283394999991],[117.02511274,-8.81212252999997],[117.02510594,-8.81208504999995],[117.02495906,-8.81193047999995],[117.02460076,-8.81150322999992],[117.02437684,-8.811237],[117.02411465,-8.81093368999996],[117.02361239,-8.81010137999993],[117.02348713,-8.80968353999992],[117.02339963,-8.80926518999991],[117.02332371,-8.80877155000002],[117.02312039,-8.80816690999998],[117.02301393,-8.80774255999995],[117.02288196,-8.80729349999996],[117.02275704,-8.80690069999993],[117.02261818,-8.80640789999996],[117.02252123,-8.8062213499999],[117.02226152,-8.8056362499999],[117.02215524,-8.80522441999995],[117.02201372,-8.80500088999992],[117.02178369,-8.80474724999994],[117.02178343,-8.80472847999994],[117.02159242,-8.80456822999993],[117.02093493,-8.80385468999993],[117.01480633,-8.80142986999994],[117.01130382,-8.80014747999991],[117.01079907,-8.79984528999995],[117.01065608,-8.79959270999996],[117.01005238,-8.79891387999991],[117.00984584,-8.79791928999993],[117.00979793,-8.79770683999994],[117.00985402,-8.79719890999991],[117.00987438,-8.79684172999993],[117.00990297,-8.79662845999991],[117.00986863,-8.79641602999994],[117.00985114,-8.79605309999994],[117.00977702,-8.79569091999993],[117.00968671,-8.79552932999991],[117.0095948,-8.79524879],[117.00950867,-8.79493060999994],[117.00934416,-8.79440056999993],[117.00932768,-8.7941127599999],[117.00932405,-8.79384356999992],[117.00936033,-8.79326702999993],[117.00930754,-8.79308614999991],[117.00924717,-8.79281144999993],[117.00910449,-8.79250027999996],[117.00893664,-8.79218945999993],[117.00881956,-8.79190924999995],[117.00868385,-8.79164807999996],[117.00853555,-8.79138707999993],[117.00838029,-8.79107607999993],[117.00828965,-8.79088943999995],[117.00811039,-8.79066642999992],[117.00779041,-8.79027622999997],[117.00712441,-8.78943354999998],[117.00712425,-8.78942102999994],[117.00694516,-8.78921052999995],[117.00674694,-8.78898150999992],[117.00649107,-8.78867810999992],[117.00609387,-8.78816370999993],[117.00572245,-8.78769278999995],[117.00542899,-8.78740241999993],[117.00504497,-8.78693166999994],[117.0043363,-8.78618973999995],[117.00433,-8.78618982999995],[117.00402898,-8.78580563999992],[117.00369012,-8.78541567999992],[117.00349634,-8.78504883999995],[117.0029211,-8.78439905999995],[117.00245527,-8.7839294],[117.0016876,-8.78301293999994],[117.00125047,-8.78233626999992],[117.0,-8.78070556999996],[116.99565165,-8.77687843999991],[116.99539321,-8.77669333999995],[116.99539214,-8.77669249999991],[116.99467609,-8.77616287999996],[116.9938286,-8.77555879999994],[116.9938142,-8.77556239999997],[116.99320813,-8.77512832999991],[116.9920249,-8.77600948999993],[116.99059553,-8.77707174999995],[116.9893897,-8.77805397999993],[116.98865596,-8.77864079999995],[116.9878613,-8.77915144999992],[116.98589788,-8.78011640000001],[116.98509781,-8.78055462999994],[116.98475509,-8.78074234999993],[116.98397941,-8.78117343999991],[116.98304739,-8.78171938999993],[116.98191402,-8.78227852999994],[116.98005202,-8.78289661999992],[116.97849957,-8.78331047999996],[116.97692442,-8.78359400999995],[116.97517033,-8.78389703999996],[116.9736752,-8.78422169999995],[116.97144811,-8.78455761999992],[116.97029419,-8.7847942399999],[116.9697868,-8.78489855999994],[116.96786694,-8.7853959099999],[116.96594067,-8.78588688999992],[116.96423038,-8.78609652999996],[116.96361117,-8.78617212999995],[116.9608656,-8.78623255999992],[116.95923258,-8.78637941999997],[116.95779461,-8.78655762999995],[116.95621284,-8.78675205999991],[116.9548035,-8.78686976999995],[116.95338772,-8.78696841999994],[116.95126548,-8.78686682999995],[116.94915821,-8.78669635999995],[116.94711715,-8.78648647999995],[116.94581075,-8.78632437999991],[116.94483241,-8.78621531999992],[116.94328491,-8.78602487999996],[116.94174074,-8.7858916499999],[116.94033739,-8.78583123999994],[116.93885744,-8.78582504999992],[116.93802967,-8.78586507999995],[116.93698734,-8.78581320000002],[116.93661032,-8.78580149999994],[116.93648837,-8.78558873999994],[116.9359467,-8.78493811999994],[116.93551372,-8.7842904399999],[116.9345614,-8.78297300999992],[116.93302689,-8.78145338999992],[116.93162621,-8.77992122999996],[116.93121967,-8.7794765],[116.93004448,-8.77853475999996],[116.92921475,-8.77770035999993],[116.92863813,-8.77713567],[116.92763617,-8.77646380999994],[116.92677822,-8.77586792999995],[116.92651263,-8.77573815999995],[116.92608107,-8.77531174999996],[116.92604291,-8.77524227999993],[116.92593347,-8.77510580999996],[116.92567668,-8.77498556999996],[116.92546429,-8.77492225999993],[116.92535736,-8.77484624999993],[116.92532887,-8.77481589999991],[116.92510183,-8.77448860999993],[116.92498107,-8.77417085999991],[116.92476977,-8.77379717999992],[116.92461072,-8.77361297999994],[116.92458054,-8.77358894999992],[116.92448288,-8.77354360999994],[116.92398745,-8.77366751999996],[116.92381528,-8.77369411999998],[116.92370468,-8.77365106999993],[116.9236072,-8.77352634999996],[116.92359037,-8.77349804999996],[116.92356652,-8.77328375999991],[116.92351512,-8.773097],[116.92343851,-8.77284479999992],[116.92343344,-8.77281064999992],[116.92369546,-8.7714633399999],[116.92351315,-8.77122384999996],[116.92336025,-8.77109354999994],[116.92306319,-8.77088079999993],[116.92267584,-8.77056726000001],[116.92253394,-8.7704562799999],[116.92233033,-8.77033611999991],[116.92223451,-8.77028523999991],[116.92194034,-8.7701684099999],[116.92159504,-8.76994582999993],[116.92151486,-8.76988056999994],[116.92151143,-8.76987901999991],[116.92121907,-8.76957900999994],[116.92110937,-8.76948109999999],[116.92082772,-8.76940306999996],[116.92062858,-8.76935146999995],[116.92031522,-8.76923073999996],[116.92016476,-8.76912222999995],[116.9198589,-8.76890544999991],[116.91981859,-8.76887133999993],[116.91967697,-8.76874265999991],[116.91955146,-8.76862581999996],[116.91925209,-8.76827675999995],[116.91906141,-8.76802233999996],[116.9190178,-8.76796926999992],[116.91899945,-8.76794871999996],[116.91889269,-8.76782691999995],[116.91878492,-8.76769722999996],[116.91866354,-8.76754265999995],[116.91861521,-8.76747669999992],[116.91835722,-8.76719024999994],[116.91815036,-8.76696642],[116.91801474,-8.7668207899999],[116.91792048,-8.7667041799999],[116.9178157,-8.76656618999994],[116.91770428,-8.76641768999992],[116.91760656,-8.766301],[116.91748702,-8.76622629999992],[116.91741909,-8.76614762999992],[116.9174099,-8.76613808999991],[116.91735243,-8.76606750999992],[116.91727597,-8.76597341999991],[116.9172071,-8.76589771999995],[116.91719881,-8.7658852499999],[116.91709181,-8.76573786999995],[116.91706931,-8.76565523999995],[116.91697247,-8.76556218999993],[116.91687105,-8.76549553999996],[116.91679735,-8.76542776999994],[116.91672849,-8.7653646699999],[116.91656733,-8.76519970999993],[116.91649884,-8.76514257999991],[116.91636108,-8.7650231199999],[116.91610844,-8.76481459999992],[116.9160422,-8.76474472999997],[116.91265662,-8.75949708],[116.9125877,-8.75942764999991],[116.91242828,-8.75925804999992],[116.91235101,-8.759129],[116.912266,-8.75898650999995],[116.91222003,-8.75892846999994],[116.91217462,-8.7588788199999],[116.91183532,-8.75855044999992],[116.91026503,-8.75766105399992],[116.907414762,-8.75577087599993],[116.904325406,-8.75298809799995],[116.902171768,-8.75462326799994],[116.900461607,-8.75573337299995]]]]}},{"type":"Feature","properties":{"gid":331390,"luas":0.00472437221848,"kdkab":"07","kdkec":"03","nmkab":"SUMBAWA BARAT","nmkec":"SETELUK","kdprov":"52","nmprov":"NUSA TENGGARA BARAT","sumber":null,"periode":"2025_1","idkec":"52.07.03"},"geometry":{"type":"MultiPolygon","coordinates":[[[[116.82801494800003,-8.703111274999856],[116.82798183600016,-8.70315927899992],[116.82797521400005,-8.703213829999925],[116.82799066600012,-8.70326619899987],[116.8280259390001,-8.703296566999938],[116.82805909700005,-8.703325112999948],[116.82815622500004,-8.703379663999954],[116.82823348500006,-8.703418940999939],[116.82830412300007,-8.70346039899988],[116.82834165000008,-8.703504039999927],[116.82836372500003,-8.703554225999937],[116.82837807299995,-8.703603321999879],[116.82837696900003,-8.703658963999885],[116.82835931000011,-8.703739697999879],[116.82833282000001,-8.703772428999855],[116.82830412300007,-8.703799703999891],[116.82825224800013,-8.703830252999921],[116.82822158299996,-8.70385003499996],[116.82822112999997,-8.70385032799993],[116.82819982199999,-8.70386407399991],[116.82811869800003,-8.703905531999851],[116.82805357799998,-8.703928443999871],[116.82800722200011,-8.7039502639999],[116.82794431000002,-8.703984084999945],[116.82787256799998,-8.704025543999933],[116.82781517399997,-8.704051727999854],[116.82776109199995,-8.704089912999905],[116.82775152499994,-8.70409895899985],[116.827735706,-8.70411391599987],[116.82771363200015,-8.704143372999908],[116.82770197800005,-8.704163753999921],[116.82769928300013,-8.704168465999942],[116.82768493499998,-8.704185921999851],[116.82766304100016,-8.704202754999926],[116.82765513400011,-8.704208833999928],[116.82762202300012,-8.70423283599996],[116.82757345899995,-8.70428083999991],[116.82754034700008,-8.704328844999907],[116.82750282000006,-8.704385576999869],[116.82749619800006,-8.704429217999916],[116.82749619800006,-8.704470675999914],[116.82749619800006,-8.704516498999851],[116.82750502800013,-8.70456886699992],[116.8275111800001,-8.70459038699994],[116.82751937600005,-8.70461905399992],[116.82753924300016,-8.704672512999878],[116.82754917700015,-8.704730336999887],[116.82758008099995,-8.704854711999872],[116.82759222200002,-8.704928899999857],[116.8275911180001,-8.704995451999878],[116.82758339199995,-8.705048910999949],[116.82755579900015,-8.705075095999916],[116.82752047999998,-8.705094733999942],[116.827484057,-8.705112189999852],[116.82746356100017,-8.705116832999863],[116.82743107800002,-8.705124190999868],[116.82731518699995,-8.705142737999893],[116.82722026700003,-8.705154738999909],[116.82714742200017,-8.705166739999925],[116.82708450899997,-8.705192924999949],[116.82700945600016,-8.70524638399985],[116.82696972200006,-8.705303115999925],[116.826934403,-8.70538057799996],[116.82692557300004,-8.705470040999899],[116.82692336599996,-8.705559502999904],[116.82690129100013,-8.705659875999856],[116.82688363199998,-8.705740609999907],[116.82681961600008,-8.705832254999848],[116.82675560000007,-8.705864984999891],[116.82667392400003,-8.705858438999883],[116.82659004100014,-8.70584098299986],[116.82655141099997,-8.705835527999852],[116.8264884990001,-8.70582134499989],[116.82642889800002,-8.70580607099987],[116.82638673800011,-8.705799780999882],[116.82637039999997,-8.705797342999858],[116.82629865800016,-8.705799524999861],[116.82625782100001,-8.705802797999866],[116.82614524099995,-8.705815889999826],[116.82603045400015,-8.705815889999826],[116.82595098599995,-8.705809343999874],[116.82586710300006,-8.705809343999874],[116.82578321999995,-8.705789705999848],[116.82569271400007,-8.705756975999918],[116.82556468200016,-8.70573079099995],[116.82540574600011,-8.705735154999957],[116.82526005500006,-8.705787523999959],[116.82516955000017,-8.705822435999892],[116.825120986,-8.705866075999893],[116.82511877800005,-8.705933718999916],[116.82515630499995,-8.705981722999866],[116.82523135800011,-8.70608864199994],[116.82539250200011,-8.706315570999948],[116.82546093300016,-8.706405032999896],[116.82550397800003,-8.706499950999955],[116.82551832600006,-8.706590503999848],[116.82552605199999,-8.706663600999889],[116.82553598600009,-8.706741061999878],[116.82554923000009,-8.70678579399987],[116.825573512,-8.706817432999912],[116.825580436,-8.70682167599989],[116.82561487500016,-8.706842781999853],[116.82562869799995,-8.706851253999957],[116.825682229,-8.706867618999865],[116.82572527400009,-8.70687852899988],[116.82577602000003,-8.70688263999989],[116.82582074599998,-8.706882346999862],[116.82585220199996,-8.706882346999862],[116.82589800700009,-8.70688780199987],[116.825943811,-8.706905803999916],[116.82596588599995,-8.706923259999883],[116.8259802340001,-8.706959808999954],[116.82598299400013,-8.707020358999898],[116.8259587120001,-8.707092365999927],[116.82591014800016,-8.707168735999915],[116.8258041900001,-8.707249469999851],[116.82570044,-8.70730838399993],[116.82555033400001,-8.707371661999957],[116.82538698300004,-8.70742457599988],[116.82530310000016,-8.70747694399995],[116.82525549599995,-8.707512521999945],[116.824970162,-8.70750904799985],[116.82366799099998,-8.707484260999934],[116.82343741700004,-8.707479718999934],[116.82329653099998,-8.70747694399995],[116.82273142500014,-8.707442031999904],[116.82212658499998,-8.707367843999862],[116.8214731810001,-8.707328567999923],[116.82056371299996,-8.707162734999883],[116.82004275500003,-8.70703181499988],[116.81914211699996,-8.706931442999917],[116.81794126600016,-8.706407760999923],[116.81695233000005,-8.705726972999912],[116.81608114000005,-8.704587169999854],[116.81543811000017,-8.703169539999863],[116.81525797999996,-8.702540449999958],[116.81458355999996,-8.701481579999836],[116.81403061000003,-8.700366449999933],[116.8137000700001,-8.699699849999945],[116.81280482000011,-8.698353059999874],[116.8125173200001,-8.697906959999955],[116.81232145000001,-8.697260569999912],[116.81193276,-8.696038979999912],[116.81194727000002,-8.695857799999942],[116.81198829000004,-8.695317139999872],[116.81259908000004,-8.69381791],[116.81332093000015,-8.692596329999901],[116.81392970000002,-8.691379269999914],[116.81393172000003,-8.691374739999901],[116.81382067000004,-8.690875],[116.81382067000004,-8.690097620000017],[116.81409829999996,-8.688598399999876],[116.81437594,-8.687598919999857],[116.81437594,-8.686543909999955],[116.81415383000012,-8.685655489999931],[116.81348751000007,-8.684878109999886],[116.8134296500001,-8.684848869999882],[116.81248802999994,-8.684378369999934],[116.81137749000004,-8.683656519999886],[116.81106846000012,-8.683516049999923],[116.81015590000004,-8.683101259999944],[116.80787929000007,-8.682212749999906],[116.80699989000004,-8.681604],[116.80643561000011,-8.68121335],[116.80588035000017,-8.681157819999953],[116.80581096000014,-8.681172439999898],[116.80615633000014,-8.68084880999993],[116.80658634999998,-8.680332409999949],[116.80718457000012,-8.679679019999867],[116.80779504999998,-8.678733579999914],[116.80801799000017,-8.677639659999954],[116.80824058000007,-8.67632828],[116.80824342999995,-8.676306809999915],[116.80838802000005,-8.674886549999826],[116.80847342000015,-8.67369344999986],[116.80859088000011,-8.672991149999916],[116.80874605999998,-8.67244411999991],[116.80909370999996,-8.671244379999905],[116.80947901000002,-8.670156409999947],[116.81054418000008,-8.668644799999925],[116.81164082999999,-8.667282239999906],[116.81219153000018,-8.66673607999985],[116.81256961999998,-8.66636111999992],[116.81377308000003,-8.665408459999867],[116.81494572000008,-8.664691959999914],[116.81646779000005,-8.663838169999906],[116.81919088500013,-8.66230534399989],[116.82239788799995,-8.659884286999954],[116.824438709,-8.657520858999874],[116.82597570200005,-8.654639735999865],[116.82597415099997,-8.654638912999872],[116.82601442200007,-8.654614740999932],[116.82614561800006,-8.6545715069999],[116.82637885500003,-8.654537279999943],[116.82671048800012,-8.654485038999951],[116.82691821399999,-8.654458017999957],[116.82709496400014,-8.654449010999883],[116.82739926499994,-8.654459819999886],[116.82781488599994,-8.654486423999913],[116.82784465999998,-8.654445359999954],[116.82829844100013,-8.65450859799995],[116.82845826000005,-8.654530869999917],[116.82878321300007,-8.654576154999859],[116.82897283,-8.654602580000017],[116.83029422300001,-8.655136249999941],[116.83137294300013,-8.655633438999928],[116.83251642000016,-8.656216179999944],[116.83375034999995,-8.657323549999887],[116.83414587000016,-8.659778949999918],[116.83513725000012,-8.658645959999888],[116.83726006000006,-8.65635331999988],[116.83768462,-8.65482488999993],[116.83776953999995,-8.65346628999987],[116.8375148,-8.65151329999992],[116.83750741999995,-8.651498599999854],[116.83740951000016,-8.651292669999862],[116.8368925210001,-8.650206668999886],[116.83666567000012,-8.649730139999917],[116.83624110999995,-8.64820170999991],[116.83623851000004,-8.648193299999946],[116.83616094000001,-8.647942319999856],[116.83571762999998,-8.646514959999877],[116.83602676999999,-8.645972189999952],[116.83601907000002,-8.645824709999886],[116.8359852100001,-8.645494679999956],[116.83590691999996,-8.64527777099994],[116.83585535999998,-8.645134919999919],[116.83581047999996,-8.645012399999928],[116.83580990999997,-8.644868859999917],[116.83581028000003,-8.644574109999894],[116.8358302900001,-8.644469349999952],[116.83587979000004,-8.644216759999892],[116.83602045999999,-8.643950819999816],[116.83620565000001,-8.643650519999937],[116.83625275999998,-8.64354944999991],[116.83636335999995,-8.643269639999858],[116.83641791000002,-8.642880699999921],[116.83644670000012,-8.642716609999923],[116.83652460999997,-8.642564409999864],[116.83655546,-8.642503499999918],[116.83674810000014,-8.642310719999955],[116.83686082000008,-8.642126009999913],[116.83688398000004,-8.64198443999993],[116.83688378,-8.641980609999905],[116.83684843000015,-8.641870249999897],[116.83677255000009,-8.6417995299999],[116.83650753000018,-8.641720689999943],[116.83624783999994,-8.641674939999916],[116.83615830999997,-8.641649639999855],[116.83588413000007,-8.641334409999956],[116.83583676,-8.641256049999868],[116.83584225000016,-8.641050069999892],[116.83584478,-8.640840209999851],[116.83582632000014,-8.640703639999913],[116.83578960000011,-8.640560439999888],[116.83570342000007,-8.640327129999946],[116.8356975700001,-8.640299749999883],[116.83558949000007,-8.640109839999923],[116.83549183000014,-8.639937959999884],[116.83548027000006,-8.639898879999862],[116.83544948999997,-8.639797759999908],[116.83535107,-8.639526849999925],[116.83527063999998,-8.639159139999947],[116.83522973000015,-8.638815469999827],[116.83522969000012,-8.638813019999816],[116.83495979999998,-8.638412779999896],[116.83475885000007,-8.638088179999954],[116.83467248,-8.637957829999948],[116.83464759000003,-8.637907629999859],[116.83451342,-8.637516539999922],[116.83446420999996,-8.63731367999992],[116.8344741200001,-8.637171869999918],[116.83447920000003,-8.636677139999904],[116.83446029000004,-8.636482729999898],[116.8344861600001,-8.636336809999932],[116.83447239999998,-8.636300899999867],[116.83442388000003,-8.636168269999928],[116.83442162000006,-8.636162559999889],[116.83424675000015,-8.635911689999944],[116.83422732999998,-8.635886439999865],[116.83409999000003,-8.63530994999985],[116.83407364000004,-8.635172989999887],[116.83379810999998,-8.634766929999955],[116.83365116000004,-8.634515719999854],[116.83364259000007,-8.634495229999857],[116.83363190000011,-8.634340929999894],[116.83363932999998,-8.634295039999927],[116.83359982000002,-8.634138819999862],[116.83352120999996,-8.633833779999918],[116.83351299000003,-8.63347758999987],[116.83351730000015,-8.63329758999987],[116.83352739999998,-8.633232729999861],[116.83353,-8.633005449999871],[116.83353152999996,-8.632871709999904],[116.83355939000012,-8.632647599999927],[116.83357107999996,-8.632568979999917],[116.83357733000003,-8.632552799999928],[116.83361258000002,-8.632440899999892],[116.8336360400001,-8.632285629999899],[116.83393220000005,-8.63084277999991],[116.83409336,-8.630258479999952],[116.83436603000007,-8.629270149999911],[116.83528793000016,-8.627805969999827],[116.83588444000009,-8.626884079999911],[116.83586446000004,-8.626881319999882],[116.83599290000006,-8.626728179999816],[116.83632327999999,-8.62645609999987],[116.83680893000007,-8.626009080000017],[116.83712758000013,-8.625455749999958],[116.83725632999995,-8.625231900000017],[116.83764480000013,-8.624959669999953],[116.83857764000004,-8.623813059999918],[116.83978256,-8.622472099999925],[116.8405793600001,-8.621966819999955],[116.84066489000008,-8.621816109999884],[116.8409824690001,-8.621928359999856],[116.84111201300016,-8.621993608999958],[116.84121711500018,-8.622070939999958],[116.84134665900001,-8.62215793799993],[116.84152997600006,-8.622230435999882],[116.84168151799997,-8.622252184999923],[116.8418403930001,-8.622273934999953],[116.84206037400008,-8.622319849999826],[116.84214347700004,-8.622380265999936],[116.8422656890001,-8.622467262999862],[116.84243434099994,-8.622525261999954],[116.84264943300002,-8.622595342999887],[116.84285230399996,-8.62260984299985],[116.84301362300016,-8.622631591999948],[116.843182275,-8.622658174999856],[116.8433631470001,-8.62265575799995],[116.84347069400008,-8.622629175999862],[116.84356357400009,-8.62261225899988],[116.84367112000007,-8.622605009999916],[116.84376400100007,-8.622597759999906],[116.84385199300004,-8.622617092999917],[116.84395953900002,-8.622643674999892],[116.84408663900012,-8.622638841999958],[116.84416241000008,-8.622605009999916],[116.84426262399995,-8.62257842699995],[116.84436528100002,-8.62255184399993],[116.84445571800018,-8.622518011999887],[116.84454859800007,-8.622491428999922],[116.84470014100009,-8.622482970999954],[116.84474780300013,-8.622478137999906],[116.84482968500015,-8.622469679999881],[116.84490056699997,-8.622452763999945],[116.84497389400008,-8.622440680999887],[116.845044777,-8.622437055999853],[116.84516087800012,-8.622429805999957],[116.84520976200008,-8.622418930999856],[116.84533075200011,-8.622376640999903],[116.84544562999997,-8.622308975999943],[116.84552873400014,-8.622231643999896],[116.84559228400008,-8.62216881299986],[116.84563628,-8.62211564699993],[116.84568516499996,-8.622076981999896],[116.84578782200003,-8.622074564999878],[116.84585870499996,-8.62209389799989],[116.84596625100005,-8.622086647999936],[116.84606646500015,-8.622040732999949],[116.84615201299994,-8.621987566999906],[116.84622533900017,-8.621900568999877],[116.84627911200005,-8.621830487999944],[116.84643065500006,-8.621731406999913],[116.846481983,-8.621687907999956],[116.84653597199997,-8.62166600899991],[116.84657730800006,-8.621649241999876],[116.84672396199994,-8.621634741999912],[116.84686572700002,-8.621629908999864],[116.84702460200003,-8.62164682599996],[116.84707838700001,-8.62166379699994],[116.84713948100011,-8.621683074999908],[116.847232362,-8.621712073999902],[116.84736679399998,-8.62175557299986],[116.84744745400008,-8.621748322999906],[116.84752078100007,-8.6216999909999],[116.84772487400016,-8.621611784999857],[116.84788497099998,-8.62154774499993],[116.84799251699997,-8.621507870999892],[116.8481012850001,-8.62146316299993],[116.84819172100015,-8.62143537199995],[116.84830904399996,-8.621424496999907],[116.84839825899996,-8.621422080999878],[116.84868477999999,-8.621488359999887],[116.84888751000005,-8.621557339999924],[116.84911828999998,-8.621712369999955],[116.84946241,-8.621901759999957],[116.84974109999996,-8.622079169999893],[116.85006131,-8.622190499999874],[116.85017093,-8.622218019999934],[116.85020824000003,-8.62222738999992],[116.8504148500001,-8.622206669999912],[116.85068163000017,-8.622204899999929],[116.85098716000005,-8.622174859999916],[116.85118516000011,-8.62217405999985],[116.8514217500001,-8.622154219999913],[116.85180490000005,-8.622134529999869],[116.85212018000016,-8.622182539999926],[116.8522286000001,-8.622221169999932],[116.85238621999997,-8.622211359999937],[116.85253498999998,-8.622200029999874],[116.85258894000003,-8.62219986999986],[116.85264610000002,-8.622202869999853],[116.85270538000009,-8.622211639999932],[116.85278357000016,-8.622232859999826],[116.85288414000013,-8.622253929999886],[116.85296628000003,-8.622259409999913],[116.85305506000009,-8.622277589999896],[116.85311237999997,-8.622277009999948],[116.85317305,-8.622282789999872],[116.85324031999994,-8.622282129999917],[116.85331114999997,-8.62229761999987],[116.85337934000006,-8.622323279999932],[116.85343791000014,-8.622320209999941],[116.85351919999994,-8.622310779999907],[116.8535939200001,-8.622294929999896],[116.85368478999999,-8.622263089999933],[116.85377232000008,-8.622256929999878],[116.85385976000009,-8.622260369999879],[116.85392769999999,-8.622260559999916],[116.85399885000004,-8.622244709999961],[116.85407652000004,-8.622228759999928],[116.85414773000002,-8.622228769999936],[116.854206,-8.622228779999944],[116.85423833000004,-8.62221601999994],[116.85423486000002,-8.622184259999926],[116.85419880000006,-8.622130429999913],[116.85429661000012,-8.622099039999853],[116.85436626,-8.622092189999933],[116.85453342000017,-8.622078489999865],[116.85465890000012,-8.622078509999938],[116.85477250000008,-8.622087539999882],[116.85485605000008,-8.622087629999896],[116.85487013,-8.6220255],[116.85493988000007,-8.621984139999938],[116.85502356000006,-8.621956569999895],[116.85521187999996,-8.621956629999886],[116.85523980000016,-8.621873839999864],[116.85537938000004,-8.621873849999872],[116.85547028000008,-8.621880759999954],[116.85558934000017,-8.621873849999872],[116.85560353000005,-8.621956819999923],[116.85570178,-8.621970719999922],[116.85584926000001,-8.621970799999929],[116.85598286000004,-8.621943139999928],[116.85603227000001,-8.622005569999942],[116.85626335000018,-8.621977839999886],[116.85638888000005,-8.621984729999895],[116.85645151000006,-8.622033189999911],[116.85665241900006,-8.621945276999952],[116.85668786099995,-8.621907818999944],[116.85668786099995,-8.621860694999953],[116.856678084,-8.621828070999925],[116.85663653200015,-8.621767655999918],[116.85663408800008,-8.621641991999866],[116.85662973600006,-8.621475432999944],[116.85675612,-8.621458799999914],[116.85693031000005,-8.62143341999996],[116.85707944,-8.621395219999897],[116.85749451000004,-8.621300009999914],[116.85762406000015,-8.621268529999895],[116.85770816000013,-8.621249689999956],[116.85786322000001,-8.621192359999895],[116.85801178000008,-8.621134949999941],[116.85810867000009,-8.621103029999858],[116.85814054100013,-8.621080887999938],[116.85814076600002,-8.621080730999893],[116.85817707000001,-8.621055509999849],[116.85819139300008,-8.621045559999914],[116.85822355000016,-8.621023219999927],[116.85834160900004,-8.62093115599987],[116.85834353100006,-8.62093006899994],[116.85836701699998,-8.620916786999942],[116.85838084,-8.620908969999903],[116.85841584000002,-8.620883899999967],[116.85845559999996,-8.620855419999941],[116.85868172000005,-8.62066800999986],[116.85879590000002,-8.620582209999952],[116.85891710500005,-8.620500444999948],[116.85893994000014,-8.620485039999892],[116.85908405000009,-8.620418079999865],[116.85917741000003,-8.620356169999923],[116.85926414999994,-8.620276669999896],[116.85935759999995,-8.620222769999884],[116.85938058,-8.620209509999938],[116.85951411999997,-8.620119089999946],[116.85968805000016,-8.620066609999924],[116.85986993999995,-8.619977589999849],[116.86008491999996,-8.619815089999918],[116.86008534999996,-8.619700109999883],[116.86009195999998,-8.619542459999877],[116.86010461,-8.6193845599999],[116.86013674000003,-8.619218639999929],[116.86016915000005,-8.619039259999909],[116.86020183000005,-8.618852409999931],[116.86024643999997,-8.618764059999876],[116.86030282000002,-8.618694749999918],[116.86035869000011,-8.618646249999927],[116.86045209999997,-8.618596169999932],[116.86057417000018,-8.618507389999877],[116.86067792000006,-8.618444849999946],[116.86083200799999,-8.618358531999888],[116.86090231000014,-8.618319149999934],[116.86096165000004,-8.618292359999941],[116.86096885000006,-8.618289129999937],[116.86154503,-8.618030879999878],[116.86163525999996,-8.617989949999867],[116.86210137,-8.617795749999914],[116.86307133500009,-8.617503177999936],[116.86340886000005,-8.617401369999925],[116.86416753000003,-8.617115349999892],[116.86472306000007,-8.616645759999926],[116.86503360000017,-8.616503849999958],[116.86510373099998,-8.616459045999932],[116.86510732800002,-8.616456747999848],[116.86560333,-8.616139869999927],[116.86629216000017,-8.615852859999961],[116.86634909000009,-8.61582913999996],[116.86695645000009,-8.615470799999912],[116.86715270000002,-8.615366849999816],[116.86753333000001,-8.61516274999991],[116.86827353000001,-8.614895689999912],[116.86879481999995,-8.614632109999945],[116.86954573000014,-8.614252799999917],[116.87028957999996,-8.613823789999856],[116.87080097,-8.613585159999957],[116.87082763000012,-8.613435419999917],[116.87091070000008,-8.613153899999872],[116.87093192000009,-8.612916959999893],[116.8711381600001,-8.612515189999954],[116.87146830999995,-8.612036729999886],[116.87160592999999,-8.611924479999914],[116.87178311000014,-8.610507039999959],[116.87178311000014,-8.60510128999988],[116.87192920999996,-8.601302649999923],[116.87179735000007,-8.598280329999909],[116.87179672000002,-8.598265929999911],[116.87178311000014,-8.597942319999959],[116.87236752000001,-8.591513859999907],[116.87301465000007,-8.588454079999906],[116.87301508000007,-8.58845203999988],[116.8732193300001,-8.587489639999944],[116.87397463000013,-8.583916589999887],[116.87587395000003,-8.58041014999992],[116.87821156999996,-8.578072529999872],[116.88215631000003,-8.57515049999995],[116.88756206000005,-8.572666779999906],[116.89194510000016,-8.570621359999848],[116.8986657700001,-8.568137809999882],[116.89936806000003,-8.568125379999913],[116.90601791999995,-8.568010159999915],[116.90702850900004,-8.567990387999942],[116.90776177700013,-8.567845370999919],[116.90879321000011,-8.567462909999904],[116.90984922000007,-8.56711078],[116.90985017000014,-8.567110469999875],[116.90985107000006,-8.567111],[116.91003000000012,-8.567236919999857],[116.91138522999995,-8.568189329999882],[116.91369629000008,-8.5698137199999],[116.91553296999996,-8.571245649999923],[116.91736603000015,-8.572674759999927],[116.91949150999994,-8.57424777999995],[116.91976926999996,-8.574453339999934],[116.91976942999997,-8.574453479999931],[116.92016230000002,-8.574803029999885],[116.92307280000011,-8.577392579999923],[116.92402515000003,-8.578093419999902],[116.92480573,-8.578667849999931],[116.92531169400013,-8.579040190999933],[116.92672730000015,-8.580081939999957],[116.92852943000003,-8.581691],[116.93062591,-8.583562859999915],[116.9315508300001,-8.584425229999852],[116.93248747999996,-8.585298549999948],[116.93417093000005,-8.587269669999955],[116.93527221,-8.588559129999908],[116.93843439,-8.591659890000017],[116.93978882,-8.592988009999942],[116.94069829000011,-8.59378850999991],[116.94089508000002,-8.593961729999876],[116.94102257000009,-8.59410916999991],[116.94152770000017,-8.594693469999925],[116.94152598000016,-8.594693849999942],[116.94060645000013,-8.594897609999862],[116.93890764000002,-8.595663969999919],[116.93752826000002,-8.596421559999897],[116.93732319000003,-8.596659479999914],[116.93730374000006,-8.596682009999881],[116.93691611999998,-8.597132539999848],[116.93619017000015,-8.597976269999947],[116.93488014000013,-8.59992128999994],[116.9342422200001,-8.602125369999953],[116.93376973,-8.60555189999991],[116.93338557000004,-8.609302439999851],[116.93256075,-8.612156629999959],[116.93152772999997,-8.614229399999942],[116.93050684000002,-8.615426189999937],[116.92944692000015,-8.616879959999949],[116.92777340000009,-8.617684419999932],[116.92505180000012,-8.620237859999861],[116.92385878000016,-8.621392859999958],[116.92324113000006,-8.623288189999926],[116.92267047000007,-8.624480209999888],[116.92228682999996,-8.62500026999993],[116.91658370000005,-8.6316620099999],[116.91511147000006,-8.633418289999952],[116.90872448000005,-8.641846479999913],[116.90872303000015,-8.641848379999942],[116.90871411000012,-8.641865639999878],[116.90832593000016,-8.642616379999936],[116.90479095,-8.650193939999895],[116.90065997,-8.658547769999927],[116.89992229999996,-8.660017469999957],[116.89835085999994,-8.664323109999941],[116.89835037000012,-8.664324469999883],[116.89788746,-8.665592769999932],[116.89690203999999,-8.667967329999954],[116.89678634999996,-8.668246109999927],[116.89658531999999,-8.66873054999985],[116.89520126000014,-8.671815169999888],[116.89483716999996,-8.672550089999959],[116.89404537000007,-8.674148359999947],[116.89400303000002,-8.674216189999868],[116.89264858000013,-8.676386349999916],[116.89180468000006,-8.678145],[116.89144814000008,-8.678888009999866],[116.89137733899997,-8.679138172999956],[116.89133962999995,-8.679271409999899],[116.89128540000013,-8.679463049999924],[116.89127621,-8.679495529999883],[116.89093284000012,-8.680524729999945],[116.89078725000013,-8.68128546999992],[116.89047040000003,-8.682199079999918],[116.89045975,-8.68223103999992],[116.89044474000002,-8.682273069999894],[116.89003021999997,-8.683468309999853],[116.88953942,-8.684883469999875],[116.889402,-8.685164659999884],[116.88864515,-8.686713289999943],[116.88729149000005,-8.688117119999959],[116.88611355000012,-8.68933869999995],[116.88481926999998,-8.690297439999938],[116.88409851999995,-8.690825989999894],[116.88141929300014,-8.693696583999895],[116.87621246900005,-8.687581179999938],[116.87620657100013,-8.687579084999925],[116.87588580400006,-8.687465131999886],[116.87564590900013,-8.687505496999961],[116.87540091000017,-8.68756604399988],[116.87512528600007,-8.687515587999883],[116.87499257800016,-8.687394493999932],[116.8743698720001,-8.687298626999905],[116.87321633400006,-8.687192669999945],[116.87232020800013,-8.687137631999917],[116.86999885500006,-8.686995060999891],[116.86954911999999,-8.68849992999992],[116.86893982000004,-8.69060866999996],[116.86894252000013,-8.690612939999937],[116.86892202000001,-8.690625719999957],[116.8689120900001,-8.69063186999989],[116.86873830000013,-8.69074048999994],[116.86482005000005,-8.693186907999916],[116.86458062999998,-8.693336392999925],[116.86221841000008,-8.694811279999954],[116.8586395000001,-8.697045829999922],[116.85791143000006,-8.697500409999861],[116.85784535000016,-8.697541669999907],[116.85597325000015,-8.698514429999932],[116.85353420000013,-8.699929209999937],[116.85176897000008,-8.701025889999869],[116.85036551999997,-8.701845679999849],[116.85025684000004,-8.701909219999948],[116.85005400900002,-8.702027721999912],[116.85003199200003,-8.702040584999907],[116.84955592999995,-8.702318719999937],[116.84953838000001,-8.702328969999883],[116.84895037000013,-8.70266832999988],[116.84894499400002,-8.70267142799986],[116.84894466599997,-8.702671616999908],[116.84878763900008,-8.702762101999951],[116.84854781000001,-8.702900299999897],[116.84730249999996,-8.70361854999993],[116.84516888000007,-8.704759339999953],[116.84457330999999,-8.705040529999906],[116.84370262000004,-8.705451599999947],[116.84232969000016,-8.706142239999906],[116.84132224000007,-8.706757839999852],[116.84049836999998,-8.707454019999886],[116.83984453000005,-8.707968129999927],[116.83930082000018,-8.708440319999909],[116.83927078,-8.708495619999951],[116.8390853200001,-8.708421439999938],[116.83819855000013,-8.708033489999877],[116.83819662000008,-8.708032759999924],[116.83810204000008,-8.707997859999864],[116.8376962100001,-8.708071269999891],[116.83674512000005,-8.708243299999936],[116.83562638,-8.708004479999886],[116.83546718000002,-8.707947789999935],[116.83482698,-8.707719819999852],[116.83464319000007,-8.70758853999996],[116.83408792000012,-8.707144329999949],[116.83347713,-8.706700109999872],[116.83275528000001,-8.706533529999945],[116.83186684999998,-8.706478009999898],[116.83103395,-8.706533529999945],[116.83047867999994,-8.706422479999901],[116.83020105000003,-8.70620036999992],[116.82992342,-8.705867209999894],[116.82975683000006,-8.705478519999872],[116.82968199000004,-8.704954609999959],[116.82964577999996,-8.704701149999948],[116.82964602900006,-8.703720647999944],[116.82925001400008,-8.70360713999986],[116.82885267400002,-8.703354024999953],[116.82830195800011,-8.703013936999866],[116.82828646400014,-8.703017446999922],[116.82818712899996,-8.70303926799994],[116.828101038,-8.703076361999877],[116.82801494800003,-8.703111274999856]]]]}},{"type":"Feature","properties":{"gid":331210,"luas":0.36042411338302,"kdkab":"07","kdkec":"01","nmkab":"SUMBAWA BARAT","nmkec":"JEREWEH","kdprov":"52","nmprov":"NUSA TENGGARA BARAT","sumber":null,"periode":"2025_1","idkec":"52.07.01"},"geometry":{"type":"MultiPolygon","coordinates":[[[[116.78675722000014,-8.88408287999988],[116.78575029000012,-8.88363864999991],[116.78512759000012,-8.883106069999883],[116.78439164999998,-8.882476389999852],[116.78323867999995,-8.881588819999934],[116.78122556000005,-8.880274929999928],[116.77996534,-8.879584549999947],[116.77835282,-8.878620319999925],[116.77670591000003,-8.877773599999955],[116.77521192000006,-8.877455539999914],[116.77377513,-8.877657169999907],[116.77193936000015,-8.87888844999992],[116.77099132,-8.879803899999956],[116.77007234000007,-8.880782609999926],[116.76890825999999,-8.881835629999955],[116.76890237999999,-8.881838039999877],[116.76872236000008,-8.881924419999905],[116.76740427000004,-8.882551309999826],[116.76628542000003,-8.882598899999948],[116.7645142,-8.882310919999895],[116.76312855000015,-8.881982669999957],[116.76166638999996,-8.882212939999874],[116.75990361000015,-8.882838099999958],[116.75848236000013,-8.882972989999928],[116.75681912000016,-8.882611429999827],[116.75406256999997,-8.880804199999943],[116.75291865999998,-8.880166139999915],[116.75154597000017,-8.879436869999893],[116.75051628000006,-8.879140300000017],[116.75000002000013,-8.879094079999959],[116.74957068000015,-8.879272019999917],[116.7488398700001,-8.8796251899999],[116.74757075000002,-8.880265909999935],[116.74676158,-8.880437719999918],[116.74595109000018,-8.880138219999935],[116.74507769000002,-8.87964393999988],[116.74408176999998,-8.879572179999911],[116.74269701000003,-8.87939613999987],[116.74217820000013,-8.879396189999909],[116.74086842000008,-8.879618199999868],[116.73943426000005,-8.879778699999918],[116.73737201999995,-8.880077699999958],[116.73625211,-8.880173689999936],[116.73504755,-8.880311539999866],[116.73413169000003,-8.880692279999948],[116.73413120000009,-8.880692589999853],[116.73418425,-8.880539899999917],[116.73434449000013,-8.880423539999924],[116.73451996000006,-8.880338649999885],[116.73484041000006,-8.880218499999899],[116.73513030000015,-8.879974379999851],[116.73548125000002,-8.879897099999937],[116.73576357000013,-8.879866609999908],[116.73593904000006,-8.879802709999865],[116.73625183000001,-8.879601479999906],[116.73681639999995,-8.879126539999959],[116.73697661999995,-8.87870025999996],[116.73706819000006,-8.8783884099999],[116.73715209000011,-8.87814426999995],[116.73728943000003,-8.877928729999894],[116.73748780000017,-8.877738939999915],[116.7376632700001,-8.877662659999885],[116.7385025000001,-8.877600659999928],[116.73863984000002,-8.877509109999892],[116.73871613000017,-8.877374649999865],[116.73886873000015,-8.877098079999882],[116.73906707000003,-8.876750939999852],[116.73920439000005,-8.876525899999933],[116.73946381999997,-8.876164430000017],[116.73988340999995,-8.875803959999928],[116.73996864499998,-8.875713869999856],[116.7400236410001,-8.875387844999864],[116.74007863700001,-8.875017360999948],[116.740083637,-8.874612297999931],[116.74000864200013,-8.874059041999885],[116.73995114600007,-8.873715725999944],[116.73984615400002,-8.873135297999852],[116.73977115900016,-8.872903126999915],[116.73957117300006,-8.87247336299987],[116.73949867800002,-8.872317758999884],[116.73935368900004,-8.872110285999952],[116.73922369800005,-8.871929982999859],[116.73904371100002,-8.871808956999871],[116.7388412250001,-8.87176202899991],[116.73861874099998,-8.871779317999938],[116.73846375200003,-8.871885523999936],[116.73833121200005,-8.87204064599996],[116.73810576000005,-8.87220096999988],[116.73787721099995,-8.872314316999848],[116.73753631800002,-8.872379506999948],[116.73732133299995,-8.872349867999958],[116.73706635200006,-8.872260950999987],[116.7369763580001,-8.872186853999892],[116.73680637000007,-8.871974440999907],[116.73661138400007,-8.871791667999958],[116.73647139400009,-8.871574314999918],[116.73636640099994,-8.8714409399999],[116.7361464170001,-8.871342142999879],[116.73585143800005,-8.871218646999921],[116.735561459,-8.87117418899993],[116.73529147800014,-8.871159368999884],[116.7349265040001,-8.871144549999883],[116.73465652300013,-8.871154428999887],[116.73432154700004,-8.87119394799987],[116.73407156500002,-8.871287804999952],[116.73387657900003,-8.871352022999929],[116.73366159400007,-8.871421179999857],[116.73355160200003,-8.871421179999857],[116.73348660700003,-8.87137178199987],[116.73346402000004,-8.87123341899985],[116.73346160800008,-8.871218646999921],[116.73348463599996,-8.871122580999952],[116.733506605,-8.871030932999929],[116.7335816000001,-8.870986474999938],[116.73374658800003,-8.87090249799985],[116.73391907600012,-8.87075677199988],[116.73396157299999,-8.870724662999862],[116.73399407000011,-8.870643155999915],[116.73395907300005,-8.870554238999887],[116.73385908000012,-8.870492490999936],[116.73371909000002,-8.870425802999932],[116.73366127800011,-8.870393363999938],[116.73351660399999,-8.870312185999865],[116.73346160800008,-8.87026772799993],[116.73334661600018,-8.870166460999883],[116.73324412399995,-8.870050373999959],[116.73318162800001,-8.869897238999897],[116.73310163400015,-8.86976139299992],[116.73306913600004,-8.869689764999862],[116.73300914100003,-8.869650245999878],[116.73294914500002,-8.869645305999939],[116.73286165100012,-8.869630486999938],[116.73277165700006,-8.869595907999951],[116.73270666200017,-8.869539098999951],[116.73259167000003,-8.869442771999957],[116.73248917800004,-8.869348914999932],[116.73230919000014,-8.869225417999928],[116.73211920400001,-8.869087101999924],[116.73198671299997,-8.868988304999903],[116.73191171899998,-8.868926555999849],[116.73190421900006,-8.868872217999922],[116.73193171700007,-8.868815408999922],[116.73197421400005,-8.868793179999955],[116.73204420900015,-8.868825288999915],[116.73220419799998,-8.868887036999865],[116.73236918600014,-8.868971014999886],[116.732541674,-8.86905252299988],[116.73264666599994,-8.869129090999934],[116.73273416000006,-8.869178489999854],[116.73278665600003,-8.869227887999955],[116.73288414900014,-8.869247647999885],[116.73290519900013,-8.869237247999934],[116.73298414199996,-8.869198248999908],[116.73308163499996,-8.86913897099987],[116.7331916280001,-8.86910933099989],[116.73348160700004,-8.86907722199993],[116.73373908899998,-8.86909698199986],[116.73396157299999,-8.869087101999924],[116.73402015299996,-8.869057334999866],[116.73413656000014,-8.86899818399985],[116.73426405099997,-8.868882097999915],[116.73438654200004,-8.868706731999907],[116.73451996000006,-8.868378639999946],[116.73455809000006,-8.868264219999958],[116.73463440000012,-8.867975219999948],[116.73461150000003,-8.867585179999935],[116.73442077000004,-8.867303829999912],[116.73442838999995,-8.867160799999908],[116.73455809000006,-8.866708759999938],[116.73470307000014,-8.866514189999918],[116.73486329000002,-8.866396919999943],[116.73501589,-8.86636542999986],[116.73532106000005,-8.866375929999947],[116.73571777000006,-8.866368289999855],[116.73652648999996,-8.866137489999858],[116.73680876000003,-8.866032599999869],[116.73742675000005,-8.86581611999992],[116.73764040000015,-8.865721699999938],[116.73857879000013,-8.865493759999879],[116.7395095600001,-8.86547469999988],[116.73995208000008,-8.865539549999937],[116.7401199300001,-8.86562918999988],[116.74029540000004,-8.865715989999956],[116.74079895,-8.865724549999868],[116.74088287999996,-8.865725519999955],[116.74164582000003,-8.86567213],[116.74195098999996,-8.865568179999912],[116.74230193000005,-8.86548613999986],[116.74279786,-8.865398419999906],[116.74306490000004,-8.865439419999916],[116.74334717,-8.865505219999932],[116.74357606000012,-8.865558609999937],[116.74395751999998,-8.865531939999926],[116.74452971000017,-8.865450859999953],[116.74467469000001,-8.865370749999897],[116.74497986000006,-8.865206719999946],[116.74523926000006,-8.865065579999907],[116.74549865999995,-8.864842399999986],[116.74588012000015,-8.864432339999894],[116.74591828000007,-8.86427212999996],[116.74597169000003,-8.864027009999916],[116.7460250800001,-8.863836279999873],[116.74607087000015,-8.863646499999902],[116.74613954000006,-8.863517769999817],[116.74630737999996,-8.863377569999955],[116.74662779999994,-8.863256459999945],[116.74681855999995,-8.863237379999873],[116.74720764000006,-8.863282209999852],[116.7484817400001,-8.863879199999872],[116.74905394999996,-8.86422156999987],[116.74954987000001,-8.864229209999905],[116.74979401999997,-8.864199629999916],[116.75000001000012,-8.864149099999906],[116.75012971000001,-8.864117619999888],[116.75107574000015,-8.863771429999929],[116.75144957999998,-8.863641739999935],[116.75200653000002,-8.863277419999918],[116.75247953999997,-8.862879759999942],[116.75264739,-8.862711899999908],[116.7528076100001,-8.862597489999871],[116.75283815000012,-8.862570769999877],[116.75287628000012,-8.86249923999992],[116.75297546000013,-8.862382889999878],[116.75306703000001,-8.862333299999932],[116.75337981999996,-8.862317070000017],[116.7535781900001,-8.862373359999879],[116.75373840999998,-8.862469669999939],[116.75379943000007,-8.862621299999887],[116.75386045999994,-8.862742419999961],[116.75411225000005,-8.862903599999868],[116.75427246000015,-8.863015189999885],[116.75441636599999,-8.863204911999958],[116.75446136300002,-8.863271600999951],[116.75450386000011,-8.86337780999986],[116.75450885900011,-8.863469198999951],[116.75453760699997,-8.863681615999951],[116.75456385500001,-8.863782884999921],[116.754628851,-8.863858218999894],[116.75474759200017,-8.863916262999908],[116.75492757900008,-8.863978011999905],[116.75501257300016,-8.863999006999904],[116.75519006100012,-8.864026175999868],[116.75535379899998,-8.864048405999938],[116.75545502000011,-8.86407756999995],[116.75546955000004,-8.864082500999928],[116.75547754000002,-8.864090394999948],[116.75566752700001,-8.864233652999872],[116.7558775120001,-8.864347271999861],[116.75611749500013,-8.864381850999905],[116.7561826320001,-8.86438031899985],[116.75632747999998,-8.864376910999852],[116.75655746300015,-8.864376910999852],[116.75679244699995,-8.864347271999861],[116.75708082100005,-8.864237312999933],[116.757412402,-8.864075575999948],[116.75786237,-8.863873037999895],[116.75819734599997,-8.863660620999894],[116.75861731700002,-8.863403743999868],[116.75889729700009,-8.863216026999908],[116.75918227600016,-8.863003608999918],[116.75935726400007,-8.862860350999938],[116.75956224900006,-8.862667692999935],[116.75981223099996,-8.862435514999959],[116.76003221600013,-8.86226755599995],[116.76022220200002,-8.862114417999862],[116.76044218699997,-8.861985978999883],[116.76067217000013,-8.861852599999906],[116.76088715500009,-8.861724160999927],[116.76118128200017,-8.861564253999916],[116.76137212000015,-8.86145740299986],[116.76209206900012,-8.860988105999922],[116.76252703800014,-8.860637366999867],[116.76310199700015,-8.860266868999929],[116.76346197200007,-8.85997046999995],[116.763826946,-8.859545630999946],[116.76413692300002,-8.859204770999895],[116.76440190500011,-8.85887379099995],[116.76473688100009,-8.858503290999863],[116.76474423800005,-8.858493852999914],[116.76502186000016,-8.858137729999896],[116.76531683900009,-8.857747468999946],[116.76563681699997,-8.857381907999923],[116.765816804,-8.857169486999908],[116.76608678500008,-8.85691754499993],[116.7665317530001,-8.856626082999867],[116.76688672800003,-8.856388961999926],[116.76727670000002,-8.856141959999889],[116.767681671,-8.855865317999928],[116.768080565,-8.855405488999907],[116.76816163700016,-8.855312032999905],[116.76843161800002,-8.854729105999866],[116.7687115980001,-8.853864594999948],[116.76879659199994,-8.853375527999958],[116.76882658900001,-8.852935860999935],[116.76884751500006,-8.852747473999955],[116.76887158600016,-8.852530773999888],[116.76899157799994,-8.852036764999866],[116.76908446700008,-8.851748608999912],[116.76947021000012,-8.851061829999935],[116.76976777000004,-8.850625989999912],[116.76988218000008,-8.85044478999987],[116.77043916000002,-8.84969136999996],[116.77050781000003,-8.849466329999927],[116.77064514999995,-8.849222189999864],[116.77077485000007,-8.848979959999895],[116.7709121900001,-8.848707209999873],[116.77108,-8.84834861999991],[116.77114104999998,-8.84804915999996],[116.77118685000005,-8.847124089999909],[116.77120208000008,-8.846683489999862],[116.77123259999996,-8.844424259999926],[116.77115631000004,-8.842875499999934],[116.77104186999998,-8.842358579999939],[116.77099609000004,-8.842114439999932],[116.77092743000003,-8.8416461999999],[116.77078246999997,-8.841320039999914],[116.77066802000013,-8.840991],[116.77053068000009,-8.84034634999989],[116.77043028100002,-8.839969320999899],[116.77035398099997,-8.839743137999903],[116.770268987,-8.839520825999898],[116.77017899300006,-8.83927381299992],[116.77011774699997,-8.839163891999931],[116.7700615010001,-8.839049030999945],[116.76999559600006,-8.838993857999924],[116.76997150800003,-8.838973691999854],[116.769875265,-8.838947755999925],[116.76978527100016,-8.838953930999878],[116.76961778300017,-8.838971221999884],[116.7694352960001,-8.838914408999926],[116.76932530400006,-8.838874886999918],[116.76912156800006,-8.83874396899995],[116.76898782800004,-8.838678510999955],[116.76888283500011,-8.83864022399996],[116.76882034000016,-8.838571059999936],[116.76876832000016,-8.838479049999933],[116.76867675000005,-8.83837414999988],[116.76858518000006,-8.838354109999898],[116.76760102000003,-8.838586809999924],[116.76744841999994,-8.838600159999942],[116.76700590999997,-8.838504799999953],[116.76686098000005,-8.83848571999988],[116.76671602,-8.838522909999938],[116.76663207000013,-8.838623029999951],[116.76655577999998,-8.838836659999856],[116.76655179499994,-8.838845893999917],[116.766535503,-8.83892428899992],[116.76652300300009,-8.838983571999961],[116.76650175500004,-8.839067556999908],[116.76648175599996,-8.839130544999932],[116.76646050800014,-8.839202178999926],[116.76643551000006,-8.839251581999918],[116.76640301199996,-8.83928616399993],[116.76635875299996,-8.83929321799991],[116.76632551800014,-8.839298513999893],[116.76625816599994,-8.839292598999862],[116.76621302600006,-8.839288633999956],[116.76613178100001,-8.839268872999924],[116.76602553900011,-8.839217],[116.76595804399994,-8.839168831999928],[116.76586740400012,-8.839111103999926],[116.76578660999996,-8.839073578999944],[116.76574430899996,-8.839040385999851],[116.76569306299996,-8.838999627999954],[116.76564556599999,-8.838945284999909],[116.76560457100015,-8.838893974999905],[116.76559449000013,-8.838874819999944],[116.76545715000009,-8.838665949999893],[116.76544189000003,-8.838574409999921],[116.76551817999996,-8.838264469999956],[116.76561736999997,-8.837551119999944],[116.76572419000013,-8.837406139999928],[116.76583863000008,-8.837365159999877],[116.76609039000004,-8.837354660000017],[116.76624299000014,-8.837344169999938],[116.766299269,-8.837342164999939],[116.76634926600002,-8.837312522999866],[116.76641676099996,-8.837233477999916],[116.76647925700001,-8.83712726199991],[116.766549252,-8.836964231999957],[116.766614247,-8.836825903999852],[116.76667674300018,-8.836675224999908],[116.76677923500017,-8.836509724999928],[116.76682423200009,-8.83638127699993],[116.76683673100013,-8.83628000099992],[116.76679923400013,-8.836193544999958],[116.76675673700004,-8.836081152999952],[116.76673173899997,-8.836040395999873],[116.76670174100013,-8.835984816999883],[116.76669174100016,-8.835899596999866],[116.76669174100016,-8.835823021999943],[116.76670049100005,-8.835752622999905],[116.766697991,-8.835668636999856],[116.76671049000004,-8.835584651999909],[116.76674798700003,-8.835490785999866],[116.76678798499995,-8.835414210999943],[116.76682548200017,-8.835332695999853],[116.76683798099998,-8.835278352999921],[116.76685297999995,-8.835174605999953],[116.76688047800008,-8.835075798999924],[116.76692297499994,-8.834969582999918],[116.76698297100006,-8.834873245999859],[116.76700296900003,-8.834809021999945],[116.76704546600001,-8.834739856999931],[116.76711046200012,-8.834687983999913],[116.76719545599997,-8.834655871999928],[116.767310447,-8.834618818999957],[116.76749043500001,-8.834559535999915],[116.76766792199999,-8.834482959999889],[116.76788540600012,-8.834408855999868],[116.76807039300002,-8.83430757899987],[116.76820788300006,-8.83423347399986],[116.76827287900005,-8.834174189999942],[116.76838037100015,-8.83408032299991],[116.76843036800005,-8.834033389999888],[116.76854535900009,-8.833959284999935],[116.76870534800003,-8.833885179999925],[116.76892533199998,-8.833835776999933],[116.76917781400005,-8.833783902999869],[116.76943779600015,-8.833781432999956],[116.76969277800004,-8.833781432999956],[116.76991776199998,-8.833741909999958],[116.77025273800007,-8.833628282999882],[116.77047772200001,-8.833499833999895],[116.77057401399998,-8.833413333999943],[116.77064270999995,-8.833351622999885],[116.77078770000003,-8.833193531999882],[116.77093268900012,-8.833045321999862],[116.77110267700004,-8.832902051999895],[116.77124766700001,-8.832753840999942],[116.77142765400004,-8.832674795999935],[116.77163264,-8.83264515399992],[116.77194761700002,-8.832580928999903],[116.77236258799996,-8.832492002999913],[116.77261756899998,-8.832422837999957],[116.77296254500015,-8.832304268999849],[116.77333251799996,-8.832156057999953],[116.77378748599995,-8.832086892999882],[116.774244953,-8.831943622999916],[116.77462242700005,-8.831827523999948],[116.77490990600006,-8.831785530999923],[116.77526863100002,-8.831804056999943],[116.77547611600005,-8.831813937999868],[116.77593608300015,-8.831779355999913],[116.77618481499997,-8.83173242199996],[116.77649979300008,-8.831665726999859],[116.77670727800012,-8.831665726999859],[116.777027255,-8.831660786999919],[116.77727473799996,-8.831603972999915],[116.77749472200003,-8.831544687999951],[116.77773220500012,-8.831505164999896],[116.77801718500007,-8.831440939999936],[116.778377159,-8.831403887999954],[116.77865713900007,-8.831366834999926],[116.77890212199998,-8.831413767999948],[116.77910460700014,-8.83142117899996],[116.77950707900004,-8.831474287999924],[116.77967081700012,-8.831475522999938],[116.77988705200016,-8.831448350999892],[116.78002079199996,-8.831376715999909],[116.78011523500004,-8.831326813999908],[116.78013172199996,-8.83131557899992],[116.78020921600012,-8.8312562939999],[116.78030420899995,-8.83119206899994],[116.78036920499994,-8.831147605999888],[116.78044669899998,-8.831145135999861],[116.78055419200007,-8.831159956999954],[116.78059523800005,-8.83116636099993],[116.78064918500002,-8.831174777999934],[116.78082917200004,-8.831137724999849],[116.781081654,-8.831016685999884],[116.78138163300002,-8.830794368999875],[116.78161161599996,-8.830631336999886],[116.78175660600004,-8.830473243999961],[116.78187159800007,-8.830285509999953],[116.7819165950001,-8.83014223899994],[116.78192659399997,-8.829954503999943],[116.78193659299995,-8.829717364999851],[116.78195659200014,-8.829475285999877],[116.7819440930001,-8.829117106999945],[116.78191409500005,-8.82896395399996],[116.781911595,-8.828771278999909],[116.781906595,-8.828604539999958],[116.78187659699995,-8.828525492999916],[116.781865348,-8.82844891699989],[116.7818565990001,-8.828390866999882],[116.78184909900006,-8.828338992999932],[116.78186284799995,-8.828295763999904],[116.78188534699996,-8.828236478999884],[116.7818978460001,-8.828200660999926],[116.7818978460001,-8.828157432999944],[116.7818416,-8.828072210999892],[116.78180910200001,-8.828017865999925],[116.78179660299998,-8.827980812999954],[116.7817866040001,-8.827909176999924],[116.7817641050001,-8.827837540999951],[116.78171410900006,-8.827768374999891],[116.781651613,-8.827696738999919],[116.78160411700003,-8.82765721599992],[116.78155162100006,-8.827573227999892],[116.78155162100006,-8.827516413999888],[116.7815916180001,-8.827474419999874],[116.781651613,-8.827462068999921],[116.78170161000014,-8.827439836999872],[116.78171910900005,-8.827400313999874],[116.7817266080001,-8.827348438999934],[116.78173660699997,-8.827301504999866],[116.78183409999997,-8.827261981999925],[116.78188671600003,-8.827254955999933],[116.78192659399997,-8.827249630999859],[116.78196159100014,-8.827279272999931],[116.78196558000013,-8.827312774999939],[116.781971591,-8.827363259999856],[116.78205158500009,-8.82747194999996],[116.78215907700007,-8.827585578999958],[116.78223907200004,-8.827689327999906],[116.78234656400002,-8.827810368999906],[116.78241905899995,-8.827862242999913],[116.78245897199997,-8.827884996999956],[116.78248405400007,-8.827899295999885],[116.78257654800007,-8.82799069399988],[116.78277153400006,-8.828203131999885],[116.78285769900015,-8.82828827599991],[116.7828815260001,-8.828311820999886],[116.78302151599996,-8.828351343999884],[116.78337649100013,-8.828287118999924],[116.78360647400007,-8.828163607999898],[116.783841457,-8.827995633999933],[116.78413143700004,-8.827743672999873],[116.78428142600012,-8.82756087699994],[116.78450140999996,-8.82735831999986],[116.784718913,-8.827100408999854],[116.78475139299996,-8.82706189399994],[116.78479835500013,-8.827007254999955],[116.7850613710001,-8.826701242999945],[116.78525635699998,-8.82642951899993],[116.78544384299994,-8.826068866999947],[116.78548883999997,-8.825979938999865],[116.78549883900007,-8.825893480999923],[116.7854463430001,-8.825856427999952],[116.78538634699999,-8.825856427999952],[116.78531119600007,-8.82582035799993],[116.78529885400008,-8.825814433999938],[116.78522885900009,-8.825732916999868],[116.78521135999995,-8.825668690999862],[116.78518886200004,-8.82560693499994],[116.78519361500003,-8.825539602999868],[116.78519636100009,-8.825500715999908],[116.78519136099999,-8.825441429999898],[116.78516136300016,-8.825305567999862],[116.78515136400017,-8.825216639999951],[116.78511886599995,-8.825127711999869],[116.78508136899995,-8.8250387839999],[116.78504387199996,-8.824947384999916],[116.7850151240001,-8.824760882999897],[116.78500887400003,-8.824718888999882],[116.78499512500014,-8.824654662999933],[116.784969102,-8.82457996599993],[116.7849688770001,-8.824579320999874],[116.78494637899996,-8.824520034999864],[116.78493637899999,-8.82445827999993],[116.784958878,-8.824406404999877],[116.784991376,-8.824334767999915],[116.78500191800003,-8.824294137999914],[116.78501637399995,-8.824238428999934],[116.78507137000008,-8.824105035999935],[116.78511386700018,-8.82402598899995],[116.78516636300003,-8.823922238999955],[116.78521386,-8.823835780999957],[116.78516886300008,-8.823614694999947],[116.78513761499994,-8.82351588499995],[116.78505512100003,-8.823382491999894],[116.78495387800012,-8.823263920999864],[116.784828887,-8.823152759999914],[116.78478014100006,-8.823130527999922],[116.7847276440001,-8.823140408999848],[116.78468139799998,-8.823171286999923],[116.78465639900014,-8.823209574999908],[116.78465019300018,-8.823247395999942],[116.78464889999998,-8.823255274999951],[116.78463640100006,-8.823293563999925],[116.78459265400011,-8.82334049799988],[116.78453890800006,-8.823359024999945],[116.78444391500011,-8.823356554999918],[116.78440641700001,-8.823350378999919],[116.78436786700001,-8.823334959999954],[116.78435392100016,-8.82332938199994],[116.78429642499998,-8.823257744999864],[116.78425767800013,-8.823199693999868],[116.78420768100011,-8.823113235999926],[116.78415268499998,-8.823013190999916],[116.78408018999994,-8.822961315999862],[116.7840364440001,-8.822968726999932],[116.7839901970001,-8.822992193999937],[116.78393270100014,-8.823018131999959],[116.78389145400001,-8.823016896999945],[116.78384770699995,-8.822984783999857],[116.78383520800014,-8.822939083999927],[116.78382895799996,-8.82287856299996],[116.78382371200007,-8.82279043099993],[116.7838227090001,-8.822773577999953],[116.78384020800002,-8.82260313099988],[116.7839576990001,-8.822378338999954],[116.78409268999997,-8.822304230999862],[116.78415518500003,-8.82233634499994],[116.78419518200008,-8.822378338999954],[116.78419843100005,-8.822383445999947],[116.78425017799998,-8.822464796999895],[116.78431267400003,-8.822568547999879],[116.78437016999999,-8.822627832999899],[116.78445766400012,-8.82261301199992],[116.78458515500006,-8.822526552999875],[116.78467014800015,-8.822405510999886],[116.784755142,-8.822225183999876],[116.78479514000014,-8.822047325999904],[116.78474264299996,-8.821963336999886],[116.784717645,-8.821862056999862],[116.78468764700006,-8.821764481999878],[116.78467264799997,-8.821686668999916],[116.784671398,-8.821629853999923],[116.78466389900007,-8.821602680999888],[116.78466389900007,-8.821568096999954],[116.78468389700004,-8.821548334999932],[116.78472514500015,-8.821517456999857],[116.78474639300009,-8.821479167999883],[116.78474264299996,-8.821445819999894],[116.78473014400015,-8.821392709999941],[116.78473514400014,-8.821344539999927],[116.784796389,-8.821274136999875],[116.78483638700004,-8.821223496999949],[116.78489763200014,-8.821162975999925],[116.78494387900014,-8.821119746999898],[116.78498262599999,-8.821056754999859],[116.78500637499997,-8.821008584999959],[116.78505887100005,-8.820957944999918],[116.78511886599995,-8.820898658999909],[116.78518136200012,-8.820834431999913],[116.78518386199994,-8.820780086999946],[116.78516886300008,-8.820693627999901],[116.78517886199995,-8.820617049999953],[116.785251357,-8.820520709999926],[116.78535197500014,-8.820396578999919],[116.78546696700005,-8.820218719999957],[116.78561195600003,-8.819991455999912],[116.78574694700012,-8.819779013999892],[116.78592943400008,-8.819477641999924],[116.78607942300005,-8.819176268999854],[116.78619941500006,-8.818865014999858],[116.78628690799997,-8.818417896999904],[116.78628190899997,-8.818230155999913],[116.7862394120001,-8.818099230999906],[116.786174416,-8.817980657999954],[116.78608442300015,-8.817918900999928],[116.78594193300012,-8.817857143999959],[116.78585193899994,-8.817790446999936],[116.78579444299999,-8.817708927999945],[116.78577457100005,-8.81757277399987],[116.7857971300001,-8.817379969999934],[116.78591918000006,-8.817185399999914],[116.78655243000003,-8.81678103999991],[116.78665925000007,-8.81666086999985],[116.78676604999998,-8.816365249999876],[116.78675841000006,-8.816158289999919],[116.78672789999996,-8.816010459999859],[116.78665161000015,-8.815844539999887],[116.786786625,-8.815595611999925],[116.78678437300016,-8.815584483999942],[116.78680270500013,-8.815560192999897],[116.78680744600001,-8.815557225999896],[116.78684020200012,-8.815536724999902],[116.78686853399995,-8.815507904999947],[116.78690519800011,-8.81546673299988],[116.78694186200016,-8.815405798999905],[116.78698185899998,-8.815341571999909],[116.78698852499997,-8.815255934999868],[116.78701352300016,-8.815199941999936],[116.78700852400016,-8.815148888999886],[116.78699019200008,-8.81507807399987],[116.78698852499997,-8.815008905999946],[116.78696686000012,-8.814936443999898],[116.78692519599997,-8.814855746999854],[116.78686020100008,-8.814801400999897],[116.78681020400006,-8.814737172999912],[116.78675937500009,-8.814640007999856],[116.78673771000012,-8.814600482999879],[116.78668521300017,-8.81452719799995],[116.78664271600007,-8.81448273199993],[116.78658438699995,-8.814430032999894],[116.78654605700001,-8.814392977999944],[116.78650272599998,-8.814383919999898],[116.78646939500004,-8.814361687999849],[116.78643523100004,-8.814329573999942],[116.7864035670001,-8.814290048999908],[116.78637856800003,-8.814251347999857],[116.7863677360001,-8.814229937999869],[116.786364403,-8.814209352999853],[116.78637773500009,-8.814175591999913],[116.78638773399996,-8.814160769999944],[116.78640773300003,-8.814137713999912],[116.78641939900001,-8.8141088939999],[116.78642856500005,-8.81408254399986],[116.78644939699996,-8.814057016999868],[116.78648356099995,-8.814037254999903],[116.786526891,-8.814023256999917],[116.78657522100013,-8.813996082999893],[116.78658855300012,-8.813961498999959],[116.78659605300004,-8.81394008999996],[116.78659438600016,-8.813924444999941],[116.78659022,-8.813903858999879],[116.78659022,-8.813885578999873],[116.78659022,-8.813875861999918],[116.78660521900008,-8.813857745999883],[116.78663688300003,-8.813855275999856],[116.78666521500008,-8.813867627999912],[116.78670678499998,-8.813882041999875],[116.78671271100006,-8.813884095999867],[116.78677104000008,-8.813901387999863],[116.78685603400015,-8.813901387999863],[116.78691769700004,-8.81390221199996],[116.78693493499998,-8.813908196999932],[116.78694852800015,-8.813912915999936],[116.78696936000006,-8.813931031999914],[116.78699852400007,-8.813968909999858],[116.78700738000009,-8.813984588999915],[116.78701852300003,-8.814004317999945],[116.78703102200006,-8.814051252999946],[116.7870401880001,-8.814098188999878],[116.78707351900005,-8.814147594999895],[116.78714684700014,-8.814230761999852],[116.78719684299995,-8.814294165999854],[116.78725017299996,-8.814389683999934],[116.78729433700005,-8.814467910999952],[116.78735266600017,-8.814532137999947],[116.78738849700005,-8.814573309999957],[116.78743266000004,-8.814589778999903],[116.78747765699995,-8.814593071999923],[116.78750337000008,-8.814603036999927],[116.78752015400005,-8.814609540999925],[116.787550152,-8.814638360999936],[116.78757848300017,-8.814694354999915],[116.78762181299999,-8.81477999099991],[116.78765714600002,-8.814872041999877],[116.78765847700004,-8.814875509999922],[116.78768014200011,-8.814936443999898],[116.78771514000016,-8.814999023999917],[116.78778180200015,-8.81505007699991],[116.78783346499995,-8.815104423999855],[116.78789351300009,-8.815152873999864],[116.78792429200007,-8.815177708999954],[116.78794762300015,-8.815210645999912],[116.78797178800005,-8.815254287999892],[116.78798595399996,-8.81529216599995],[116.78801261900003,-8.81532921999991],[116.78806178200011,-8.815385213999889],[116.78809511300005,-8.815410739999948],[116.78810844500015,-8.815434618999916],[116.78812927700005,-8.815472496999917],[116.78813594300004,-8.815538371999878],[116.78813094400016,-8.815567191999946],[116.78812011100001,-8.815594364999868],[116.78809178000006,-8.81565447499986],[116.78809066100007,-8.815657081999916],[116.78808011399997,-8.815681648999941],[116.78808511400007,-8.815714585999956],[116.788087959,-8.81572302099994],[116.7880976130001,-8.815751639999917],[116.78810761199998,-8.815787870999884],[116.78812844400011,-8.815813396999886],[116.78813594300004,-8.81584056999992],[116.788133443,-8.81588091899988],[116.78812094399996,-8.815913031999855],[116.78810011200005,-8.815954203999922],[116.78809234999994,-8.815969289999884],[116.7880751140001,-8.816002785999956],[116.78807678099997,-8.816045603999896],[116.78809094600001,-8.816102420999925],[116.78810011200005,-8.816154296999855],[116.78812094399996,-8.816162530999918],[116.788150449,-8.816175286999908],[116.788160941,-8.816179822999914],[116.78818093999996,-8.816200408999919],[116.78819593900005,-8.816230052999913],[116.78821010499996,-8.816281928999956],[116.78820843799997,-8.816347802999871],[116.78820831500002,-8.816351923999946],[116.78820677199997,-8.816403795999918],[116.78822510400005,-8.816449907999868],[116.78823514600003,-8.81648843399995],[116.788253435,-8.816558600999883],[116.78827509999996,-8.816762810999933],[116.78827545500008,-8.816767107999908],[116.78828843199994,-8.816924201999939],[116.788381759,-8.81715476199986],[116.78847175299995,-8.81742813999989],[116.788571746,-8.817609292999919],[116.788770065,-8.817777271999944],[116.78883006,-8.8178316179999],[116.78894505200014,-8.817853026999899],[116.78906504400015,-8.817848086999959],[116.78909960600015,-8.817853209999896],[116.78916503699998,-8.817862907999938],[116.78921170000001,-8.817884316999937],[116.78926836300002,-8.81797159999985],[116.78930835999995,-8.81801277199986],[116.78933669100013,-8.818076998999857],[116.78939335400014,-8.818152753999925],[116.78947834799999,-8.818215333999945],[116.7895450100001,-8.818208746999915],[116.78958500700003,-8.818187337999916],[116.789675,-8.818218627999954],[116.78975666100007,-8.818309204999878],[116.78978499200002,-8.818394840999872],[116.78980665799997,-8.818521647999887],[116.78981025100006,-8.818551572999866],[116.78981832299996,-8.818618811999954],[116.78982332300006,-8.818671510999934],[116.78982832299994,-8.818734090999953],[116.78982332300006,-8.818795024999929],[116.78983832200015,-8.818879013999947],[116.78985498700001,-8.818933360000017],[116.78988831800007,-8.818961355999932],[116.789921649,-8.819017348999864],[116.78994998100006,-8.819096396999896],[116.7899966440001,-8.819165564999878],[116.79006663899997,-8.819208382999932],[116.79010663600013,-8.819234731999927],[116.79014496700006,-8.819266021999908],[116.79014686000005,-8.819273879999855],[116.79015330000016,-8.819300605999956],[116.79015034500014,-8.819313904999888],[116.79013830100007,-8.819368126999848],[116.7901199690001,-8.819425765999881],[116.7901233020001,-8.819494933999863],[116.79013663399996,-8.819572334999862],[116.79016163200004,-8.819648089999816],[116.79018739000003,-8.819698996999932],[116.79020162899997,-8.819727137999905],[116.7902516260001,-8.819802892999917],[116.79029828900013,-8.81984406399988],[116.79035995200013,-8.81990334999989],[116.79044327899999,-8.819977457999926],[116.79052385,-8.820083000999944],[116.79061660000002,-8.820201428999951],[116.790694928,-8.820287063999956],[116.79079325399994,-8.820407283999941],[116.7909615750001,-8.82054067699994],[116.791139896,-8.820646074999956],[116.79134488099999,-8.820723475999898],[116.79149987000017,-8.820744884999897],[116.79180984800007,-8.820817345999956],[116.79206983000006,-8.82089968799994],[116.79229314700012,-8.82100837899992],[116.79260645800002,-8.821094014999915],[116.7928864380001,-8.821209292999868],[116.793203082,-8.821298221999939],[116.79356305700003,-8.821370682999884],[116.79380970600016,-8.821390444999906],[116.794033023,-8.821469492999881],[116.79420634400003,-8.821561715999906],[116.79434930000002,-8.821728844999939],[116.79444122999996,-8.821931849999942],[116.79467011000008,-8.822291359999952],[116.79522703999999,-8.823086749999959],[116.79530333000002,-8.823198309999952],[116.79544067000006,-8.823452949999876],[116.79560089000017,-8.823693299999945],[116.79566955999996,-8.823927859999912],[116.79570768999997,-8.824265459999936],[116.79572642800008,-8.824718364999853],[116.79574290100015,-8.824832313999877],[116.79578522600013,-8.825073604999943],[116.79578623200007,-8.825079335999874],[116.79587622500014,-8.825280247999899],[116.79605621200005,-8.82545810399995],[116.79641618700009,-8.825570087999893],[116.79690281900002,-8.825655721999851],[116.79736278600012,-8.82566230999987],[116.79778275600006,-8.825596436999945],[116.798139397,-8.825527270999885],[116.79845270800001,-8.825464691999855],[116.79868269200006,-8.825369175999867],[116.79873829300016,-8.825311001999864],[116.79879601699997,-8.825250604999951],[116.79882934800014,-8.825138621999884],[116.7988493470001,-8.824898185999928],[116.79886934499996,-8.824693980999882],[116.79886934499996,-8.824614932999907],[116.79884268100011,-8.824407433999909],[116.79876601900014,-8.824226283999906],[116.79869602400015,-8.824107711999943],[116.79867269300007,-8.82397596699991],[116.79870935700012,-8.823840926999935],[116.79875602000016,-8.823735529999908],[116.79880601700006,-8.823616958999935],[116.79881268300005,-8.823435807999942],[116.79879268399998,-8.823225013999945],[116.79870435700002,-8.822992811999882],[116.7986560270001,-8.822834715999875],[116.79862769600015,-8.822782017999941],[116.79859769799998,-8.822674150999944],[116.79859019900016,-8.822600042999909],[116.79858436600011,-8.8225407569999],[116.79857770000012,-8.822505350999961],[116.79858936500011,-8.822458415999904],[116.79862269599994,-8.822392542999864],[116.79866602700008,-8.822345607999921],[116.79873602200007,-8.822300319999897],[116.79881601600005,-8.822275617999878],[116.79888267800015,-8.822269029999859],[116.7989435070001,-8.822275617999878],[116.79896309599997,-8.822280947999957],[116.79900100300006,-8.822291262999954],[116.79904016700004,-8.822319258999869],[116.799066831,-8.822357958999874],[116.7990813030001,-8.822395140999902],[116.79909182999995,-8.822422185999926],[116.79910682900004,-8.822465002999934],[116.7991384930001,-8.82253252299995],[116.79916182500006,-8.822568752999928],[116.79922015399995,-8.822609923999948],[116.79922900500003,-8.822616651999851],[116.79930681400003,-8.822675796999874],[116.79940680700008,-8.822728495999911],[116.79949013500004,-8.82281413099986],[116.79955012999994,-8.822975519999886],[116.79958208400012,-8.823073888999943],[116.79959346100009,-8.823108912999942],[116.79960012700008,-8.823151730999882],[116.79960012700008,-8.823199488999933],[116.7995901270001,-8.823237365999887],[116.79960179299997,-8.823293357999887],[116.79962179200015,-8.823337821999928],[116.79967345500006,-8.823329587999865],[116.79971845199998,-8.823308178999866],[116.79975344900015,-8.82330159199995],[116.79980844500005,-8.823332881999875],[116.79985844200007,-8.823369111999853],[116.79988844000002,-8.823458039999934],[116.7999084380001,-8.82354367499994],[116.79993510300005,-8.8235897859999],[116.80002176300013,-8.823619428999905],[116.8001017580001,-8.82365565899994],[116.80018175199996,-8.823698476999937],[116.80025174699995,-8.8238697459999],[116.80025174699995,-8.82399819899996],[116.80017841899996,-8.824123356999905],[116.80004176200009,-8.824232046999953],[116.799961768,-8.824301213999888],[116.79993843600005,-8.824373673999958],[116.79992176999997,-8.824538355999891],[116.799895106,-8.824647045999882],[116.79991510400009,-8.824752442999909],[116.79994510200004,-8.824831489999895],[116.80004176200009,-8.824927005999882],[116.80023508200009,-8.825002758999858],[116.80049839600008,-8.825124623999898],[116.801058356,-8.825365058999921],[116.80123501000003,-8.825421050999921],[116.80150832400011,-8.825437518999934],[116.80177830499997,-8.825414463999891],[116.80191162899996,-8.825407876999861],[116.80199495600004,-8.825404582999909],[116.80213161300003,-8.825440812999943],[116.80226493700013,-8.825483629999951],[116.80239492800013,-8.825582438999959],[116.80250492000016,-8.825697715999866],[116.80257863299994,-8.825816080999914],[116.80258491400002,-8.825826167999935],[116.80260491299998,-8.825944737999919],[116.80261824499996,-8.826073189999875],[116.80264824300002,-8.826129181999875],[116.80271157200002,-8.826152236999917],[116.80274179100013,-8.826159346999873],[116.802851562,-8.826185172999885],[116.80301821700004,-8.826198347999934],[116.80323153500012,-8.826195053999925],[116.80367817000001,-8.826096244999917],[116.80375696700014,-8.826078941999924],[116.803967166,-8.826032783999892],[116.80421813100008,-8.825977674999876],[116.8046514340001,-8.825865690999933],[116.80507504500008,-8.825745344999916],[116.80518472900008,-8.825714183999935],[116.805864681,-8.825457280999956],[116.80653796600006,-8.825190496999937],[116.80710670200006,-8.824912276999896],[116.80754789399998,-8.824696450999909],[116.80784779200008,-8.824519572999918],[116.808184515,-8.82432097599991],[116.808217818,-8.82429903699989],[116.80855448900002,-8.824077245999945],[116.80951442100002,-8.823329587999865],[116.81038665999995,-8.822491639999896],[116.81056977000003,-8.822270389999915],[116.81088255999998,-8.821915599999954],[116.81111544099997,-8.82161273099996],[116.81184758800009,-8.820566202999942],[116.81205090699996,-8.820220366999934],[116.81233088700003,-8.81975925199987],[116.81235334700011,-8.819703101999949],[116.81257362600013,-8.819152397999915],[116.81266831700009,-8.818927742999904],[116.81277241600003,-8.818636873999935],[116.81282805499995,-8.818397439999899],[116.81288010499998,-8.818017890999954],[116.812883694,-8.817656076999924],[116.81286215700015,-8.817455660999883],[116.81289087400012,-8.817283621999934],[116.81302776100017,-8.816952790999949],[116.81308003799995,-8.816839394999874],[116.81315605700013,-8.816837118999956],[116.81324041300013,-8.816854854999917],[116.8133534850001,-8.816885005999893],[116.81342707299996,-8.816920477999929],[116.81349168600002,-8.816959496999857],[116.81366937200005,-8.81720602699994],[116.81372680599998,-8.817425952999884],[116.81377706,-8.817652973999941],[116.813812956,-8.817929653999954],[116.813820136,-8.818099918999906],[116.81384885300008,-8.81834822199994],[116.81387039000015,-8.819007997999961],[116.81389192799998,-8.819412375999946],[116.81389910700011,-8.819611017999875],[116.81392064500005,-8.819830942999943],[116.81392322900012,-8.81986158299992],[116.81394218300011,-8.820086338999943],[116.8139780790001,-8.82024950799996],[116.81402833300012,-8.82050490399996],[116.81408903800013,-8.820615649999866],[116.81410820199994,-8.820640582999886],[116.81413691900002,-8.820656545999952],[116.81418448199997,-8.82066896099991],[116.81420063500002,-8.820670733999862],[116.81426076100001,-8.820682262999867],[116.81429979799998,-8.82067782899992],[116.81456901900015,-8.82065122499995],[116.81462237900007,-8.82063288399985],[116.81473414200002,-8.82059446999989],[116.81486516300015,-8.820470319999913],[116.8149710560001,-8.820326658999932],[116.8150966930001,-8.820181225999875],[116.81521514999997,-8.820039338999948],[116.81535514500013,-8.819950659999904],[116.81548078200012,-8.819911640999862],[116.81558129100006,-8.819908093999913],[116.81568539,-8.81989745199985],[116.81575718200008,-8.819893904999901],[116.81581461600001,-8.819858432999922],[116.81592589399997,-8.81980167799992],[116.81608742699996,-8.819752017999917],[116.81621306300008,-8.819808772999863],[116.81630998300011,-8.819872621999934],[116.81649125900003,-8.819913413999927],[116.81658997299996,-8.819915187999925],[116.81669766200014,-8.819922281999936],[116.81677304400012,-8.819936470999892],[116.81682688800015,-8.819961300999921],[116.81688245199996,-8.819995915999925],[116.81690944900015,-8.820012734999864],[116.81699560000004,-8.820088998999893],[116.81703329100003,-8.820156394999856],[116.81707277700013,-8.820229111999936],[116.817142774,-8.820317790999923],[116.81717508100007,-8.820379866999872],[116.81729533299995,-8.820539488999941],[116.81737609900006,-8.820615752999856],[116.817478403,-8.820711526999958],[116.81756455400011,-8.820778922999864],[116.81766506300016,-8.820842771999935],[116.81774762400016,-8.820890657999882],[116.81782839100015,-8.820917261999853],[116.81790377300001,-8.820940317999884],[116.81795582200016,-8.820947412999942],[116.81809581700008,-8.820970468999917],[116.81817164799997,-8.820983327999897],[116.81822414600015,-8.82100239399989],[116.81828339499998,-8.821030208999957],[116.81843144599998,-8.821104817999924],[116.81860329899996,-8.821184628999958],[116.81904627999995,-8.821372039999915],[116.81905515300002,-8.821598012999857],[116.81908744500004,-8.82242045199996],[116.8197695880001,-8.822410945999877],[116.819702731,-8.823010634999946],[116.81973854,-8.823018879999836],[116.82060869000009,-8.823227859999918],[116.82107901000006,-8.823319049999895],[116.82265796000013,-8.823405429999923],[116.82252838000011,-8.823664589999908],[116.82295070999999,-8.824110919999953],[116.82300829999997,-8.82427408999996],[116.82287872000006,-8.824413269999923],[116.82287392000012,-8.824610039999868],[116.82297950000009,-8.824811599999919],[116.82292191,-8.82496037999988],[116.82305149000001,-8.825214739999922],[116.82300829999997,-8.82537310999993],[116.82312828,-8.825574679999932],[116.82314747999999,-8.825785849999875],[116.82323385999996,-8.825905829999954],[116.82338264000009,-8.825891429999956],[116.82357461000015,-8.825901029999898],[116.82374258000004,-8.826001809999923],[116.82387216000006,-8.826184179999927],[116.82412172000011,-8.826337759999888],[116.82423210000002,-8.826577719999875],[116.82438568000009,-8.826726489999942],[116.82455364999998,-8.826692899999898],[116.82477920999997,-8.826808079999921],[116.82479731,-8.826805509999872],[116.82515715,-8.826758889999951],[116.82564907000017,-8.826926859999958],[116.82589502999997,-8.82684286999995],[116.82623697999998,-8.826914859999874],[116.82705093700008,-8.827367065999908],[116.82736521600009,-8.827253432999896],[116.82752136400006,-8.827182490999917],[116.82764161600005,-8.82709381299992],[116.82772776699994,-8.827012229999923],[116.82779776500001,-8.826939513999946],[116.82821057000001,-8.827202],[116.82823390299995,-8.827288903999943],[116.82853745500017,-8.827647893999938],[116.82917438200002,-8.828464764999865],[116.829540523,-8.828869132999898],[116.8297056460001,-8.829124522999905],[116.82989230600003,-8.829351535999876],[116.83027817000004,-8.829826339999897],[116.83106946300006,-8.830215263999946],[116.83107029000007,-8.830215669999859],[116.83167383,-8.83051378999994],[116.83295068999996,-8.831051136999918],[116.83407065000017,-8.831423577999885],[116.83505570299997,-8.831717021999907],[116.83670901799996,-8.832093971999939],[116.838518185,-8.832455770999957],[116.84011197500001,-8.83266859399987],[116.84065117300008,-8.83266859399987],[116.84070154000005,-8.83268465999987],[116.84172085,-8.832698329999857],[116.84262618000014,-8.832582659999957],[116.84404354000003,-8.832405379999955],[116.84498610000003,-8.832264419999944],[116.84501576000014,-8.832260249999933],[116.84515192000003,-8.832238259999883],[116.84591610000007,-8.832117369999935],[116.84663262000015,-8.831891819999896],[116.84717555999998,-8.831798779999929],[116.84776246000001,-8.83172390999988],[116.84881713999994,-8.83154438999992],[116.84959708999997,-8.831398989999911],[116.84966259999999,-8.831387789999951],[116.85003395000001,-8.831325759999856],[116.85065800999996,-8.83121937999988],[116.85148888000015,-8.831154259999892],[116.85198901000001,-8.831148749999898],[116.852497,-8.8312861899999],[116.85300512000003,-8.831436069999938],[116.8537017000001,-8.831664709999927],[116.85437313000011,-8.831881199999941],[116.85506956999996,-8.832097399999952],[116.85565285000007,-8.832258899999886],[116.85619925000015,-8.832476749999898],[116.85672064000016,-8.832694879999906],[116.85773431999996,-8.833324299999958],[116.85842152999999,-8.833832859999916],[116.85900675000016,-8.83416844999988],[116.85957351000013,-8.8345291199999],[116.85996939000017,-8.834705109999959],[116.86041617,-8.83496136999986],[116.86074355999995,-8.835162989999958],[116.86139673000014,-8.835423199999866],[116.86221911999996,-8.835718839999913],[116.86281540999994,-8.835923709999918],[116.8633994700001,-8.836153579999916],[116.86407013999997,-8.836301649999939],[116.86470353000004,-8.836468789999913],[116.86524340000005,-8.83666181999996],[116.86619041999995,-8.836918769999897],[116.86686827000005,-8.837147599999923],[116.86782244000017,-8.837485319999871],[116.86814941,-8.837649619999922],[116.86906607000003,-8.837987749999911],[116.86990556,-8.83813393999992],[116.87079660000006,-8.838416369999948],[116.8715628,-8.838718849999907],[116.87213984999994,-8.838880369999856],[116.87307583999996,-8.839268029999857],[116.87378661000014,-8.839399],[116.87408635000008,-8.839448789999892],[116.87448600000016,-8.839548319999949],[116.87500006000005,-8.83976226999988],[116.87652235000007,-8.840803469999912],[116.87738791000004,-8.841112769999938],[116.88058259000002,-8.841043249999927],[116.88307214999998,-8.841931479999857],[116.88379692000012,-8.84208520999988],[116.88406683000005,-8.842142459999934],[116.88426213000002,-8.842210300000033],[116.88482184999998,-8.84240473999995],[116.88683454000011,-8.842768509999928],[116.88730938000015,-8.843006649999836],[116.88730930000008,-8.84327439999987],[116.88716744399994,-8.844083372999933],[116.88716063000004,-8.844122229999869],[116.88710102000005,-8.844940329999872],[116.88713052000003,-8.845520459999932],[116.88687774999994,-8.847082259999922],[116.88680356999998,-8.848357339999893],[116.88689220000003,-8.849710989999892],[116.88692208000009,-8.850435729999901],[116.88646169000015,-8.8514470799999],[116.88641741000004,-8.852008189999879],[116.88661023999998,-8.852350369999954],[116.88730755000017,-8.853109189999941],[116.88788617,-8.85379361999992],[116.88827234000007,-8.854235849999895],[116.88846511999998,-8.854741649999937],[116.88865795000015,-8.855113579999909],[116.88898428000016,-8.855708669999899],[116.88922148000006,-8.85660124999987],[116.88965630999996,-8.857258609999917],[116.88988135000011,-8.857471009999927],[116.89017262000004,-8.857656899999938],[116.89051683000014,-8.857895889999952],[116.89079483,-8.858148119999953],[116.89120518000004,-8.858626],[116.89182728000003,-8.859515359999932],[116.89205231999995,-8.859767579999925],[116.89240977000009,-8.860019839999836],[116.89312473000007,-8.860351819999948],[116.89406484000006,-8.860537889999932],[116.89475375000018,-8.860640559999865],[116.89497878999998,-8.860879509999904],[116.89508455999999,-8.861476749999952],[116.89522994000015,-8.862458869999955],[116.89542906999998,-8.863327439999864],[116.89537589999998,-8.864044079999928],[116.89503149000006,-8.864442119999921],[116.89480463999996,-8.864643129999934],[116.89434273999996,-8.865052399999854],[116.89333617,-8.865689139999859],[116.89267387000007,-8.866379059999929],[116.89124334999997,-8.867705759999922],[116.88983097000005,-8.869314569999915],[116.88848943000005,-8.870355919999952],[116.88801989000012,-8.870691829999942],[116.88723156000003,-8.871850959999904],[116.88669487000004,-8.872489279999854],[116.88621333000003,-8.872883289999947],[116.88566117999994,-8.873184019999883],[116.88526402000002,-8.873387729999934],[116.88506056000006,-8.873572099999933],[116.88478929999997,-8.873834089999946],[116.88443088999998,-8.873989279999876],[116.8840240400001,-8.874193],[116.88382059000014,-8.874396769999862],[116.88364616000001,-8.874687909999864],[116.88359443000002,-8.87500037999996],[116.88359306999996,-8.87526695999992],[116.88357405,-8.875577609999937],[116.88355494999996,-8.876095389999875],[116.88347102000012,-8.87651504999991],[116.88316179000014,-8.877205259999869],[116.88285532999998,-8.877804589999926],[116.88273212000013,-8.878256429999908],[116.88274133999994,-8.879047209999953],[116.88272216999997,-8.879790919999948],[116.88279770999998,-8.88038403999991],[116.88267545000008,-8.882272289999946],[116.88250492999998,-8.882677039999919],[116.88171917,-8.882902729999955],[116.88095238999995,-8.882996629999923],[116.88077250000015,-8.8831095299999],[116.88060198000005,-8.883476629999905],[116.87970701999996,-8.884498359999895],[116.87951785000007,-8.88478006999992],[116.8791868300001,-8.885155669999904],[116.87878006000017,-8.885752839999952],[116.87854071000004,-8.886110219999864],[116.87801106999996,-8.886750979999931],[116.87774755999999,-8.887177039999926],[116.87758768000003,-8.887390419999917],[116.87734231000002,-8.887766519999957],[116.87686398000005,-8.888504059999946],[116.87657033000005,-8.889106469999888],[116.87637129999996,-8.88978421999991],[116.87621012000011,-8.890556119999928],[116.87605826000004,-8.89111054999995],[116.87605833999999,-8.891169089999948],[116.87601856000003,-8.891842909999923],[116.87592859999995,-8.891933919999872],[116.8757313100001,-8.891984769999908],[116.87506394000013,-8.891975859999889],[116.87500004000003,-8.8919899899999],[116.87483093000003,-8.892027389999953],[116.87458362000007,-8.892196319999925],[116.87431903000015,-8.892429229999891],[116.87400685000011,-8.892757909999943],[116.87383614999999,-8.893266339999911],[116.87356469000008,-8.893560499999921],[116.87346152000009,-8.893624319999958],[116.87322571999994,-8.89487739999987],[116.87315347000003,-8.896111309999924],[116.87308288999998,-8.897624259999873],[116.8730750200001,-8.898959259999913],[116.87295733999997,-8.900592979999942],[116.87317877999999,-8.901882209999826],[116.87312927000016,-8.903188929999942],[116.87296687000003,-8.904807059999882],[116.87278992999995,-8.906130379999865],[116.872643,-8.907070659999874],[116.87252901,-8.907806179999909],[116.87218894000011,-8.909044869999889],[116.87186235000013,-8.910407139999961],[116.87168957000006,-8.911892149999915],[116.87166341,-8.91336994999989],[116.87176675,-8.915167240000017],[116.87206479999998,-8.916471869999953],[116.87248370999998,-8.91694202999986],[116.87334534000001,-8.91713897999989],[116.87444719999996,-8.918077229999938],[116.87500007000006,-8.91851356999996],[116.8752173800001,-8.918637299999887],[116.87557289000017,-8.918755269999906],[116.87633258999995,-8.918966519999856],[116.87684215000002,-8.919215129999941],[116.87730234000003,-8.919514099999958],[116.87760606999996,-8.919802559999937],[116.87809750999998,-8.920101129999864],[116.87846346000003,-8.920363959999918],[116.878892,-8.920632219999959],[116.87955689000012,-8.921249909999858],[116.88018514999999,-8.921828759999926],[116.88048765000008,-8.922083449999946],[116.88083672000016,-8.922315019999928],[116.88106941,-8.922477109999875],[116.88144177000015,-8.922662399999865],[116.88191405000009,-8.922859729999857],[116.8824889,-8.923151539999935],[116.88334767000003,-8.92342207999991],[116.8838161000001,-8.923550259999956],[116.88424908000002,-8.923536159999855],[116.88449749000017,-8.9236073699999],[116.88461105,-8.923621639999908],[116.88522827000008,-8.923707559999912],[116.88582658999997,-8.923734199999899],[116.88640498000007,-8.923760809999862],[116.8868171800001,-8.92369483999994],[116.88726930999997,-8.923516479999932],[116.88758845999996,-8.923384349999935],[116.88793434000013,-8.922815929999956],[116.88843872999996,-8.922422199999914],[116.88857170999995,-8.922369359999948],[116.88871797000013,-8.922342959999924],[116.88895062000017,-8.922468629999912],[116.88916999000003,-8.922548029999916],[116.88962869,-8.922627489999911],[116.89004749000003,-8.922720169999934],[116.89067237999996,-8.922812909999891],[116.89099148000014,-8.922859279999898],[116.89119094000012,-8.92281966999991],[116.89303836,-8.922029679999923],[116.89370992,-8.921692719999953],[116.89426180999999,-8.921368949999874],[116.89472723999995,-8.921124469999882],[116.89507201000004,-8.920975299999895],[116.89525151999999,-8.920929069999886],[116.89555733000009,-8.920935769999915],[116.89582326000004,-8.920916009999871],[116.89612245000012,-8.9208499799999],[116.89646151000011,-8.920783979999953],[116.89674074000015,-8.92076421999991],[116.89692023000009,-8.920797319999906],[116.89733907000004,-8.920764379999923],[116.89747875000012,-8.920526429999882],[116.89752539000006,-8.920129789999919],[116.89757867000014,-8.919799259999934],[116.89775167000005,-8.91927042999987],[116.89778409999997,-8.918645189999836],[116.89785726000014,-8.918519599999911],[116.89809006000007,-8.918116409999868],[116.89834274999998,-8.9178784799999],[116.89896115,-8.917409279999902],[116.89921386000015,-8.917085409999913],[116.89940671000011,-8.916847469999936],[116.89950555000007,-8.91650650999992],[116.89953232000016,-8.915832209999905],[116.89953913,-8.915270279999902],[116.89961243000005,-8.914648889999853],[116.89963243000011,-8.914404279999928],[116.89973232,-8.91378949999995],[116.89981132000014,-8.913045269999941],[116.89984465000009,-8.91270150999992],[116.89995781000005,-8.91215283999992],[116.90003106000006,-8.911723149999887],[116.90015086000005,-8.911233969999898],[116.90026962000002,-8.91089962999996],[116.90037601999995,-8.910787279999909],[116.90072174,-8.910688209999876],[116.90090123999994,-8.910688259999858],[116.9011870700001,-8.910761049999849],[116.90143303000002,-8.91082721999993],[116.90155934000006,-8.910827249999954],[116.90175213999999,-8.910787639999853],[116.90193829000009,-8.910754629999872],[116.90219092000007,-8.910708419999935],[116.90253665,-8.91058951999986],[116.90290797,-8.910493229999929],[116.90335339000012,-8.910480129999883],[116.90379877999999,-8.910559569999918],[116.90417105999995,-8.910566279999898],[116.90469628000005,-8.910414369999955],[116.9050553300001,-8.910202909999953],[116.90529473000015,-8.909865809999872],[116.90544771999998,-8.909515469999917],[116.90572608000014,-8.909022509999886],[116.90601871000001,-8.908546589999958],[116.90643771000009,-8.90781950999991],[116.90661060000014,-8.90762782999991],[116.90706936000015,-8.907416399999875],[116.90768766000008,-8.907224839999913],[116.90803338000012,-8.90709931999993],[116.90858518000016,-8.906987069999957],[116.90947512000002,-8.906547129999922],[116.91016651000007,-8.90645474999991],[116.91049888999999,-8.906534159999921],[116.91101076000007,-8.906607],[116.91142858,-8.906616489999863],[116.91167457000006,-8.906550439999933],[116.91194052000003,-8.906378619999884],[116.91211342999998,-8.90608778],[116.91233960000011,-8.905492859999868],[116.91268549000006,-8.90465995999989],[116.91293721000011,-8.904305819999934],[116.91294353000012,-8.904302549999898],[116.91325634000009,-8.904147229999921],[116.91350235999994,-8.903935729999944],[116.91361544000006,-8.90362504999996],[116.91364210999996,-8.90329450999991],[116.9136554800001,-8.902990409999859],[116.91356919999998,-8.902395419999948],[116.91396161,-8.901562529999865],[116.91449262000003,-8.900785349999865],[116.91443957000013,-8.900230019999924],[116.91430729000001,-8.899381339999934],[116.91450535000001,-8.898996580000016],[116.91477134000002,-8.8986660999999],[116.9150040500001,-8.898500879999915],[116.91528329000005,-8.898329059999924],[116.91584847000013,-8.897773869999924],[116.91615435000006,-8.897397119999937],[116.91671288000009,-8.896841919999872],[116.91721059000008,-8.896296109999923],[116.91746324999997,-8.896097839999868],[116.91777572000012,-8.895939249999913],[116.91827431000013,-8.895873249999852],[116.91905212999995,-8.895694919999926],[116.91950423000014,-8.895417359999954],[116.9206165700001,-8.894496279999885],[116.92124521000005,-8.894104949999928],[116.92175713000017,-8.893840619999878],[116.92240211,-8.893126779999875],[116.92288656999995,-8.89230990999988],[116.92301298999996,-8.89171494999988],[116.92312618000005,-8.890862159999926],[116.92321832000005,-8.890547639999909],[116.92335133000006,-8.890289839999923],[116.92364386999998,-8.890065129999869],[116.92392973000017,-8.88998585999991],[116.92444826000008,-8.889913249999836],[116.92507315000012,-8.889787759999933],[116.92569709999998,-8.889466729999924],[116.92686710999999,-8.889255409999862],[116.92745872000012,-8.889354689999891],[116.92794297,-8.889575729999876],[116.92818225999997,-8.889615439999886],[116.92849939000007,-8.889581389999933],[116.92896477,-8.889343479999866],[116.92944350000005,-8.888761819999957],[116.93014828000003,-8.888008309999861],[116.93028131000005,-8.887572019999936],[116.93022825000014,-8.886977029999912],[116.93029481999997,-8.88643494999991],[116.93021520000013,-8.885654839999916],[116.93033495000009,-8.88516565999987],[116.93130558000007,-8.884610519999853],[116.93181081,-8.884491609999941],[116.9328079500001,-8.884306699999854],[116.93476232000012,-8.884240929999919],[116.93612976000009,-8.884035169999947],[116.93639566000002,-8.884074879999957],[116.93710021000004,-8.884524549999924],[116.9378579800001,-8.884749449999958],[116.93825682,-8.884775949999948],[116.93933382,-8.884088599999927],[116.93954659999997,-8.883691969999859],[116.93989236000004,-8.883163159999924],[116.94039773000009,-8.882145169999887],[116.94077006999999,-8.881616349999945],[116.94111577000001,-8.88133874999994],[116.9417805600001,-8.880995089999942],[116.94220604999998,-8.880664609999883],[116.94256512000004,-8.879950679999922],[116.94337625000014,-8.878998839999952],[116.94413214999997,-8.878502079999919],[116.94462411000006,-8.878145169999925],[116.94504960000006,-8.877695689999882],[116.94527611000012,-8.87735596999994],[116.94644440000002,-8.875901299999896],[116.94655037000007,-8.875546449999945],[116.9466443,-8.87500045999991],[116.94669485000009,-8.87446088999991],[116.94676811000011,-8.873947439999881],[116.94709755999997,-8.873336209999934],[116.94767146000004,-8.872432169999854],[116.94825801000013,-8.87168677999989],[116.94873912000014,-8.870967079999957],[116.94909275000009,-8.870425729999909],[116.94951977000005,-8.86982379999995],[116.95002985999997,-8.869193059999816],[116.95060410000008,-8.868660739999882],[116.95107923000012,-8.86812228999986],[116.9515383700001,-8.867583869999919],[116.95198775999995,-8.86698188999992],[116.95245664000004,-8.866510209999944],[116.95274329999995,-8.86604532999985],[116.95323151000002,-8.865637209999932],[116.95407117000002,-8.86513288999987],[116.95473153,-8.864514509999935],[116.95564424999998,-8.86380652999992],[116.95664004000002,-8.863082449999922],[116.95760368000015,-8.862278949999904],[116.95874623999998,-8.861430509999934],[116.95957869999995,-8.860582799999918],[116.96014667000009,-8.860117259999924],[116.96119967000016,-8.859249939999927],[116.96152030999997,-8.858968689999926],[116.96161369000015,-8.858886739999889],[116.96190476000004,-8.858631449999905],[116.96264488999998,-8.857958819999851],[116.96335943999998,-8.857286249999959],[116.96433916,-8.856536749999862],[116.96535045999997,-8.855621829999848],[116.96635589000005,-8.854929499999855],[116.96721107999997,-8.854250239999942],[116.96740015300009,-8.854089330999955],[116.96820016000004,-8.853408489999936],[116.96909061000008,-8.85277047999989],[116.96990721000009,-8.85200225999995],[116.97081365999998,-8.851370569999915],[116.97157345000016,-8.850914089999947],[116.97258260000012,-8.850453849999894],[116.97404544000005,-8.849878069999875],[116.97539683000014,-8.849493329999916],[116.9767512200001,-8.84902590999991],[116.97810888000015,-8.848587079999902],[116.97928763000016,-8.848205909999876],[116.98068969999997,-8.847627069999874],[116.98165710000012,-8.847096949999866],[116.98252535000017,-8.846551159999933],[116.98344093000003,-8.846126039999945],[116.98365839999997,-8.846110119999935],[116.98371773000008,-8.846102949999874],[116.98414112000012,-8.846053549999908],[116.98451501000011,-8.845898519999935],[116.98456439999995,-8.845865259999925],[116.98522753000009,-8.845430099999987],[116.98532078000005,-8.845375679999904],[116.98569337000015,-8.845167519999961],[116.98572071000001,-8.845154299999933],[116.98572331000014,-8.84515101999989],[116.98591385000009,-8.844956639999907],[116.98614698000017,-8.844708639999908],[116.98630355,-8.844557089999853],[116.98686562000012,-8.84406152999992],[116.98702574000004,-8.843929509999896],[116.98739421999994,-8.843601719999867],[116.98777852,-8.843225299999915],[116.98793183999999,-8.843072709999888],[116.98795489999998,-8.843048339999939],[116.98798250000016,-8.843019279999908],[116.98819292999997,-8.842792029999941],[116.98844481000003,-8.842551029999925],[116.98943586999997,-8.842076789999908],[116.9903714300001,-8.841610319999859],[116.99162002000003,-8.841041339999947],[116.99257521000004,-8.840762409999854],[116.99397753000005,-8.840307529999905],[116.99557458000004,-8.839737709999895],[116.99698837999995,-8.839436699999851],[116.9984050700001,-8.839132039999868],[116.99938143000008,-8.838960669999949],[117.00000000000011,-8.83885413999991],[117.00041134000003,-8.838719499999854],[117.00094935000016,-8.838468129999853],[117.00131834000013,-8.838287889999947],[117.00204995000001,-8.837921229999893],[117.00226787999998,-8.837743],[117.0026171400001,-8.837500409999905],[117.00349981000011,-8.837131739999961],[117.00398040000005,-8.836824779999858],[117.00458527,-8.8363971899999],[117.005959,-8.835206599999935],[117.00790308000012,-8.83407998999985],[117.00905845000011,-8.833449029999883],[117.01086923000003,-8.832763039999861],[117.01228441,-8.832205649999935],[117.01331214000004,-8.831793729999958],[117.01387567000006,-8.831583709999904],[117.01428070000009,-8.831338719999906],[117.01491469000007,-8.83133869999989],[117.01573121000013,-8.83152089999993],[117.01624849999996,-8.831601649999868],[117.01671579000003,-8.831708109999909],[117.01715160000003,-8.831814979999933],[117.01777563999997,-8.831875509999918],[117.01804091999998,-8.831940839999959],[117.01841363000005,-8.832036039999934],[117.01880470000003,-8.832093419999921],[117.01944201000003,-8.83220385999988],[117.01976393000007,-8.832268429999885],[117.02019277,-8.832325299999923],[117.02074316000005,-8.832524569999862],[117.02101489999995,-8.83260232999993],[117.02145641000004,-8.83266529999986],[117.0217720500001,-8.832729939999865],[117.02203665000013,-8.832745189999912],[117.02238997000006,-8.832803069999898],[117.02303901999994,-8.832850739999856],[117.02330974000017,-8.832853369999896],[117.02358634999996,-8.832824619999826],[117.02431272000001,-8.832539379999957],[117.02459367000017,-8.83236656999992],[117.02488762999997,-8.832224869999948],[117.02527411999995,-8.831944189999888],[117.02562243,-8.831632709999951],[117.0256101,-8.83165165999992],[117.02572850000013,-8.831562409999947],[117.02604653000014,-8.831339],[117.02668684000014,-8.830741849999868],[117.02706084,-8.830467589999955],[117.02740386999994,-8.830231319999939],[117.02772844000003,-8.83002659999994],[117.02804077000008,-8.82984708999993],[117.02829592,-8.829713189999836],[117.0287001800001,-8.829548809999949],[117.03059359000008,-8.829625019999924],[117.03112203000012,-8.829599149999922],[117.0315999500001,-8.829561429999899],[117.03214709999997,-8.829522779999934],[117.0326371000001,-8.82944732999988],[117.03286963999994,-8.829419169999937],[117.03324668000005,-8.829370279999921],[117.03364848000012,-8.82928974999993],[117.03411381,-8.829252199999928],[117.03477757000007,-8.828992829999947],[117.03505307000012,-8.828882679999879],[117.03534829,-8.82883488999994],[117.03584994000016,-8.828690409999865],[117.03631373999997,-8.828540169999883],[117.03659569000001,-8.828442449999955],[117.03685238000014,-8.82833883],[117.03733022000006,-8.828294849999907],[117.0377900200001,-8.828313709999861],[117.03802288999998,-8.828310589999887],[117.03827508000006,-8.828338499999916],[117.03867857000012,-8.828383179999946],[117.03906837,-8.828346629999942],[117.03935108999997,-8.828305269999817],[117.03960252000013,-8.828276839999944],[117.03999661,-8.828315819999887],[117.04021022999996,-8.828292149999868],[117.04038824999998,-8.828233029999865],[117.04083552999998,-8.82775308999993],[117.04284457999995,-8.825503269999956],[117.04304352000008,-8.82531900999993],[117.04322400000012,-8.825166309999872],[117.04366015000016,-8.824834849999888],[117.04392151000013,-8.82461217999986],[117.04413993000003,-8.82447148999995],[117.04441456000006,-8.82429873999996],[117.04467670000008,-8.824132409999947],[117.04513368000005,-8.823944689999905],[117.04691079999998,-8.82323436999991],[117.04742439000017,-8.822968389999915],[117.04787431000011,-8.822724389999905],[117.04886934000001,-8.822291489999941],[117.04957603000003,-8.821950109999875],[117.04995127000007,-8.821769739999866],[117.05025831,-8.821665419999931],[117.05055420999997,-8.821667699999864],[117.0505793000001,-8.821661099999858],[117.05070491000004,-8.821640629999933],[117.05109556000002,-8.821666669999956],[117.05173337000008,-8.821814619999941],[117.05202425000016,-8.821910889999913],[117.05240953999999,-8.82200587999995],[117.05269370000008,-8.822070929999938],[117.05309872999999,-8.822228269999869],[117.05329502999996,-8.822313289999897],[117.0537433500001,-8.822413689999848],[117.05390197000008,-8.822505479999904],[117.05421113,-8.822557669999867],[117.05443848000004,-8.822610959999906],[117.05490440000005,-8.822617199999911],[117.05518839000013,-8.822669719999908],[117.05569879000006,-8.822706679999953],[117.05617109000002,-8.822719099999915],[117.05628437999997,-8.822717569999952],[117.05668718000015,-8.822712139999851],[117.05724682000005,-8.822667029999934],[117.05765610000014,-8.822674029999916],[117.05792019,-8.822651679999922],[117.05835845000001,-8.82247671999994],[117.05859762000011,-8.822473489999936],[117.05899949000013,-8.822399189999885],[117.05933739,-8.822250629999871],[117.05934369,-8.822250529999849],[117.05936248000012,-8.822244019999857],[117.05956863999995,-8.822128529999873],[117.05979819000015,-8.821881239999925],[117.06025855999997,-8.821480549999933],[117.06059331000017,-8.821100349999881],[117.06089684000005,-8.820739349999883],[117.06105672000001,-8.820461689999888],[117.06117211000014,-8.820153329999869],[117.06133684000008,-8.8197691499999],[117.06151450000004,-8.819409849999943],[117.06160634000014,-8.819220759999894],[117.06175899000016,-8.81887431999985],[117.06181893999997,-8.818654359999925],[117.06197797000016,-8.818314089999944],[117.06205415000011,-8.817899809999858],[117.06225485000016,-8.817383659999848],[117.06238180000003,-8.817],[117.06246785999997,-8.816848559999926],[117.06265922,-8.816570469999931],[117.06291886000008,-8.81622257999993],[117.0631102100001,-8.815944489999879],[117.06345133000002,-8.815570459999947],[117.06371173000014,-8.815278919999912],[117.06405990999997,-8.814961149999874],[117.06426419000013,-8.814707929999884],[117.06450614000005,-8.814447939999866],[117.06482251,-8.814105549999908],[117.06504481000013,-8.813789479999855],[117.06540121000012,-8.81315224999986],[117.06546159000015,-8.812963589999924],[117.06548214999998,-8.812625199999957],[117.06560682000008,-8.811152059999927],[117.06560161000016,-8.810770179999906],[117.06555727,-8.810288639999897],[117.06549138000003,-8.809813049999889],[117.06549067000003,-8.809812219999912],[117.06548308000015,-8.809807779999915],[117.06535497999994,-8.809595319999914],[117.06530053999995,-8.809505020000017],[117.06549125000004,-8.809809659999871],[117.06644671000004,-8.810361239999907],[117.06722119000005,-8.81109374999994],[117.06801523000001,-8.811563959999944],[117.0689286600001,-8.812025099999858],[117.06958369999995,-8.81233250999992],[117.06982191000009,-8.812667149999868],[117.07002055999999,-8.812884199999928],[117.07067567000001,-8.813300139999853],[117.07137051999996,-8.813634689999901],[117.07222419000004,-8.813752109999939],[117.07293889000005,-8.813833389999957],[117.0734351100001,-8.814167949999899],[117.07393167999999,-8.814764839999896],[117.07466653000006,-8.816139549999946],[117.07508360000008,-8.81708920999995],[117.07563989999994,-8.819341349999945],[117.07599726,-8.820128199999942],[117.07649010000011,-8.820992769999862],[117.07653046000007,-8.821063029999948],[117.07653682,-8.821074569999894],[117.07670028000007,-8.821358219999922],[117.07677646000002,-8.821475779999957],[117.07678939000016,-8.821566369999914],[117.07679750000011,-8.821613329999877],[117.07680187000017,-8.821651669999937],[117.07681488000014,-8.821738089999826],[117.0767004600001,-8.822217499999908],[117.07668167999998,-8.822327139999913],[117.07666894,-8.822408539999856],[117.07664490000013,-8.822562219999895],[117.0765989900001,-8.822711849999905],[117.07654757,-8.822879489999934],[117.07650973000011,-8.823339149999867],[117.0765478300001,-8.823501959999817],[117.07660527000007,-8.823709969999925],[117.07683436000013,-8.823881799999924],[117.07738825000001,-8.824035439999932],[117.0783624500001,-8.824225179999928],[117.07964240000013,-8.824243],[117.08086464999997,-8.8242608299999],[117.08141881000006,-8.824396399999955],[117.08248856000012,-8.824830339999892],[117.08323343000006,-8.825056289999907],[117.08397857000011,-8.82517372999996],[117.08434151000006,-8.82530930999991],[117.08451347000016,-8.825481119999893],[117.08452828000009,-8.825614559999849],[117.08453370000007,-8.825654970000016],[117.08452632000012,-8.82569154999993],[117.08452231000012,-8.82571143999985],[117.08451352999998,-8.825761539999917],[117.08450289999996,-8.825906279999913],[117.08450029999995,-8.825951699999848],[117.08449554000003,-8.82603454999986],[117.08448840000017,-8.826093789999959],[117.08448175,-8.826148969999906],[117.08447526999998,-8.826213809999956],[117.08446743000002,-8.82626974999988],[117.08446200000014,-8.826316919999954],[117.08445739000013,-8.826356909999902],[117.08445057000006,-8.826424799999927],[117.08444672999997,-8.826463079999883],[117.08443728000009,-8.826575619999858],[117.08445637,-8.826783649999925],[117.08445637,-8.826784339999904],[117.08445739000013,-8.826793669999859],[117.08445739000013,-8.827021589999902],[117.08446030000016,-8.827068469999858],[117.08447550999995,-8.827263029999926],[117.08459013000004,-8.82769717999986],[117.08470504000002,-8.828158449999933],[117.084749547,-8.828484809999907],[117.08484195999995,-8.829162449999956],[117.08498529000008,-8.83022670999992],[117.08506776000002,-8.830820069999959],[117.08500631000004,-8.831376019999936],[117.08499868000013,-8.831445069999916],[117.08493412999997,-8.832056879999868],[117.08499251,-8.83254528999987],[117.08510887,-8.833124159999898],[117.0852110400001,-8.833730149999951],[117.0852366260001,-8.833857205999891],[117.08524943000009,-8.833920789999922],[117.08538055000008,-8.834565149999946],[117.08535896000012,-8.834598319999941],[117.08532997999998,-8.834642859999917],[117.08532946000014,-8.834643709999852],[117.08532940999999,-8.834643729999868],[117.08532716000013,-8.834647189999885],[117.08498093000003,-8.834808419999888],[117.0849380300001,-8.83482838999987],[117.08489058000009,-8.834841019999942],[117.08470153000007,-8.834891329999948],[117.08430481000005,-8.83524797999985],[117.08405678999998,-8.835497139999859],[117.08388520000005,-8.835669509999946],[117.08352661000004,-8.835893629999816],[117.08320619000017,-8.835923199999854],[117.08320531000004,-8.835923039999955],[117.08273320000012,-8.835835459999885],[117.08273316000009,-8.835835449999877],[117.08232880000003,-8.835655219999921],[117.0821510500001,-8.835630609999896],[117.08211516999995,-8.835625649999827],[117.08193970000013,-8.835655219999921],[117.08185931000003,-8.835710939999899],[117.08184259999996,-8.836381149999909],[117.08181198000011,-8.83666154999986],[117.08176576000017,-8.836880259999816],[117.08173080999995,-8.837049439999873],[117.08172607000006,-8.837072389999946],[117.08171590999996,-8.837100839999948],[117.0815685,-8.837513599999909],[117.0815371000001,-8.837602309999909],[117.08145342000012,-8.837937539999928],[117.08144396,-8.837975779999908],[117.08144286000004,-8.837980839999943],[117.08142090000001,-8.838084219999871],[117.08139333000008,-8.83814225999987],[117.08107757000005,-8.838807089999932],[117.08101453999996,-8.838905399999874],[117.08091737999996,-8.839056969999888],[117.08073427000011,-8.839217159999919],[117.08073424000008,-8.839217179999935],[117.08058827000002,-8.839249459999905],[117.08003997000003,-8.83937071999992],[117.0799538,-8.839397959999872],[117.07963560999997,-8.839498529999958],[117.07918548999999,-8.839674009999953],[117.07910920000006,-8.839690209999958],[117.07908285000008,-8.839681269999858],[117.07905578000009,-8.839672099999916],[117.0790556500001,-8.83967244999991],[117.07900237000013,-8.839815139999928],[117.07898710999996,-8.84009170999991],[117.07898710999996,-8.840623859999937],[117.07892607999997,-8.840992909999954],[117.07892562000018,-8.841010079999933],[117.07892484000013,-8.841038469999887],[117.07891846999996,-8.841272359999948],[117.07894897999995,-8.841519349999885],[117.07898710999996,-8.841768259999867],[117.07894693000014,-8.841932089999943],[117.07878863999997,-8.842568699999958],[117.07876539000006,-8.842867179999928],[117.07876603000011,-8.842869669999857],[117.0787658700001,-8.84287167999986],[117.07879201000014,-8.842975489999958],[117.07900237000013,-8.84381102999987],[117.07904604999999,-8.844003649999934],[117.07905497000002,-8.844043],[117.07902571000011,-8.844214859999909],[117.07884530000013,-8.844441039999936],[117.07855235,-8.844622],[117.07847447999995,-8.844676289999882],[117.07840714000008,-8.84472152],[117.07768138000006,-8.845038239999894],[117.0774279100001,-8.845183019999865],[117.07710256999997,-8.845463499999937],[117.07676695000009,-8.846223969999869],[117.07673073000012,-8.846305369999925],[117.07663810000008,-8.846404279999945],[117.07654262000017,-8.846449529999859],[117.07636187000014,-8.846440509999923],[117.07537371000012,-8.846277899999905],[117.07512391,-8.846350309999934],[117.07503213000007,-8.846431749999908],[117.07443912000008,-8.846983609999938],[117.07420787000012,-8.847399739999958],[117.07400957000004,-8.847707319999927],[117.07381169999996,-8.847999959999925],[117.07379914,-8.848017679999941],[117.07378502999995,-8.848051509999891],[117.07371154000009,-8.848213909999913],[117.07355416999997,-8.848521479999874],[117.07346980000011,-8.848765699999944],[117.07346789999997,-8.849227],[117.07346714999994,-8.849251249999952],[117.07346342999995,-8.849268899999913],[117.07348265999997,-8.849655739999946],[117.07348361000004,-8.849674789999938],[117.07348564000006,-8.849724489999858],[117.07347095,-8.849849639999888],[117.07344052999997,-8.850087169999938],[117.07338714000002,-8.850244529999884],[117.07347720000007,-8.851066899999921],[117.0734993100001,-8.851268869999899],[117.07353802000011,-8.851632989999928],[117.07344031000002,-8.851877249999916],[117.07339489000015,-8.852211919999888],[117.07329264999998,-8.852582799999936],[117.07325409000009,-8.85298983999985],[117.07312831000013,-8.853480519999948],[117.07309873999998,-8.853595889999895],[117.07303552000008,-8.853910229999883],[117.07300319,-8.854074029999936],[117.07295226999997,-8.854331969999862],[117.07289888000014,-8.854626669999902],[117.07289884,-8.854626839999924],[117.07289844000013,-8.854628609999907],[117.07283021000012,-8.854928959999881],[117.07277523000005,-8.855200159999868],[117.07276057000001,-8.855272459999867],[117.07273333000012,-8.855414029999906],[117.0726795600001,-8.855862619999868],[117.07266948000017,-8.855949719999956],[117.07265471000017,-8.85607718999995],[117.07253227000001,-8.856439989999956],[117.07229615000017,-8.857139589999917],[117.0722152400001,-8.857241610000017],[117.07221219999997,-8.85724544999988],[117.07221215000015,-8.857245529999886],[117.07220857000004,-8.857250749999878],[117.07218933000001,-8.85727881999992],[117.07206859999997,-8.857435749999922],[117.07196044000011,-8.857576349999931],[117.0717258200001,-8.858033329999955],[117.07172394000008,-8.858037],[117.07154083,-8.858302129999913],[117.07125855000015,-8.858769399999858],[117.07112121000011,-8.858952539999905],[117.07094184000005,-8.859157839999853],[117.07087707000017,-8.859231959999931],[117.07060241,-8.859523759999945],[117.0702743700001,-8.85982225999993],[117.07022097000004,-8.859854199999916],[117.06995390999998,-8.86001395999989],[117.06964514000003,-8.86011703999992],[117.06932830999995,-8.860222819999933],[117.06922135000013,-8.860269849999952],[117.06910704000006,-8.860320100000024],[117.06905838,-8.860328609999897],[117.06891630999996,-8.860353459999942],[117.06848799,-8.860398499999917],[117.06843566999999,-8.860404],[117.06843498000012,-8.86040394999992],[117.06797028000005,-8.8603725399999],[117.06771937000008,-8.860388709999881],[117.06771851999997,-8.860388769999929],[117.06748961000005,-8.860373479999907],[117.06697844999997,-8.860311509999917],[117.06661223000015,-8.860316279999893],[117.06613923000009,-8.860303869999882],[117.06609470000012,-8.860304319999955],[117.0659485000001,-8.860305779999862],[117.06549073000008,-8.860293379999916],[117.06506347000004,-8.860330589999876],[117.06464387999995,-8.86036109999992],[117.06464203999997,-8.86036147999988],[117.06457983999996,-8.860374189999959],[117.06401825,-8.860488889999942],[117.06385139000008,-8.86051606999996],[117.06351471000016,-8.860570909999865],[117.06329039000002,-8.860625309999932],[117.06313323000006,-8.860663419999923],[117.06307371000003,-8.860700229999907],[117.06298827000012,-8.860753059999922],[117.06284820000008,-8.860822249999899],[117.06267548000017,-8.860907569999938],[117.06205750000004,-8.861310959999912],[117.06164590000003,-8.861665],[117.06160737000005,-8.861698149999881],[117.06154633999995,-8.861868859999902],[117.06143189000011,-8.862540249999938],[117.06141661000004,-8.862840659999904],[117.06143951000001,-8.86320971999993],[117.06144715000016,-8.863842019999936],[117.06146363000005,-8.863945749999857],[117.06156923000015,-8.864610689999893],[117.06161511000016,-8.864835929999913],[117.06165313999998,-8.865022659999909],[117.06174181999995,-8.865357089999861],[117.0617904500001,-8.86554051999991],[117.06180883000002,-8.865632009999956],[117.0618820200001,-8.865996359999883],[117.06195357000013,-8.866392119999944],[117.06197356999996,-8.866502749999881],[117.06211087999998,-8.866901399999904],[117.06218720000004,-8.86751365999993],[117.0621719400001,-8.868603729999904],[117.06219483999996,-8.869974139999954],[117.06220245000009,-8.870506279999915],[117.06219483999996,-8.87088870999986],[117.06220245000009,-8.871414179999931],[117.06220245000009,-8.871840469999938],[117.06220784000004,-8.872083709999913],[117.06221007,-8.87218473999991],[117.06222801000013,-8.872279489999926],[117.06229402000008,-8.872628199999895],[117.06253814000002,-8.872912409999913],[117.0626608,-8.873063529999854],[117.06280518000005,-8.873241419999943],[117.06291991000012,-8.873361969999848],[117.06308746000013,-8.873538009999947],[117.06317160000015,-8.873632269999916],[117.06328582000003,-8.873760239999854],[117.06344606000016,-8.873965259999864],[117.06365166000012,-8.87441463999994],[117.06366728,-8.87444877999991],[117.06379522000009,-8.874791689999938],[117.06387329999995,-8.875000949999958],[117.06388305000007,-8.875035219999916],[117.06403351000006,-8.875563619999866],[117.0640635200001,-8.875647779999895],[117.0640869,-8.875713359999907],[117.06415557000003,-8.875937459999875],[117.06420137000009,-8.876011859999892],[117.06421738999995,-8.87601425999992],[117.0642395000001,-8.87601756999993],[117.06433532000017,-8.876093699999956],[117.06434632000003,-8.876102439999954],[117.06437817000017,-8.876134669999942],[117.06458283000006,-8.876341809999929],[117.06467139000006,-8.876419869999836],[117.06473540000002,-8.876476279999906],[117.06476021000014,-8.876506499999891],[117.06479645000013,-8.876550659999907],[117.06491854000012,-8.87661646999993],[117.06504605999999,-8.876701509999862],[117.06505585000014,-8.876708039999869],[117.06522371000017,-8.87681007999987],[117.0652914100001,-8.876873559999922],[117.06536101999995,-8.876938839999866],[117.06543089000002,-8.876980309999851],[117.06551360000014,-8.87702940999992],[117.06557858999997,-8.877075269999864],[117.06564332000005,-8.877120959999957],[117.06575915000008,-8.87716754999991],[117.06581879999999,-8.877191539999899],[117.06593023000016,-8.877268639999897],[117.06593321000003,-8.8772707],[117.06607818999998,-8.877342229999954],[117.06614108999997,-8.877389809999954],[117.06622315000004,-8.877451899999869],[117.06636412,-8.877535609999939],[117.0664062400001,-8.877560619999883],[117.06643416000009,-8.877581899999882],[117.06655883999997,-8.877676949999909],[117.06671141000015,-8.877799029999892],[117.06692506000002,-8.878019329999915],[117.06710053999996,-8.878185279999911],[117.06725308,-8.878306849999888],[117.06728363000002,-8.878331199999877],[117.06740571,-8.878459929999906],[117.06755828000007,-8.878588669999942],[117.06769562,-8.878698349999866],[117.06775584000002,-8.878752199999894],[117.06789400000014,-8.878875749999906],[117.06804657000009,-8.879029269999933],[117.06822968000017,-8.879187599999852],[117.06838226000002,-8.879303929999878],[117.06848198000012,-8.879394479999917],[117.0684967200001,-8.87940787999986],[117.06856865999998,-8.879469489999906],[117.06870271000003,-8.879584309999927],[117.06877019000012,-8.87965824999992],[117.06883238000012,-8.87972638999986],[117.06901549999998,-8.879878989999952],[117.06919861000006,-8.880075449999879],[117.06930202000012,-8.880180219999943],[117.06934357000011,-8.88022231999986],[117.06939180000006,-8.880285479999941],[117.0695037800001,-8.880432129999917],[117.06967164000014,-8.88066006999992],[117.06974732000015,-8.880736319999926],[117.06979372000012,-8.880783069999893],[117.06986735999999,-8.880882509999935],[117.06990814000017,-8.880937579999909],[117.07009097000014,-8.881152779999923],[117.07009099000015,-8.881152819999954],[117.07009123,-8.881153089999941],[117.07010590000016,-8.881177389999948],[117.0702743700001,-8.881456379999918],[117.07029394000006,-8.881499449999922],[117.07035065000014,-8.881624209999927],[117.07041932000016,-8.881823549999922],[117.07050322999999,-8.882002819999911],[117.07051526000009,-8.882035279999855],[117.07057954000004,-8.882208829999911],[117.07065582999996,-8.882375719999857],[117.07067503999997,-8.882404989999884],[117.07077789000016,-8.882561679999867],[117.07089997000014,-8.882709519999935],[117.07106018000002,-8.882893549999892],[117.07118988000013,-8.883009929999957],[117.07119028,-8.883010189999936],[117.071373,-8.883131019999894],[117.07148254000003,-8.88319115999991],[117.07154847000015,-8.883227349999913],[117.07158834000006,-8.883250749999945],[117.07172394000008,-8.883330329999865],[117.07195282999999,-8.883387560000017],[117.072096,-8.883453199999849],[117.07213591000004,-8.88347148999992],[117.07233428999996,-8.883535379999898],[117.07248316000005,-8.88359534999995],[117.07254027,-8.8836183599999],[117.07270813000002,-8.883684149999851],[117.07310299000017,-8.883806309999954],[117.07315826000013,-8.883823409999934],[117.07321767000008,-8.883825059999879],[117.07329559999994,-8.883827219999887],[117.07350158000008,-8.883915889999912],[117.07351795,-8.883922249999955],[117.07371521000016,-8.883998879999865],[117.07383925,-8.884040669999933],[117.07389067999998,-8.884058],[117.07394232000013,-8.884077079999884],[117.07406616000003,-8.884122849999926],[117.07408677,-8.884124459999953],[117.0741263000001,-8.884127539999952],[117.07412721000014,-8.88412760999995],[117.07446287000005,-8.88435839999994],[117.07464814000014,-8.884530679999898],[117.07465363000006,-8.884535789999916],[117.07467444999997,-8.884549599999957],[117.07502747,-8.884783749999883],[117.07534790000011,-8.884984029999941],[117.07555389000004,-8.885148039999933],[117.07566835000011,-8.885251989999915],[117.07571585000017,-8.885315169999899],[117.07575225999994,-8.885363579999876],[117.07591247000005,-8.885516149999887],[117.07604202000016,-8.885624800000016],[117.07609558000013,-8.885669719999896],[117.07618714000012,-8.885771089999935],[117.07625580000001,-8.885847099999921],[117.07639314000005,-8.886013989999867],[117.07641314000011,-8.886040039999898],[117.07662964000008,-8.886322039999868],[117.0767452,-8.886542479999946],[117.07680511,-8.886656779999953],[117.07686617000013,-8.886787449999929],[117.0769272,-8.886918069999922],[117.07706451000001,-8.887140279999926],[117.07708404000005,-8.887182079999889],[117.07718656999998,-8.887401569999952],[117.07726286000013,-8.88756941999992],[117.07736018000014,-8.887793659999886],[117.07749175000004,-8.888096809999922],[117.07756041000005,-8.888309489999926],[117.07763670000008,-8.888558369999942],[117.07773335000013,-8.888780819999852],[117.07785796999997,-8.889067649999959],[117.07791523000003,-8.889197039999942],[117.07795715999998,-8.889291769999943],[117.07800504,-8.88939712999985],[117.07803344000001,-8.889459619999855],[117.07806503000018,-8.889513579999914],[117.07810211000003,-8.88957691999991],[117.07817078000005,-8.889757149999923],[117.07833100000016,-8.890117649999866],[117.07845018000012,-8.890374399999871],[117.07846070000005,-8.890397069999892],[117.07847086000004,-8.890415649999852],[117.07852173000015,-8.89050864],[117.07856774000004,-8.890566980000017],[117.07857514000011,-8.890576359999898],[117.07868194000002,-8.890755659999911],[117.07878874000005,-8.890966429999935],[117.07889556999999,-8.891171449999945],[117.07901001000005,-8.891300209999827],[117.07910920000006,-8.891468059999909],[117.07914970000002,-8.891504049999924],[117.07917787000008,-8.891529069999933],[117.07938386000012,-8.891969669999924],[117.07949829999995,-8.892048829999908],[117.07954774999996,-8.89211749999987],[117.0797119,-8.892345419999913],[117.07980347,-8.892512309999859],[117.07988726999997,-8.892629339999871],[117.08002470999998,-8.892821299999923],[117.08009728000013,-8.892957819999936],[117.08016970000006,-8.893094049999945],[117.08036803999994,-8.893378259999906],[117.08046262000016,-8.893523679999873],[117.08055458000013,-8.893665069999827],[117.08067320999999,-8.893847469999912],[117.0807724,-8.894052509999938],[117.08084517999998,-8.894139149999887],[117.08091737999996,-8.894225109999923],[117.08102296000015,-8.894413439999937],[117.0810318,-8.894429209999942],[117.08105725999997,-8.894480469999905],[117.08117676000006,-8.894721029999914],[117.08133041999997,-8.894889279999916],[117.08136751000006,-8.894929899999852],[117.08142237000015,-8.895025],[117.08148193000011,-8.895128269999873],[117.08158111,-8.895351399999925],[117.08169637000015,-8.895513139999935],[117.08174897000004,-8.89558695999989],[117.08186339000008,-8.895841619999885],[117.08194933000004,-8.895971199999906],[117.08197785000016,-8.896014209999862],[117.08216859000004,-8.896442409999906],[117.0822394700001,-8.896589799999902],[117.0822525100001,-8.896616919999929],[117.08231635000004,-8.89678792999996],[117.08241270000008,-8.897046079999939],[117.08243267000012,-8.897150019999913],[117.08243557000014,-8.897165129999905],[117.08243560000017,-8.897165289999919],[117.08243888000004,-8.897169949999864],[117.08259584000007,-8.897393229999864],[117.08263265000016,-8.897483549999947],[117.08265686999994,-8.897542969999904],[117.08272553999996,-8.897704109999893],[117.08273783999994,-8.897731179999937],[117.08280183000011,-8.897871959999861],[117.08290101000011,-8.898070329999939],[117.08292233000009,-8.898164709999946],[117.08293914000012,-8.898239129999865],[117.08295500999998,-8.898285519999945],[117.08297730000004,-8.89835071999994],[117.08309359000009,-8.898527899999976],[117.08309936,-8.898536689999958],[117.0831603900001,-8.898729329999924],[117.08325195999998,-8.89916704999996],[117.08333586000003,-8.899535189999881],[117.08336746999998,-8.899677789999885],[117.08341216999997,-8.899879459999852],[117.08345794000002,-8.900010099999918],[117.08347331000004,-8.900089489999914],[117.08350372000007,-8.900246629999856],[117.08357239000009,-8.90042780999994],[117.08360425800004,-8.900538358999938],[117.08363341999996,-8.900639519999856],[117.08376312000007,-8.90100668999986],[117.08380126999998,-8.901081069999918],[117.0838302300001,-8.901175649999914],[117.08386230000008,-8.901280409999856],[117.08388587000002,-8.901575599999944],[117.08389284000009,-8.901662809999891],[117.08389467000006,-8.901701989999935],[117.08390046,-8.901825899999892],[117.08390046,-8.901944199999889],[117.08390046,-8.901970859999892],[117.08390046,-8.901971079999896],[117.08390046,-8.902034539999931],[117.08390046,-8.9020643099999],[117.08391569000003,-8.90219591999994],[117.08391569000003,-8.902338149999935],[117.08391569000003,-8.902460109999879],[117.08391569000003,-8.902582099999904],[117.08391569000003,-8.902628909999919],[117.08387756000013,-8.902969359999929],[117.08386994,-8.903081889999896],[117.08385468000017,-8.903207799999905],[117.083852,-8.903222249999942],[117.08382416999996,-8.903371809999896],[117.08380126999998,-8.903800009999884],[117.08380889000011,-8.904063229999906],[117.08383178999998,-8.904226289999883],[117.08383939999999,-8.90438270999988],[117.08383939999999,-8.904521],[117.08383178999998,-8.904766079999888],[117.08382788000006,-8.90485616999996],[117.08382416999996,-8.904941549999933],[117.08381522000013,-8.905228659999864],[117.08380889000011,-8.905431749999877],[117.08379365000008,-8.905564329999947],[117.08377076,-8.905709259999924],[117.08376016,-8.905763269999909],[117.08373259999996,-8.905903829999886],[117.08372177000001,-8.906239399999947],[117.08371737000016,-8.906375869999863],[117.08370507000006,-8.906490570000017],[117.08369447000007,-8.906589519999955],[117.08368645000007,-8.90661782999996],[117.08366393000017,-8.906697269999881],[117.08365457000014,-8.906753829999957],[117.08364103000008,-8.906835549999869],[117.08356474000016,-8.90700054999985],[117.08353477000014,-8.907114489999856],[117.08352661000004,-8.90714550999985],[117.08352043000002,-8.907178749999957],[117.08349610000016,-8.907309549999923],[117.08345033000012,-8.90755557999995],[117.08345794000002,-8.9077625299999],[117.08343505000005,-8.907863619999944],[117.08341216999997,-8.908046709999894],[117.08339648000003,-8.90818000999991],[117.08338927,-8.908241259999897],[117.08338927,-8.90829427999995],[117.08338927,-8.908398649999867],[117.08336338000004,-8.908553189999907],[117.08335876000001,-8.908580769999958],[117.08334351999997,-8.908883089999904],[117.08332824000013,-8.909109099999966],[117.08332824000013,-8.909175399999924],[117.08332817999997,-8.909215949999918],[117.08293875000004,-8.910726619999934],[117.08298964999994,-8.911783519999915],[117.0829925700001,-8.911844259999953],[117.08299824000017,-8.91188523999989],[117.08303833000014,-8.912174209999932],[117.08317566999995,-8.912791229999868],[117.08319854000001,-8.912973399999942],[117.08321307000017,-8.913035839999907],[117.08325957000011,-8.913235659999884],[117.08328790999997,-8.913374929999861],[117.08330537000018,-8.913460739999948],[117.08330537000018,-8.913504169999896],[117.08330537000018,-8.913655289999951],[117.08334636000006,-8.913797539999848],[117.08336637000002,-8.913867009999933],[117.08337403999997,-8.914130229999898],[117.0833816600001,-8.914305699999943],[117.08340453000005,-8.914468769999871],[117.08341981,-8.914593679999882],[117.08342079,-8.914602919999936],[117.08343505000005,-8.914737699999932],[117.08343743000012,-8.914804219999894],[117.08344270999999,-8.914951329999894],[117.08347685000001,-8.91507657999989],[117.08348846000001,-8.915119179999863],[117.08364103000008,-8.915511139999865],[117.08373252000001,-8.91572717999992],[117.08378601000015,-8.915853499999855],[117.08389284000009,-8.916008],[117.08412934000012,-8.916435239999942],[117.08463286000006,-8.917258269999934],[117.08476255999994,-8.917588239999873],[117.08485315999997,-8.917860909999945],[117.08486174999996,-8.917886739999858],[117.08486971000013,-8.917906969999933],[117.0849380300001,-8.918080329999896],[117.08498383000017,-8.918210969999905],[117.08498626999994,-8.918219429999851],[117.08501434000016,-8.918316829999924],[117.08501434000016,-8.918363579999891],[117.08501434000016,-8.918385499999943],[117.08505925999998,-8.918578529999934],[117.08507537000003,-8.918647779999958],[117.08509587000003,-8.918685249999953],[117.08513640000001,-8.918759339999951],[117.08518472000003,-8.918937439999866],[117.08519746000002,-8.91898441],[117.08528136000007,-8.919182779999915],[117.08534240999995,-8.919332499999939],[117.08539044000008,-8.919436559999951],[117.08543396000005,-8.919530870000017],[117.08547648000001,-8.919617430000017],[117.08554076000007,-8.919748289999916],[117.08561707000013,-8.919902799999875],[117.08562284999994,-8.919918529999961],[117.08568572000013,-8.9200897099999],[117.08576363999998,-8.920224389999873],[117.08586119000006,-8.920393],[117.08598327000004,-8.920748729999957],[117.08602615000007,-8.920859789999952],[117.08606720000012,-8.920966149999856],[117.08612822999999,-8.921109199999876],[117.08623503000013,-8.921313279999879],[117.08633422000014,-8.921574609999936],[117.08637540999996,-8.921651829999917],[117.08641053000008,-8.921717659999956],[117.08655549000014,-8.921958919999952],[117.08670805999998,-8.922338499999967],[117.08677673,-8.922575],[117.0868377600001,-8.92274284999985],[117.08689880999998,-8.92288589999987],[117.08690161000004,-8.922925109999937],[117.08690643,-8.922992699999952],[117.08713159000001,-8.923354089999918],[117.08728788999997,-8.923604959999864],[117.08740236000006,-8.923841479999908],[117.08740996999995,-8.923973089999947],[117.08749013,-8.924063259999855],[117.08752441000001,-8.924101819999862],[117.08757019000006,-8.924213409999936],[117.08769227000005,-8.92446804999986],[117.08775330000014,-8.924674039999957],[117.08780388000002,-8.924797639999952],[117.08783719999997,-8.924879079999869],[117.08786502999999,-8.924955859999898],[117.08793638999998,-8.925152799999864],[117.08799363000014,-8.925302059999865],[117.08805086000007,-8.925451269999883],[117.08814240000004,-8.925731659999883],[117.08824920000018,-8.925955779999867],[117.08826574000011,-8.926018359999887],[117.08833313000014,-8.926273329999958],[117.08846283000003,-8.926622389999864],[117.08846283000003,-8.926701709999861],[117.08846283000003,-8.926766409999857],[117.08848569999998,-8.926935199999889],[117.08846753000012,-8.927364779999948],[117.08846283000003,-8.927475929999957],[117.08846283000003,-8.927494239999874],[117.08846283000003,-8.927645699999914],[117.08844342999998,-8.927800009999942],[117.08843993000005,-8.927827849999858],[117.08840942000006,-8.928023339999868],[117.08837890000007,-8.928199779999886],[117.08837489000007,-8.928225559999817],[117.08831023000005,-8.928641319999826],[117.08831023000005,-8.928835869999943],[117.08829014000014,-8.928905729999883],[117.08827210000004,-8.92896842999994],[117.08825474000002,-8.929097149999905],[117.08824920000018,-8.92913816999993],[117.08821105000015,-8.929233559999886],[117.08817291000003,-8.929359439999928],[117.08817289000001,-8.929359679999948],[117.08816814,-8.929397729999891],[117.08811953000009,-8.929787639999915],[117.08811830000013,-8.929802709999933],[117.08811186000014,-8.929882059999898],[117.08809313000017,-8.929971989999899],[117.08807373000002,-8.930065169999864],[117.08807373000002,-8.930241579999915],[117.0879974400001,-8.930418969999948],[117.08790586999999,-8.930772769999919],[117.08789062000017,-8.930979719999868],[117.08789062000017,-8.93102450999993],[117.08789062000017,-8.931118],[117.08786773999998,-8.931238179999866],[117.08786009999994,-8.931420319999916],[117.08782197000016,-8.931603429999882],[117.08780116000003,-8.931727259999946],[117.08778382000003,-8.931830409999918],[117.08775330000014,-8.932024959999865],[117.08772119000014,-8.932285909999848],[117.0877075300001,-8.932396889999893],[117.0877104,-8.932465649999926],[117.08771514,-8.93257903999995],[117.08766653000009,-8.932691139999918],[117.0876465,-8.932737340000017],[117.08758545000012,-8.932914719999928],[117.08737945999997,-8.933459279999852],[117.08736614000009,-8.933514429999889],[117.08732604,-8.933680519999882],[117.08719637000002,-8.934060119999856],[117.08717347000015,-8.934198379999941],[117.08708952000006,-8.934382429999857],[117.08705350000014,-8.934538979999957],[117.08702850999998,-8.93464755999986],[117.08701589000009,-8.934775829999921],[117.08700561000012,-8.934880269999951],[117.08699177000005,-8.934901779999848],[117.08695220000016,-8.93496322999988],[117.0869263300001,-8.93508124999994],[117.08690643,-8.935172069999908],[117.08687295000016,-8.935298059999866],[117.0868377600001,-8.935430529999906],[117.08679963000009,-8.93558215999991],[117.08676911000009,-8.935664179999947],[117.08672334000016,-8.935929279999868],[117.08669163000002,-8.936053299999912],[117.08666992999997,-8.93613814999992],[117.08662064999999,-8.936350629999936],[117.08656310000003,-8.936598769999932],[117.08642579000002,-8.936915379999903],[117.08631134000007,-8.937144289999935],[117.08623503000013,-8.9373092699999],[117.08622229000014,-8.937328669999943],[117.08615113000008,-8.937437059999922],[117.08605955999997,-8.937627789999908],[117.08598327000004,-8.937748929999884],[117.08588409000004,-8.93806456999988],[117.08559420000017,-8.938461309999923],[117.08556784999996,-8.938535939999895],[117.08550263000006,-8.938720709999927],[117.08543396000005,-8.93879126999991],[117.08522036,-8.939311009999926],[117.08518578999997,-8.93947769999994],[117.08512879,-8.939752579999947],[117.08506776000002,-8.939954749999856],[117.08502959999998,-8.940069209999933],[117.08498979000012,-8.940110109999921],[117.08496092999997,-8.940139769999917],[117.08486182000001,-8.94032612999996],[117.08478546000003,-8.940469729999961],[117.0847589,-8.940486749999934],[117.08472443000016,-8.940508849999958],[117.08472319000009,-8.940509129999896],[117.08450317999996,-8.940558439999904],[117.08450156000004,-8.940558149999958],[117.08428191999997,-8.940519339999867],[117.08415886000012,-8.940513279999891],[117.08403016000011,-8.94050693999992],[117.08377252000014,-8.940460229999871],[117.08372498000006,-8.940451609999855],[117.08372394000003,-8.940451559999929],[117.08354951000013,-8.940443049999942],[117.08332303000009,-8.940435469999954],[117.08332063,-8.940435389999948],[117.08314210000015,-8.940439739999931],[117.08304597000006,-8.940442089999863],[117.08288573000004,-8.940458289999867],[117.08288447999996,-8.94045820999986],[117.08268447000012,-8.940446039999927],[117.08258820000015,-8.940440179999882],[117.0824416800001,-8.940433819999896],[117.08221435999997,-8.94042394999991],[117.0820923,-8.940420159999917],[117.08208895000007,-8.940420669999867],[117.08194235999997,-8.940443219999906],[117.08189393000009,-8.940450669999848],[117.08158111,-8.940501209999866],[117.08132171,-8.940520279999873],[117.080925,-8.940610889999903],[117.08075939000003,-8.940640639999856],[117.08068086000014,-8.940654749999908],[117.08056537000016,-8.940707],[117.08052064000015,-8.940727239999944],[117.08034516999999,-8.940800669999874],[117.08000260999995,-8.940959589999864],[117.08000184000002,-8.940959939999914],[117.07983397999999,-8.941051459999926],[117.07968139000002,-8.941130649999934],[117.07954914000004,-8.94123068999994],[117.07953643000008,-8.941240309999955],[117.07951732000015,-8.941265559999863],[117.07942963000016,-8.94138144999988],[117.07932283000002,-8.941440589999957],[117.07920323000008,-8.9415504399999],[117.07914735000008,-8.94160176999992],[117.07899965000013,-8.941751039999929],[117.07888031000016,-8.941871639999931],[117.07871246000013,-8.94201373999988],[117.07854463000012,-8.942092879999848],[117.07832338000003,-8.942179689999932],[117.0782354700001,-8.942217529999937],[117.0781860400001,-8.942238809999935],[117.07818397000005,-8.942238979999956],[117.07797241000003,-8.942256939999936],[117.0775398400001,-8.94229202999992],[117.0775375400001,-8.9422922199999],[117.07736205000015,-8.942277909999916],[117.07725215999994,-8.942280069999867],[117.07721708999998,-8.942280760000017],[117.07714263000003,-8.942282649999925],[117.07714080000005,-8.94228269999985],[117.07687378000003,-8.94227026999988],[117.07665254000005,-8.942256939999936],[117.07646485999999,-8.9422609799999],[117.07643127000006,-8.942261709999912],[117.07636044000003,-8.942260939999926],[117.07625580000001,-8.942259799999931],[117.07606504000012,-8.942233079999937],[117.07588956999996,-8.942193039999893],[117.07581837000009,-8.942181649999895],[117.07575225999994,-8.942171079999923],[117.07570703,-8.942165439999826],[117.07566835000011,-8.94216060999986],[117.07547823000004,-8.942127329999948],[117.0754776,-8.942127219999861],[117.07505798000011,-8.942155849999892],[117.07482909999999,-8.942117689999861],[117.07482883000011,-8.94211769999987],[117.07466954999995,-8.942121499999928],[117.07466888,-8.942121509999936],[117.07453154000007,-8.94216822999988],[117.07435179000004,-8.942172729999868],[117.07430509000017,-8.942173899999887],[117.07430267999996,-8.942173959999934],[117.07423401000017,-8.942200649999961],[117.07419588000016,-8.942207329999917],[117.07408686999997,-8.942263339999954],[117.07398987,-8.94231318999988],[117.07369996,-8.942351339999902],[117.07327957999996,-8.942540509999958],[117.07305145999999,-8.942643169999826],[117.07295784000007,-8.942671070000017],[117.07275390000007,-8.942731859999867],[117.07258583999999,-8.942782710000017],[117.07246398000007,-8.942819579999934],[117.07239200000015,-8.942860079999946],[117.07211303999998,-8.943017009999949],[117.07193443000006,-8.94310258999991],[117.07183838000014,-8.943148619999931],[117.07168038999998,-8.943225249999955],[117.07164765000016,-8.943241129999933],[117.07110595999995,-8.94354245999989],[117.07070921000013,-8.943746559999909],[117.07051087000013,-8.943921089999947],[117.07041113000002,-8.944001879999917],[117.07032014000015,-8.944075569999939],[117.07019805000016,-8.94417951999992],[117.06999971000005,-8.9443969699999],[117.06984711000007,-8.944563860000017],[117.06978605999996,-8.944678319999923],[117.06960297000012,-8.944883339999933],[117.06953542999997,-8.944957229999886],[117.06945040000005,-8.945050260000016],[117.06942430000004,-8.945065909999926],[117.06929780000007,-8.945141779999858],[117.0691835,-8.945249189999913],[117.06909179000013,-8.945335380000017],[117.06894519000002,-8.94544207999985],[117.06887817999996,-8.945490859999893],[117.06855772999995,-8.945673949999957],[117.06838987000015,-8.945740709999882],[117.06814574999999,-8.945840840000017],[117.06801582000003,-8.945900729999892],[117.06790161000004,-8.94595336999987],[117.06777871999998,-8.946019200000023],[117.06774137000014,-8.946039209999867],[117.06748200000015,-8.946251869999912],[117.06736375000014,-8.946395029999906],[117.06736017000014,-8.946399369999938],[117.06735991000016,-8.946399679999956],[117.06735991000016,-8.946461669999849],[117.06735991000016,-8.946528389999855],[117.06735991000016,-8.946587579999857],[117.06732940000006,-8.947159769999871],[117.06744386000014,-8.947709109999948],[117.06746634000001,-8.947825780000016],[117.06748961000005,-8.94794654999987],[117.06748961000005,-8.948092209999913],[117.06748961000005,-8.94827364999992],[117.06747023000003,-8.94847061999991],[117.06746671000008,-8.948506359999897],[117.06737520000001,-8.948734299999956],[117.06729888000007,-8.94945811999986],[117.06726073000016,-8.949646939999866],[117.06725311000002,-8.949898719999908],[117.06721496,-8.95015715999989],[117.06721496,-8.950244909999867],[117.06721861999995,-8.950259979999885],[117.06722260000015,-8.950276389999885],[117.06721496,-8.950357439999948],[117.06722260000015,-8.950546279999855],[117.06727601000011,-8.95146082999986],[117.06739043000016,-8.952375399999937],[117.06737240999996,-8.952514029999861],[117.06734468000013,-8.95272733999991],[117.06733508000002,-8.952897519999908],[117.06732940000006,-8.952998179999952],[117.06734468000013,-8.953373929999941],[117.06735991000016,-8.95366287999991],[117.06738894,-8.954014019999875],[117.06739043000016,-8.954031959999952],[117.06739043000016,-8.954396249999888],[117.06741350000016,-8.954615899999851],[117.06742857999996,-8.954759599999932],[117.06742265000003,-8.954889],[117.06741333000014,-8.955092429999866],[117.06742026999996,-8.955275189999952],[117.06742857999996,-8.955493929999932],[117.06750490000002,-8.956157689999884],[117.06758880000007,-8.956645949999881],[117.06758118000016,-8.956984519999935],[117.06758613,-8.957029219999868],[117.06761170000004,-8.957260119999887],[117.06760927000016,-8.957364209999866],[117.06760406000012,-8.957587239999953],[117.06763457000011,-8.957861899999955],[117.0676757,-8.95803022999985],[117.06769562,-8.958111749999944],[117.06770687000005,-8.958168149999892],[117.06775665000009,-8.95841788999985],[117.06778947999999,-8.958623049999858],[117.06781767999996,-8.958799369999895],[117.06789400000014,-8.959054949999882],[117.06793213000003,-8.959305739999934],[117.06793184000003,-8.959311209999953],[117.06792451000013,-8.959449779999886],[117.06797028000005,-8.960039139999878],[117.06799139999998,-8.960112029999948],[117.06806947000007,-8.960381499999869],[117.06810982000002,-8.960550779999949],[117.06813811000006,-8.96066949999988],[117.06818618000011,-8.960914509999952],[117.06820678000008,-8.961019529999817],[117.06823178000002,-8.961096439999949],[117.0683059700001,-8.96132469999992],[117.06837036000013,-8.961658239999906],[117.06837464000012,-8.961680409999872],[117.06837965,-8.96170868999991],[117.06843566999999,-8.962024679999956],[117.0684967200001,-8.962280279999959],[117.06849598999997,-8.96230955999988],[117.06848906000016,-8.962588309999944],[117.06858063000004,-8.963019359999919],[117.06863614000008,-8.96329549],[117.06868743000007,-8.963550569999882],[117.06875323999998,-8.96389143999994],[117.06875609999997,-8.963906269999939],[117.06875992999994,-8.9639308699999],[117.06880951000005,-8.964249600000016],[117.06884003000005,-8.964560499999948],[117.06889344000001,-8.964816109999958],[117.06889378000005,-8.964817719999928],[117.06894684999997,-8.965070719999915],[117.06897737000008,-8.965410229999918],[117.06892917000016,-8.965578079999943],[117.06887057000006,-8.96578215999989],[117.06900421000012,-8.965973559999895],[117.06903837000016,-8.966022479999879],[117.06914917000006,-8.966239569999914],[117.06941222000012,-8.966754929999922],[117.06948642000009,-8.967113419999919],[117.06956480999997,-8.967492099999959],[117.06960001000004,-8.967559729999948],[117.0696258700001,-8.967609419999917],[117.06983947000015,-8.968050969999922],[117.06986712000014,-8.968147279999926],[117.06995390999998,-8.968449589999864],[117.07001494000008,-8.969017039999926],[117.07003401000009,-8.969836659999885],[117.07003784000005,-8.970001229999923],[117.07004832999996,-8.970069019999926],[117.07006071000012,-8.97014903999991],[117.07015990000002,-8.970626829999901],[117.07020570000009,-8.971093179999855],[117.07019805000016,-8.971834169999852],[117.07013703000007,-8.97289466999996],[117.070076,-8.973608],[117.07010443000001,-8.974129329999869],[117.07011412999998,-8.974307059999944],[117.07011410999996,-8.974307279999948],[117.07002258,-8.975262639999869],[117.07002258,-8.975617259999922],[117.07002258,-8.975902549999944],[117.07002923000005,-8.97642535999995],[117.07003784000005,-8.977103249999914],[117.07006071000012,-8.977305409999872],[117.07005421999997,-8.977361899999948],[117.07003022000015,-8.977570539999931],[117.06984900999998,-8.978419059999908],[117.06971739000016,-8.979035369999906],[117.06957980000016,-8.97929629999993],[117.06940459999998,-8.979628569999875],[117.06919861000006,-8.980051989999936],[117.06917555000007,-8.980162989999883],[117.06915284000002,-8.98027228999996],[117.06917795000015,-8.980434459999856],[117.06919861000006,-8.980567929999893],[117.06928275000007,-8.980800069999816],[117.06930540999997,-8.980862609999917],[117.06934735000004,-8.980988629999956],[117.0695037800001,-8.981458659999873],[117.06953351000004,-8.981558309999855],[117.06954191,-8.981586449999952],[117.06930383000008,-8.981884059999913],[117.06921387000011,-8.981996519999882],[117.06908417,-8.982642169999906],[117.06896973000016,-8.983547209999927],[117.06885534000003,-8.984111519999885],[117.0688552800001,-8.984111779999921],[117.06885337000006,-8.984116699999959],[117.06877138000004,-8.98432731999992],[117.06877067000016,-8.98432948999988],[117.06873705999999,-8.984431809999933],[117.06868743000007,-8.984582899999907],[117.06867219000003,-8.984821309999916],[117.06870161999996,-8.984910509999906],[117.06873322000013,-8.985006310000017],[117.06891630999996,-8.985256209999932],[117.0691090900001,-8.98542622999986],[117.06919097000014,-8.985498439999901],[117.06968946000018,-8.985932319999904],[117.06980896000005,-8.986036319999926],[117.06991576000007,-8.986200329999917],[117.06994630000008,-8.98655414999996],[117.06992174000004,-8.986669009999957],[117.06989288000011,-8.986804],[117.06973267,-8.987502119999931],[117.06975497000008,-8.987634529999923],[117.06977844000005,-8.987773899999866],[117.06981498000005,-8.987966379999932],[117.06983185000001,-8.988055229999873],[117.06983947000015,-8.9883346499999],[117.06977235000011,-8.988569139999868],[117.06970215000013,-8.988814349999927],[117.06947327,-8.989320749999877],[117.06911725000009,-8.989999909999938],[117.06880189000003,-8.99060151999987],[117.06867219000003,-8.990907659999891],[117.0685653700001,-8.991494189999855],[117.06859588000009,-8.99216841999987],[117.06859588000009,-8.992659579999895],[117.06845853999994,-8.993607519999898],[117.06841163000013,-8.993820130000017],[117.068367,-8.994022369999868],[117.06817626999998,-8.994537349999916],[117.06802053000013,-8.994884699999886],[117.06788634999998,-8.995183939999947],[117.06779481,-8.995448099999862],[117.06776764000017,-8.995644739999932],[117.06771088000005,-8.996055589999855],[117.06772408000006,-8.996193759999926],[117.06773376000001,-8.996294969999951],[117.06790161000004,-8.99690151999988],[117.06802370000003,-8.997296349999942],[117.06822207000005,-8.998191849999955],[117.06822968000017,-8.99849128999989],[117.06822210000007,-8.99860619999987],[117.06819916999996,-8.998953819999883],[117.06796368000016,-8.999316859999908],[117.06787871000006,-8.99944783999996],[117.06781203000003,-8.999492609999947],[117.06761170000004,-8.999627109999892],[117.06747681000002,-8.999678799999913],[117.06738281000003,-8.99971482999996],[117.0673245700001,-8.999725269999942],[117.06715393000013,-8.99975585999988],[117.06674957000007,-8.99966049999989],[117.06674915000008,-8.99966032999987],[117.06658171000004,-8.99959373999991],[117.06630181000003,-8.999560349999854],[117.06624605000002,-8.999553699999865],[117.06583405000003,-8.999618549999923],[117.06558227000016,-8.999734879999949],[117.06552806000013,-8.999784779999857],[117.06541441000013,-8.999889389999908],[117.06535810000003,-8.999971739999921],[117.06533812999999,-9.000000949999901],[117.06528502000003,-9.000071759999912],[117.06522371000017,-9.000153519999913],[117.06506347000004,-9.000663739999936],[117.06500243999994,-9.001055719999954],[117.06501767999998,-9.001190269999938],[117.06502534000003,-9.001257909999936],[117.06517028999997,-9.001475329999948],[117.06593321000003,-9.001873019999891],[117.06614595000008,-9.001994079999918],[117.06622315000004,-9.002038019999873],[117.06645965000007,-9.002289779999955],[117.06653594,-9.002442349999853],[117.06655122000006,-9.00274658],[117.06652665000013,-9.002851019999923],[117.06649780999999,-9.00297355999993],[117.06639861999997,-9.003104219999898],[117.0662102,-9.003184149999868],[117.06614687000013,-9.003211029999932],[117.06586555000013,-9.003240579999897],[117.06542969999998,-9.003286369999955],[117.06527522,-9.00334077999986],[117.06526183999995,-9.003345489999958],[117.06505585000014,-9.003538129999924],[117.06500002999996,-9.00368642999996],[117.06499482000004,-9.003700249999952],[117.06499483000005,-9.003700429999924],[117.06501006000008,-9.004010189999917],[117.06491854000012,-9.004350659999943],[117.06447602000014,-9.004847529999893],[117.06407927999999,-9.005383499999937],[117.06390381000017,-9.005714399999874],[117.06375123999999,-9.006201769999848],[117.06365204999997,-9.00657939999985],[117.06334688000015,-9.007559769999887],[117.06319428000006,-9.007942219999904],[117.06301881000013,-9.00832652999992],[117.06297823,-9.00839561999993],[117.06295775000001,-9.008430479999959],[117.06285306500001,-9.008611526999857],[117.06282044000011,-9.008667950000017],[117.06272124999998,-9.009059899999897],[117.06276346000016,-9.010025189999851],[117.06277466999995,-9.010281559999953],[117.06277249000004,-9.010391179999942],[117.06276702000014,-9.010666839999942],[117.06273651000004,-9.010907159999931],[117.06212008,-9.012024789999941],[117.06193541000005,-9.012359609999919],[117.06188836000001,-9.01242968999992],[117.06175994000012,-9.01262094999987],[117.06161457999997,-9.012804269999947],[117.06159208000008,-9.012832639999885],[117.06151580000017,-9.0130949199999],[117.06153654700017,-9.013266634999923],[117.06154000000015,-9.013295209999853],[117.06154633999995,-9.013347619999934],[117.06159208000008,-9.013475429999858],[117.06161547,-9.013494539999954],[117.06200408000007,-9.01381208999993],[117.0622778500001,-9.0140222899999],[117.06243133999999,-9.014140129999873],[117.06267548000017,-9.014408119999928],[117.06286739000006,-9.014806579999856],[117.06298827000012,-9.015057559999946],[117.06304077000016,-9.015283019999856],[117.0630722200001,-9.015418059999945],[117.06306856000015,-9.01544974999996],[117.06304932,-9.015616399999885],[117.06293386000004,-9.015852369999891],[117.06289673000015,-9.01592826999996],[117.06282849000002,-9.016048079999905],[117.06272889000013,-9.016222949999928],[117.06266022000011,-9.016428939999912],[117.06268310000007,-9.01678942999996],[117.06271614500008,-9.01689333299987],[117.06276284700004,-9.016969109999934],[117.06283849,-9.017118524999944],[117.06294438900011,-9.0174024129999],[117.06308054400006,-9.017686299999923],[117.063110801,-9.017910421999943],[117.063110801,-9.018254074999902],[117.063110801,-9.018702316999907],[117.063110801,-9.018941379999944],[117.06309567300002,-9.019225265999921],[117.06305994100012,-9.019514641999933],[117.06309510000006,-9.019778239999937],[117.06312749000006,-9.01984787999993],[117.06317141,-9.019942269999888],[117.06318077000003,-9.019951429999935],[117.06343077999998,-9.020195969999918],[117.06373596000014,-9.020249359999923],[117.06396484000004,-9.020301819999872],[117.06445312999995,-9.020440109999868],[117.06467970300014,-9.020515288999889],[117.06476736499997,-9.02051769399992],[117.0650018560001,-9.02051769399992],[117.06524391100015,-9.020547575999956],[117.06535737399997,-9.02058492999987],[117.06555404400012,-9.020689518999916],[117.06563725000012,-9.020726871999898],[117.06565994300013,-9.020779166999944],[117.0656977640001,-9.021048109999924],[117.06568263500003,-9.021190052999941],[117.0656523780001,-9.021324524999955],[117.06562968599997,-9.021451525999908],[117.06557673600003,-9.021600937999892],[117.06549353000003,-9.021720468999945],[117.06533468099997,-9.021810115999926],[117.06510019100017,-9.021877351999876],[117.06488082800001,-9.021907234999958],[117.06465390200003,-9.021929646999922],[117.06440428300016,-9.02194458799994],[117.06429081900012,-9.021974469999918],[117.06420004900008,-9.022026764999907],[117.064079021,-9.02212388299995],[117.064035096,-9.02215783399987],[117.06404877000011,-9.022211079999863],[117.06404897000016,-9.022211319999883],[117.06426239999996,-9.022472369999889],[117.06455252,-9.022671429999946],[117.06459043999996,-9.022697449999953],[117.06495667000002,-9.022871019999911],[117.06556701000011,-9.022974959999942],[117.06556889000012,-9.022975059999908],[117.0657678,-9.02298505999994],[117.06626891999997,-9.023010239999905],[117.06689428000016,-9.023055169999907],[117.0669860700001,-9.023061769999913],[117.06698628000015,-9.02306184999992],[117.06698844000016,-9.023062669999888],[117.06703724299996,-9.02308116799992],[117.06721496,-9.023148529999958],[117.06724765000013,-9.02323656999988],[117.06729888000007,-9.023374559999922],[117.06728422000015,-9.023499749999928],[117.06726838999998,-9.023634899999877],[117.0672199500001,-9.023790829999939],[117.06717683000011,-9.02392959999986],[117.06711987400001,-9.024043057999904],[117.06693268000015,-9.024415949999934],[117.06671598000014,-9.024782459999926],[117.06642914000008,-9.025267589999885],[117.06616656000017,-9.025725489999957],[117.0660757920001,-9.025883771999872],[117.06597138999996,-9.026065829999936],[117.06532745000004,-9.027134829999852],[117.06523893999997,-9.027281759999937],[117.06501563999996,-9.027699019999886],[117.06494139000006,-9.027837769999906],[117.06490325000004,-9.02806280999988],[117.06490455500011,-9.028072700999928],[117.06491782,-9.02817322999988],[117.06492615000002,-9.028236369999945],[117.06497379000007,-9.028305689999911],[117.06501006000008,-9.028358459999936],[117.06518555000002,-9.028445239999826],[117.06526752000002,-9.028463679999902],[117.06541441000013,-9.028496739999923],[117.06571197000005,-9.028479569999888],[117.06615073399996,-9.028442790999861],[117.06622072599998,-9.028436923999948],[117.06633757000009,-9.028427129999898],[117.0665003900001,-9.028434149999953],[117.06675721,-9.028445239999826],[117.06710815000008,-9.028549189999922],[117.06742097000006,-9.028722749999872],[117.06753112000013,-9.028895919999911],[117.06761933999996,-9.02903461999989],[117.06769562,-9.029300669999884],[117.06771088000005,-9.029500949999942],[117.06740057200011,-9.03059501599995],[117.06737520000001,-9.030684469999926],[117.06697083999995,-9.03108406999985],[117.06693559000007,-9.031109599999922],[117.06663513,-9.031327239999882],[117.06623696999998,-9.031437349999862],[117.06613158000016,-9.031466489999957],[117.06581879999999,-9.031536109999934],[117.06571652000002,-9.03152904999996],[117.06530761,-9.031500829999857],[117.06490019,-9.031525949999889],[117.06473540000002,-9.031536109999934],[117.06445312999995,-9.031605719999959],[117.06436378,-9.031658649999883],[117.06427765,-9.031709669999941],[117.0642395000001,-9.031935699999906],[117.06434632000003,-9.032126429999948],[117.06453705000001,-9.032299989999899],[117.06471252000017,-9.03242207999989],[117.06495667000002,-9.032490719999885],[117.06512592000001,-9.032545979999952],[117.06533051000008,-9.032612779999852],[117.06564332000005,-9.03271674999985],[117.06594085000017,-9.032942759999912],[117.06616974000008,-9.033150659999933],[117.06644517999996,-9.033399789999862],[117.06668853999997,-9.033619889999954],[117.06705474000012,-9.034001349999926],[117.06740571,-9.034400939999955],[117.06752776999997,-9.034765259999858],[117.06751251000014,-9.035008429999948],[117.06750022000006,-9.035036359999935],[117.06742857999996,-9.035199159999877],[117.06740524999998,-9.035223844999905],[117.06727002000002,-9.035366929999896],[117.06721496,-9.03542519999985],[117.06686401000013,-9.035668369999883],[117.06643969000004,-9.03589661999996],[117.06618500000013,-9.036033629999906],[117.06604768000011,-9.03620721999988],[117.06599427000015,-9.03641510999995],[117.06600861000004,-9.03654550999994],[117.06602478000002,-9.036692619999826],[117.0660349100001,-9.036761789999957],[117.06604768000011,-9.036849039999879],[117.06609824999998,-9.036946759999921],[117.06614687000013,-9.037040719999936],[117.0663070600001,-9.037231439999914],[117.06631377000008,-9.037237429999948],[117.06652070999996,-9.037422169999957],[117.06664153000008,-9.037546039999938],[117.06667328000003,-9.037578589999953],[117.06671854300009,-9.037687357999914],[117.06681060000017,-9.0379085699999],[117.06682603000002,-9.038189329999852],[117.06683350000014,-9.038325309999891],[117.06683350000014,-9.038446790999956],[117.06674919000011,-9.038641071999905],[117.0666432910001,-9.038768066999864],[117.06646931399996,-9.03892494299987],[117.066287773,-9.039104229999907],[117.06617430899996,-9.039298456999859],[117.06604571799994,-9.039515094999956],[117.06600033200004,-9.039589797999895],[117.06592469000009,-9.039761613999929],[117.06584148400009,-9.03991101899993],[117.06577340600018,-9.040090304999921],[117.06573558499997,-9.040269591999959],[117.06577340600018,-9.040426466999861],[117.06587174100002,-9.040575871999863],[117.065992768,-9.040747687999954],[117.06610579400012,-9.0408146609999],[117.06623839000008,-9.0409822499999],[117.0662560400001,-9.040997129999937],[117.06644440000002,-9.041155809999907],[117.06654224,-9.041366949999883],[117.06658934999996,-9.041468629999827],[117.06661503600014,-9.041533539999875],[117.06665802999999,-9.041642189999891],[117.06665802999999,-9.04183293999995],[117.06665802999999,-9.042058949999955],[117.06658934999996,-9.042336459999888],[117.06646726999998,-9.042510019999952],[117.06637555000009,-9.042569539999874],[117.0663070600001,-9.042613989999836],[117.06617044999996,-9.04265155999991],[117.06611633000011,-9.042666439999948],[117.06611591,-9.042666339999926],[117.0660754700001,-9.042656409999893],[117.0659690650001,-9.042630280999958],[117.06590272000005,-9.042613989999836],[117.06553650000012,-9.042475689999947],[117.06518555000002,-9.042388929999959],[117.06495714000016,-9.042303929999946],[117.06485748,-9.042266839999911],[117.06443787000012,-9.042058949999955],[117.06407166999998,-9.041851049999934],[117.0640699700001,-9.04185064],[117.06402510600003,-9.041839625999899],[117.063973122,-9.041815930999917],[117.06370081000011,-9.04174122899991],[117.06360247600014,-9.041756168999939],[117.063534398,-9.041793520999931],[117.06341337000015,-9.041898103999927],[117.06333016400015,-9.042054977999953],[117.06332259900012,-9.042211852999856],[117.06332259900012,-9.042316435999908],[117.06332259900012,-9.042473309999934],[117.06332259900012,-9.042689945999939],[117.06332259900012,-9.042876700999898],[117.06333772800008,-9.04309333699996],[117.063345292,-9.04327262199996],[117.06336798500001,-9.043444435999902],[117.06339824199995,-9.043676011999878],[117.06337554900006,-9.04385529699988],[117.06335871199997,-9.043988313999876],[117.06335285600005,-9.04400469999996],[117.06329990699999,-9.04413169299994],[117.06320157200014,-9.044266155999935],[117.06305917000009,-9.044313033999913],[117.06299663999994,-9.044297399999948],[117.06286621000015,-9.044264789999943],[117.06285262600011,-9.044259849999946],[117.06261743000016,-9.04417430999996],[117.06253052000011,-9.044142710000017],[117.06212617000017,-9.043952],[117.06191734000015,-9.043850579999912],[117.06166076,-9.043725969999912],[117.06087476000005,-9.04340383999994],[117.06072998000013,-9.043344509999883],[117.06032562000007,-9.043153759999939],[117.05966326999999,-9.042945329999895],[117.05966187000001,-9.042944889999944],[117.05939466600012,-9.042944889999944],[117.05938721000007,-9.042944889999944],[117.05938477999996,-9.042945379999935],[117.05921174000014,-9.042980189999923],[117.0591551,-9.043020799999908],[117.05906675999995,-9.043084139999849],[117.05901469000014,-9.043184769999925],[117.05896757000016,-9.043275839999922],[117.05893562000017,-9.043370109999955],[117.05889128000001,-9.043500909999864],[117.058825,-9.043709969999952],[117.0587921,-9.04381371999989],[117.05868886999997,-9.0439814799999],[117.05863191000003,-9.044074059999957],[117.05840302000013,-9.044490819999908],[117.05835565999996,-9.04465659999994],[117.05833092600005,-9.044743167999911],[117.05833021600017,-9.04474424699987],[117.05826970199996,-9.044893649999892],[117.05819406000012,-9.045050523999919],[117.05817136700011,-9.04525968799993],[117.058277266,-9.045431500999882],[117.0583604730001,-9.04549126299986],[117.05839829400009,-9.045506202999945],[117.05864791300007,-9.045640665999883],[117.05878899900006,-9.045717072999935],[117.05915832000005,-9.046018590000017],[117.05922289000011,-9.046073399999898],[117.05948640000008,-9.046297069999923],[117.05955001999996,-9.04641592999991],[117.05961606999995,-9.046539329999916],[117.05963135000002,-9.046765309999955],[117.05957794000017,-9.046956069999908],[117.05957753999996,-9.046956319999936],[117.05946779600015,-9.047028186999853],[117.05941772000006,-9.047060979999912],[117.05929659000003,-9.047122109999918],[117.05921174000014,-9.047164929999894],[117.05914674000007,-9.04719654999991],[117.05899810999995,-9.047268879999876],[117.05876091999994,-9.04738194999993],[117.05867006000005,-9.047425269999849],[117.05830384000012,-9.047564519999924],[117.05796164000003,-9.0476942599999],[117.057903496,-9.047716310999931],[117.0578460700001,-9.047738089999882],[117.0578072400001,-9.047760949999827],[117.05737306000003,-9.048016559999951],[117.05731062999996,-9.048063819999925],[117.05723572,-9.048120509999933],[117.05716704999998,-9.048294069999884],[117.05715793000013,-9.048356469999874],[117.05714418000002,-9.048450489999937],[117.05715823000003,-9.048557119999884],[117.05716704999998,-9.048624049999944],[117.057167306,-9.048624760999871],[117.05728303,-9.048946189999924],[117.05730439000001,-9.049005509999859],[117.05731965000007,-9.049144739999917],[117.05731965000007,-9.04938793999986],[117.05730026000003,-9.049597489999883],[117.0572897940001,-9.049710528999924],[117.05728911000017,-9.049717919999921],[117.05725369000004,-9.049845599999912],[117.05719757000008,-9.050047879999852],[117.05714418000002,-9.050255769999922],[117.05705850000004,-9.050433449999957],[117.05697632,-9.050603859999853],[117.05680084999995,-9.050951009999892],[117.05665018000002,-9.051342869999871],[117.05664061000016,-9.05136774999994],[117.05658721999998,-9.051628119999862],[117.05657861999998,-9.051774949999924],[117.05657196000016,-9.05188845999993],[117.05657196000016,-9.05220124999994],[117.05657196000016,-9.0525655699999],[117.05657769000015,-9.052656879999915],[117.05658721999998,-9.052808769999956],[117.05648040000005,-9.052982329999907],[117.05638322000016,-9.053015749999929],[117.05632781999998,-9.05303479999992],[117.05632661000016,-9.053034499999967],[117.05628179999997,-9.053023489999873],[117.05611419000013,-9.052982329999907],[117.05604182000002,-9.05290000999986],[117.05596160000016,-9.052808769999956],[117.05588448000015,-9.052727939999897],[117.05576323000003,-9.052600869999878],[117.05567276,-9.052413719999947],[117.05559542000003,-9.052253719999953],[117.05541992000008,-9.051905629999908],[117.05538475000014,-9.051809809999895],[117.05534361000014,-9.051697729999944],[117.05520941000009,-9.051645089999852],[117.05512238999995,-9.051610949999883],[117.05512106000003,-9.051611349999916],[117.05489348000003,-9.051680559999852],[117.05481615999997,-9.051725859999863],[117.05463103600016,-9.051834304999886],[117.05462647000013,-9.051836979999905],[117.05448912999998,-9.052010539999912],[117.05441660999998,-9.052212],[117.05435180999996,-9.052392],[117.05422975,-9.05267047999996],[117.05419652000012,-9.052720669999928],[117.05413818,-9.052808769999956],[117.05394745000012,-9.052913659999945],[117.05391028700012,-9.052941774999852],[117.05364992,-9.05313874999996],[117.05352784000002,-9.053451529999904],[117.05351970000004,-9.053599849999955],[117.05349732000013,-9.054007519999914],[117.05350615600014,-9.054178154999931],[117.05351257999996,-9.054302219999954],[117.05356597000014,-9.054410459999872],[117.05358124999998,-9.054441449999956],[117.05359593000014,-9.054458099999977],[117.05368805000012,-9.054562569999916],[117.05378969000003,-9.054577649999942],[117.05381011000009,-9.054580679999901],[117.05394745000012,-9.054580679999901],[117.05394845,-9.054580349999867],[117.05396872000006,-9.05457374999986],[117.05416107999997,-9.054511059999925],[117.05442470700007,-9.054435893999937],[117.0546493600001,-9.054371839999874],[117.05506897999999,-9.054267889999892],[117.05541992000008,-9.054198279999923],[117.05578612,-9.054094329999941],[117.05639649,-9.053885459999947],[117.05654518000006,-9.05386983999989],[117.05673218000004,-9.053850189999878],[117.05704499,-9.05397224],[117.057127,-9.054145],[117.05725098000005,-9.054406169999936],[117.05739151000012,-9.05503103999996],[117.05741120000016,-9.055118559999926],[117.05753325000012,-9.055343639999876],[117.05781554999999,-9.055500039999856],[117.05789275000006,-9.055518339999878],[117.05803680000008,-9.055552489999855],[117.05810784000005,-9.055547919999924],[117.05831908999994,-9.05553434999996],[117.05852570000002,-9.055504040000017],[117.05867006000005,-9.055482869999878],[117.05879811,-9.055455699999925],[117.05899810999995,-9.05541325999991],[117.05900014999997,-9.055413419999923],[117.05921173000013,-9.055430399999864],[117.05937195000001,-9.055551539999954],[117.05942536999999,-9.055812829999923],[117.05937195000001,-9.056055059999949],[117.05933897000011,-9.056168029999924],[117.0592956700001,-9.056316369999934],[117.05900344000008,-9.056718149999938],[117.05896757000016,-9.056767469999954],[117.05891571999996,-9.056806789999882],[117.05873871000006,-9.056941029999905],[117.05868834000012,-9.056953969999938],[117.05860139000004,-9.056976309999868],[117.05838773999994,-9.056923859999927],[117.05825546000017,-9.056840259999944],[117.05825042000015,-9.056837079999923],[117.05824561000009,-9.056833959999949],[117.05809021000005,-9.056733129999941],[117.05791474000011,-9.056524269999954],[117.05754853999997,-9.056142809999926],[117.05730439000001,-9.056020729999943],[117.05704499,-9.05595204999986],[117.05680084999995,-9.056020729999943],[117.05670423000004,-9.056107429999884],[117.05658721999998,-9.056212419999952],[117.05657397999994,-9.056318],[117.05655671,-9.056455619999895],[117.05657196000016,-9.056802749999918],[117.05662538000013,-9.057253839999873],[117.05665055000009,-9.05738944999996],[117.05670927999995,-9.057705879999958],[117.0567404300001,-9.05788301999985],[117.0567855700001,-9.05813978999987],[117.05680084999995,-9.058660519999876],[117.05680084999995,-9.05885122999996],[117.0567381300001,-9.058939189999933],[117.05662538000013,-9.059097299999905],[117.05629731,-9.05939006999995],[117.05607606,-9.059618959999852],[117.05586241000003,-9.059786809999935],[117.05558013999996,-9.059940329999904],[117.0554022,-9.060027149999883],[117.05510711000011,-9.060171119999893],[117.05459595000013,-9.060432429999935],[117.05429455,-9.060571099999947],[117.0538787800001,-9.060762389999923],[117.05381060000013,-9.060788789999947],[117.05356597000014,-9.060883529999955],[117.05356515000005,-9.060883629999864],[117.05353371000012,-9.060887559999856],[117.05328369000006,-9.060918809999862],[117.05226899000013,-9.06114386999991],[117.05216818999997,-9.061207319999937],[117.05204775000016,-9.061283129999879],[117.05184307000002,-9.061516079999933],[117.05183410000006,-9.061526299999855],[117.05183191000003,-9.061538079999934],[117.05175019,-9.06197833999994],[117.05170986000007,-9.062106409999899],[117.05167391000009,-9.062220569999909],[117.05162811000002,-9.062544819999914],[117.05162811000002,-9.062635569999884],[117.05162802099994,-9.06279145699989],[117.05162784000004,-9.06279036199993],[117.05162455000004,-9.062789891999955],[117.04433912000002,-9.061565301999906],[117.0346510500001,-9.060298711999906],[117.03464863600004,-9.060302552999929],[117.03429326000014,-9.060255869999935],[117.03002363999997,-9.05876155999988],[117.02959818,-9.05833218999993],[117.02935753999998,-9.05817068999994],[117.02878939000004,-9.058008869999867],[117.02845432000004,-9.057948059999944],[117.02821537,-9.05787587999987],[117.02781961000005,-9.057832159999919],[117.02753596000002,-9.057773569999938],[117.02710047999994,-9.057666749999896],[117.02605712000013,-9.05750415999995],[117.02519854000013,-9.057264729999872],[117.02456617999997,-9.056931739999925],[117.02409359,-9.0565575],[117.02363252999999,-9.056112819999953],[117.02352071999996,-9.055695439999852],[117.0234073900001,-9.055526499999928],[117.02329406000013,-9.05532],[117.02312408,-9.055094729999894],[117.0229352,-9.054831919999913],[117.02272744000015,-9.054512799999884],[117.02236859000004,-9.054156139999861],[117.02200973000004,-9.053668059999893],[117.02183974000002,-9.05338646999985],[117.02153755000006,-9.052992259999883],[117.02093314000012,-9.051941],[117.02047977999996,-9.051227659999938],[117.02008326999999,-9.05072080999986],[117.01996989999998,-9.050533079999866],[117.01985657000012,-9.050213949999943],[117.01970546999996,-9.049782189999917],[117.01917282,-9.049021509999932],[117.01824174,-9.048586029999854],[117.0178583600001,-9.048477159999948],[117.01731067000014,-9.048422739999864],[117.01676298000007,-9.048205],[117.01599620000002,-9.04744283999986],[117.01544849000004,-9.046789569999817],[117.01468169999998,-9.045918519999873],[117.01325769000016,-9.044666399999926],[117.01150508,-9.043033199999911],[117.00827376000007,-9.041236699999956],[117.00618481000004,-9.040830459999881],[117.00615205999998,-9.040824119999911],[117.00599922000015,-9.040794569999946],[117.00575446000016,-9.040746759999877],[117.0041114600001,-9.040746769999885],[117.00071848000005,-9.040515389999939],[117.00000000000011,-9.040358839999953],[116.99138751999999,-9.038469979999888],[116.98114451000015,-9.033804079999925],[116.97641138000006,-9.03116818999996],[116.97632879000014,-9.031122189999905],[116.97629985000003,-9.031106099999874],[116.97407944999998,-9.029869489999896],[116.97393937000015,-9.029769009999939],[116.97350010000002,-9.029681529999891],[116.97325041,-9.02962645999986],[116.97299536000003,-9.02946111999995],[116.97296773000005,-9.02943659999994],[116.97268853000003,-9.029139099999952],[116.97264915999995,-9.029079819999936],[116.97239855999999,-9.028694749999943],[116.97206300000016,-9.028264809999882],[116.97196812000004,-9.028175659999874],[116.97175656000002,-9.027978399999938],[116.971632,-9.027877639999929],[116.97117915000001,-9.027573799999914],[116.97085040000002,-9.027401379999958],[116.97070446999999,-9.027327309999862],[116.97020602999999,-9.027059529999917],[116.96976190999999,-9.026855259999877],[116.96953694000001,-9.026752279999926],[116.96951220999995,-9.026743319999866],[116.96926058000008,-9.026676829999872],[116.96901088000004,-9.026614729999892],[116.96870253000009,-9.026536429999908],[116.96863658999996,-9.026511759999892],[116.96858422000003,-9.026491089999865],[116.9684014400001,-9.026431489999936],[116.96825647000014,-9.026390539999909],[116.96803345,-9.026326299999937],[116.96798399,-9.026297919999877],[116.96779926,-9.026204149999955],[116.96762611999998,-9.026051949999953],[116.96705558000008,-9.025533399999858],[116.96702600000015,-9.025507279999943],[116.96698104999996,-9.025457829999937],[116.96695656000009,-9.025428289999866],[116.96676989000002,-9.025309829999912],[116.96673207000015,-9.025276969999936],[116.96628212999997,-9.02506435999993],[116.96581038000011,-9.024904529999958],[116.96578469000008,-9.024894789999848],[116.96556893000002,-9.024768729999892],[116.96532602000013,-9.02460323999992],[116.96523341000011,-9.024561649999953],[116.96500989000003,-9.024390559999915],[116.96499195000001,-9.024375279999958],[116.96482031000005,-9.024263539999936],[116.96476571799997,-9.024232150999921],[116.96473865000007,-9.024202318999926],[116.96473262800009,-9.02412262699994],[116.96471335800004,-9.024070291999863],[116.96465073299998,-9.024004872999853],[116.96459774200014,-9.023953727999924],[116.96450982500005,-9.023935885999947],[116.96442014700006,-9.02394927399996],[116.96438698200006,-9.023963242999912],[116.96432797,-9.0239763269999],[116.96426534399995,-9.023984652999957],[116.96423041800006,-9.0239763269999],[116.96421837500009,-9.023958484999923],[116.96420633100013,-9.023940643999879],[116.96420512700001,-9.023894255999949],[116.96421235300011,-9.02384073099995],[116.96421837500009,-9.02380623799985],[116.9642124830001,-9.023771325999917],[116.964209944,-9.023763417999874],[116.964168997,-9.023713461999932],[116.96410396299996,-9.023699188999956],[116.96404976700012,-9.023693241999922],[116.963973894,-9.023720598999887],[116.963967218,-9.023748133999959],[116.9639436,-9.023732319999851],[116.96372155000006,-9.023580619999848],[116.96366046000003,-9.023533819999955],[116.95986088000006,-9.018660949999912],[116.95925951000004,-9.01803815999989],[116.95855141000004,-9.017302089999873],[116.95816658000001,-9.016896239999937],[116.95785032000015,-9.016327589999946],[116.95741812000006,-9.015680729999929],[116.95712364000008,-9.01505780999986],[116.95671747000017,-9.014451979999933],[116.95627662000015,-9.013891009999952],[116.95580470000016,-9.01341301999986],[116.95529095000006,-9.012910039999895],[116.95468185999994,-9.012458929999866],[116.95413802000007,-9.012127889999931],[116.95354898000005,-9.011756009999885],[116.95307394999998,-9.011579949999884],[116.95239634000006,-9.011294839999948],[116.95187333000013,-9.011116109999875],[116.95143357000018,-9.010949209999922],[116.95075173999999,-9.010864349999906],[116.95042522000006,-9.010823359999904],[116.94855757000005,-9.010750559999906],[116.94611386999998,-9.00823018999995],[116.94589537000002,-9.00800481999994],[116.94499371000006,-9.00741392999987],[116.943996,-9.007013429999859],[116.94292160999998,-9.006556019999948],[116.94226939000009,-9.006079329999864],[116.94165555000006,-9.005488479999826],[116.93576065000013,-9.000000579999892],[116.93566342000008,-8.999918309999941],[116.93558230000008,-8.999694289999923],[116.93551349000006,-8.999194979999913],[116.93544176,-8.99903001999985],[116.9353134700001,-8.998914659999912],[116.93389489000015,-8.998313159999896],[116.93369030000008,-8.99807804999989],[116.93345524000017,-8.997421499999916],[116.93320925,-8.99656492999992],[116.93289285000014,-8.99614534999995],[116.93113319999998,-8.995019959999922],[116.93099046999998,-8.9949354499999],[116.93079244000012,-8.994808529999887],[116.93024745000014,-8.994463129999929],[116.929913,-8.994232919999888],[116.92976765000003,-8.99411941999989],[116.92960171000016,-8.993995579999876],[116.92957445000002,-8.993979099999933],[116.92914094000002,-8.993739389999917],[116.92908458,-8.993711659999917],[116.92876179999996,-8.993534609999926],[116.92852118000008,-8.993390389999888],[116.92847255000015,-8.993359839999925],[116.92789614000003,-8.992984109999952],[116.92784940000013,-8.992951579999897],[116.92711168999995,-8.992238839999914],[116.92619754999998,-8.991609379999886],[116.92500209000002,-8.991032289999907],[116.92451248000009,-8.990657769999927],[116.92368626000007,-8.990028319999908],[116.92321170000002,-8.989311529999895],[116.92286016000014,-8.988856979999866],[116.92276831000015,-8.98869708999996],[116.92264925000006,-8.98848984999995],[116.92233291000002,-8.987912939999944],[116.92208688000005,-8.987388489999944],[116.92191111000011,-8.987126250000017],[116.92173536999996,-8.986794089999876],[116.92150690000005,-8.986374519999913],[116.92127839,-8.986094789999868],[116.92099714000017,-8.98585],[116.92069831000015,-8.985570259999918],[116.91980446000002,-8.984583839999914],[116.91892557000017,-8.983762079999849],[116.91820480000001,-8.983394840000017],[116.91788839000014,-8.983132569999896],[116.91751926999996,-8.982765399999892],[116.91716774000008,-8.982310839999855],[116.91674589000013,-8.981786339999871],[116.9162537200001,-8.981331749999924],[116.91572614000017,-8.981014259999938],[116.91536222000002,-8.980952909999928],[116.91516651000018,-8.980904749999866],[116.91504213000007,-8.980864859999883],[116.91477598000006,-8.980758199999912],[116.91440083000009,-8.980592229999957],[116.91434778999997,-8.980566619999877],[116.91428896000002,-8.980535419999853],[116.91408208999997,-8.980440939999937],[116.91393213000003,-8.98037617999995],[116.91384245000006,-8.980339939999851],[116.91365104,-8.980266519999816],[116.91360668000004,-8.980250909999938],[116.91315642999996,-8.980129889999887],[116.91313280999998,-8.980125459999954],[116.91287547000002,-8.980117009999958],[116.91269045000013,-8.980131929999857],[116.91232424999998,-8.980153129999849],[116.91211079999994,-8.980172199999913],[116.91210357000011,-8.980172929999867],[116.91173401000003,-8.980202189999943],[116.91126178000002,-8.980217499999924],[116.91097651000007,-8.980225889999929],[116.91061944,-8.980227009999908],[116.91022321000014,-8.98014989],[116.91005258000007,-8.980114619999938],[116.91002588000015,-8.980108249999944],[116.9097999600001,-8.980053419999933],[116.90901312000017,-8.979871839999873],[116.90813408000008,-8.97973178999996],[116.90774734000001,-8.979539409999859],[116.90714966999997,-8.979154699999924],[116.90646413000013,-8.978630119999877],[116.90616531000012,-8.978402799999913],[116.90556763999996,-8.97803556999986],[116.90482930000007,-8.977755699999932],[116.9043547,-8.977371009999956],[116.90393296000013,-8.976601779999896],[116.90351113999998,-8.976094739999951],[116.90309189000016,-8.975702729999853],[116.90265245,-8.9753705],[116.90224819000002,-8.975003299999912],[116.9018263700001,-8.974531229999911],[116.90110562999996,-8.974198919999878],[116.90054310999994,-8.973901599999976],[116.90017402000012,-8.97351693999991],[116.90005102000009,-8.973254709999935],[116.89992805000009,-8.97290506999991],[116.89985782000008,-8.972537969999848],[116.89977001000011,-8.97220583],[116.89959434000014,-8.971698849999939],[116.89924285999996,-8.97120930999995],[116.89892649000012,-8.970894589999943],[116.89862769000013,-8.970579869999938],[116.89822343000003,-8.97023014999985],[116.89799494,-8.96998536999996],[116.89776911000013,-8.96957590999989],[116.89761114999999,-8.96861446999992],[116.89755866999997,-8.967688009999904],[116.89729511999997,-8.967076129999953],[116.89675025999998,-8.966586539999923],[116.89624050000009,-8.966289229999916],[116.895221,-8.965659659999858],[116.89488704000007,-8.965432329999885],[116.89428935000012,-8.965204909999898],[116.89339282000003,-8.964942449999853],[116.89283029,-8.964732529999878],[116.89163070000006,-8.964594229999932],[116.89107333000015,-8.964489329999935],[116.89006916000005,-8.964243419999946],[116.88958181999999,-8.964161019999949],[116.88950521000004,-8.964148079999859],[116.88858891999996,-8.963885849999826],[116.8873481600001,-8.963325139999881],[116.88659232000009,-8.96295782999988],[116.88581881000005,-8.96285270999988],[116.88501010000016,-8.962834979999911],[116.8839552500001,-8.96286960999987],[116.88342781999995,-8.962939369999958],[116.88277727000013,-8.963148929999875],[116.88212675000011,-8.963271079999856],[116.8816344600001,-8.963340839999944],[116.88077296000017,-8.963515359999917],[116.88051691700002,-8.963541390999922],[116.88008730000013,-8.963585069999908],[116.87964776000001,-8.96365483999989],[116.87945435999995,-8.963672259999953],[116.87910275000002,-8.963689629999863],[116.87875111000005,-8.963776909999865],[116.87825883000016,-8.963829189999956],[116.87788961000001,-8.963898989999848],[116.87752039999998,-8.963968789999853],[116.87681714000007,-8.964055959999882],[116.87549851000006,-8.964317719999883],[116.87500006000005,-8.964375389999816],[116.87452022000014,-8.964437079999868],[116.87369048000005,-8.964495719999945],[116.87265337999997,-8.964318579999826],[116.87121563000005,-8.963938919999862],[116.86974645999999,-8.96357318999992],[116.86901193999995,-8.963207699999941],[116.86712122000006,-8.962302109999882],[116.86648553999999,-8.962077119999947],[116.8657651100001,-8.96183804999987],[116.86436658000002,-8.961514459999933],[116.86358968000002,-8.961148949999938],[116.86198157000001,-8.96015913999986],[116.86120474000006,-8.959639109999898],[116.8610686070001,-8.959415726999907],[116.86048089000008,-8.958451329999946],[116.85987756000009,-8.957461309999928],[116.85888754999996,-8.956304829999908],[116.85852754000007,-8.956122089999951],[116.85802334000005,-8.955775179999932],[116.85737023000001,-8.955195689999869],[116.85709354000005,-8.95521729],[116.85678924000013,-8.955140889999882],[116.8565374100001,-8.955011229999911],[116.85651712000003,-8.954994549999924],[116.85625673000015,-8.954780349999908],[116.85595566000006,-8.954524779999872],[116.85573180000006,-8.954426259999877],[116.85532921000015,-8.954331129999957],[116.85467804000007,-8.95419808999992],[116.85445005999998,-8.954139919999932],[116.85408888999996,-8.954047769999931],[116.85354943000016,-8.954019839999944],[116.85319230000005,-8.954063849999955],[116.85296893000009,-8.954181859999949],[116.85274924999999,-8.954383309999912],[116.85240184999998,-8.95476909999985],[116.85233615000004,-8.954933429999926],[116.85229808999998,-8.955269949999888],[116.85227141000007,-8.956688779999865],[116.85218058999999,-8.956877959999872],[116.85173720000012,-8.957489259999932],[116.85152438000011,-8.957645629999888],[116.85124243000007,-8.957731229999865],[116.85107614000015,-8.957714019999855],[116.85089316000006,-8.957623729999852],[116.85066146000008,-8.957394299999919],[116.85028817000011,-8.95706410999992],[116.84964874000013,-8.956616899999858],[116.8494636800001,-8.956619939999939],[116.84926885999994,-8.95667055999985],[116.84899914000005,-8.95682028999994],[116.84878877000006,-8.956999769999925],[116.84847856,-8.957415509999862],[116.84833270000013,-8.957681979999961],[116.84823655000002,-8.95778184999989],[116.84806086000003,-8.957908429999918],[116.84736492000002,-8.958305089999953],[116.84704829000009,-8.958423499999867],[116.84671521000007,-8.958436959999915],[116.84625433999997,-8.958402899999953],[116.84585158000004,-8.958290519999878],[116.84561429999997,-8.958152279999922],[116.84527730000013,-8.957881849999922],[116.84498910200011,-8.957613590999927],[116.84490151000011,-8.957532059999949],[116.84471569000004,-8.957450349999931],[116.8445363400001,-8.957439829999942],[116.84410986,-8.957497199999864],[116.84325802,-8.957736909999937],[116.84287598000003,-8.957873859999893],[116.84255412000005,-8.95800617999987],[116.84223434,-8.958205899999882],[116.84188130999996,-8.958479],[116.84183926000003,-8.958503759999928],[116.84173882999994,-8.95851721999992],[116.84155709000015,-8.958456139999896],[116.84141849000002,-8.95838603999988],[116.84131421999996,-8.95828706999987],[116.84111080000002,-8.958168519999901],[116.84091177000005,-8.957969919999925],[116.84063190999996,-8.957627929999944],[116.8402960300001,-8.956952539999918],[116.84018311,-8.956529],[116.84014435999995,-8.95512405999989],[116.84014539000009,-8.95432406999987],[116.84017313000004,-8.953445089999889],[116.84017885000014,-8.953202309999881],[116.83996613,-8.952629189999868],[116.83984742000007,-8.95244939999992],[116.83966328999998,-8.952304389999938],[116.83942642000011,-8.952215799999863],[116.83907926000006,-8.952191369999923],[116.83871453999996,-8.952242909999882],[116.83835274,-8.952279679999947],[116.83807031000015,-8.952252519999888],[116.8378864,-8.952187399999957],[116.83702884000013,-8.951552509999885],[116.83673011000008,-8.951363019999917],[116.83643138000002,-8.951192739999954],[116.83606888000008,-8.950858709999864],[116.83561393000014,-8.950503849999905],[116.83429105000005,-8.949806159999923],[116.83357414000011,-8.949651479999886],[116.83317847,-8.949639859999934],[116.8326725600001,-8.94972329999996],[116.83234017999996,-8.949759829999891],[116.83210629999996,-8.949741449999863],[116.83161788000007,-8.949612859999888],[116.83101610999995,-8.949385499999892],[116.83047414000009,-8.94913417999993],[116.8302828200001,-8.949002769999936],[116.83008496000002,-8.948844589999908],[116.82945560999997,-8.948453249999943],[116.82910904000016,-8.948159569999916],[116.82879702000002,-8.94792323999991],[116.82845658999997,-8.947636369999941],[116.82822698999996,-8.947470029999863],[116.82819903999996,-8.947455079999884],[116.82751767000002,-8.947004259999915],[116.82669167999995,-8.946553249999852],[116.82621641000003,-8.946331429999816],[116.8254628300001,-8.946292299999868],[116.82516869000005,-8.946330469999907],[116.82464172000016,-8.946435019999853],[116.82439908000015,-8.94649082999996],[116.82349470000008,-8.946714779999922],[116.82313685999998,-8.946800959999848],[116.82295895000004,-8.946868329999916],[116.82216695,-8.947242909999943],[116.82212628000002,-8.947256589999881],[116.82198627000002,-8.947178759999929],[116.82096903000001,-8.94661235999996],[116.82035615999996,-8.946112699999901],[116.81891823,-8.945095219999928],[116.817946,-8.944622079999874],[116.81716868,-8.944214389999956],[116.81616214000007,-8.943871459999855],[116.8153791100001,-8.943574779999892],[116.81440185000008,-8.943329959999915],[116.81322281999996,-8.942937289999918],[116.81207212000004,-8.942481019999889],[116.81111608000015,-8.942045819999862],[116.80998483999997,-8.941643339999871],[116.80863251000017,-8.941061400000024],[116.80663019000008,-8.940572009999869],[116.80431729999998,-8.940414179999948],[116.80136103999996,-8.940390059999913],[116.79907180999999,-8.940460369999869],[116.79760237000005,-8.940573479999898],[116.79500321000012,-8.940537749999862],[116.79178806000004,-8.940413569999919],[116.79053185999999,-8.940350199999898],[116.7901940800001,-8.940333399999929],[116.78924895000011,-8.940285479999886],[116.78649332999998,-8.940215699999953],[116.78428424000015,-8.94035837999985],[116.78241766000008,-8.940617299999872],[116.78229049000004,-8.940622609999878],[116.78178899000011,-8.940643609999938],[116.78185288000009,-8.94061108999989],[116.78185768000014,-8.940605279999943],[116.78188420000015,-8.940514879999853],[116.78183202000014,-8.940203819999851],[116.78177322,-8.939819519999958],[116.78178771,-8.9393327599999],[116.78176585999995,-8.93920114999986],[116.78165036999997,-8.938512209999885],[116.78168112000003,-8.938277979999953],[116.78175763000002,-8.93812227999996],[116.78199405999999,-8.937758289999863],[116.78253794000011,-8.937369289999936],[116.78276628000015,-8.937174279999851],[116.78298470999994,-8.936751399999935],[116.78294859000016,-8.936675439999874],[116.78242924000017,-8.936266659999887],[116.78226507000011,-8.936113849999856],[116.78202786999998,-8.935897019999857],[116.7819090700001,-8.935680989999923],[116.78179196999997,-8.935326089999876],[116.78180083000007,-8.935105129999897],[116.78187292999996,-8.934821939999892],[116.78186760000006,-8.934695949999877],[116.78174047000016,-8.934557169999948],[116.78152361000002,-8.934295559999953],[116.78150187999995,-8.934149019999836],[116.78159182000013,-8.934022799999866],[116.78194924000002,-8.933562699999925],[116.78197082000008,-8.93329254999992],[116.78206325000008,-8.9332],[116.78221828999995,-8.93315758999995],[116.78240583000002,-8.933182599999896],[116.78316393,-8.933353699999941],[116.78409038999996,-8.933444509999902],[116.78439864000006,-8.933401389999858],[116.78459217,-8.933305529999927],[116.78514328999995,-8.932948789999898],[116.78550388999997,-8.932749429999944],[116.78590993,-8.932502189999923],[116.78603476,-8.932481689999918],[116.78636185999994,-8.93252041999989],[116.78677471000015,-8.932544509999957],[116.78702005000002,-8.9324805199999],[116.78736526,-8.932325329999912],[116.78769465000005,-8.932083899999952],[116.78789950999999,-8.931893929999944],[116.78808842000012,-8.931725939999922],[116.78852314000005,-8.931338],[116.78880684000012,-8.931112319999954],[116.78894076999995,-8.931081439999957],[116.78927547000012,-8.931109719999881],[116.78951633999998,-8.931041419999929],[116.78984560000004,-8.930815609999911],[116.78994832,-8.930733019999877],[116.79020542,-8.93052632999985],[116.79046424000012,-8.930281689999958],[116.7904936,-8.930229649999887],[116.79062701999999,-8.929909619999876],[116.79063540000004,-8.929888769999934],[116.79068539000002,-8.929695029999891],[116.79071725000006,-8.929464789999884],[116.79077006,-8.929368139999951],[116.79094681000004,-8.929106709999871],[116.79110571000001,-8.928885449999882],[116.7913533300001,-8.928621199999952],[116.79167736000011,-8.928281049999953],[116.79180010999994,-8.928029139999921],[116.7919972200001,-8.927480619999926],[116.79196510000008,-8.92653547999987],[116.79172728000015,-8.92635319999988],[116.79149813000004,-8.926273789999868],[116.791033,-8.926215789999958],[116.79078816000003,-8.926176219999888],[116.79072601000007,-8.926166179999939],[116.7906125400001,-8.926084319999916],[116.79030312000009,-8.925702069999943],[116.7902372100001,-8.925620799999933],[116.79021103000014,-8.925473229999909],[116.79033096,-8.925298469999916],[116.79051522999998,-8.925133919999894],[116.79073681000011,-8.925035579999928],[116.79078883000011,-8.92499477999985],[116.79087955,-8.92492362999991],[116.79096985000001,-8.924760069999877],[116.79096762999995,-8.924613689999944],[116.79090707000012,-8.92450765999996],[116.79078917000015,-8.924400509999884],[116.79066235999994,-8.924279279999894],[116.79044910000005,-8.923934059999908],[116.79038274000004,-8.923849889999872],[116.79027584000016,-8.923759319999931],[116.79003996000017,-8.923584619999872],[116.78990514999998,-8.923447129999943],[116.78966567000009,-8.922970279999959],[116.78961232999995,-8.922891389999961],[116.78959459000009,-8.922865159999958],[116.78941280000015,-8.922693239999944],[116.78922919000001,-8.922555599999896],[116.78915315999996,-8.92248504999992],[116.78890017000015,-8.922199189999901],[116.78886326999998,-8.922064539999951],[116.78885302000015,-8.921883700000024],[116.78881592000016,-8.921804289999898],[116.78865696000014,-8.921547569999916],[116.78854790000014,-8.921352579999848],[116.78845655000009,-8.921171579999907],[116.78839212000003,-8.921048579999933],[116.78831351999997,-8.920981209999923],[116.78786589000003,-8.920602689999953],[116.78749413000003,-8.920238319999953],[116.78698882000015,-8.919662739999922],[116.7866555600001,-8.919291659999942],[116.78438673000005,-8.918458689999852],[116.78293536000012,-8.917808419999858],[116.78211080999995,-8.917342789999907],[116.78184323000016,-8.916506179999942],[116.78204699000014,-8.914364599999942],[116.78316876000008,-8.91181510999985],[116.78429054000014,-8.909571549999953],[116.78604919700012,-8.90844600999992],[116.78684004000002,-8.90793986999995],[116.78898161999996,-8.90712402999992],[116.79019341000003,-8.906536489999894],[116.79234695000002,-8.905492349999918],[116.79479447000006,-8.903758699999855],[116.79601823000007,-8.902840879999928],[116.79724199000009,-8.900189399999931],[116.79856773000017,-8.897333959999912],[116.79887367000003,-8.895906239999931],[116.79887367000003,-8.894886449999944],[116.79887367000003,-8.893458729999907],[116.7985149000001,-8.892199909999931],[116.79826179000008,-8.891317149999907],[116.79753139000002,-8.890294799999879],[116.79724199000009,-8.889889429999926],[116.79571228999998,-8.888359729999934],[116.79438655000001,-8.88795180999989],[116.79299131000005,-8.887253819999898],[116.79234695000002,-8.886932009999896],[116.79163309,-8.88662606999992],[116.79057183199996,-8.886019639999915],[116.78742912900009,-8.884424021999905],[116.78675722000014,-8.88408287999988]]]]}}]}